RAJ2000	e_RAJ2000	DEJ2000	e_DEJ2000	pmRA	e_pmRA	pmDE	e_pmDE	Vmag	Imag	V-I	Lambda	WF
deg	mas	deg	mas	mas/yr	mas/yr	mas/yr	mas/yr	mag	mag	mag	 	
-----------	-----	-----------	-----	-----	-----	-----	-----	-----	-----	-----	------	-
168.3551962	  2.5	+22.1485758	  2.5	-0.34	 0.36	 0.97	 0.37	25.90	25.26	 0.63	  0.17	2
168.3552438	  3.2	+22.1480854	  3.2	 0.51	 0.36	 0.12	 0.49	25.98	25.41	 0.56	 -0.29	2
168.3553641	  0.4	+22.1512710	  0.7	 0.07	 0.06	 0.05	 0.10	22.84	21.93	 0.91	  0.09	2
168.3553896	  2.2	+22.1492520	  2.2	 0.71	 0.26	-0.79	 0.33	26.02	25.59	 0.43	  0.01	2
168.3553999	  0.7	+22.1519683	  1.4	 0.47	 0.14	 0.07	 0.22	25.17	24.71	 0.46	  0.14	2
168.3554060	  1.1	+22.1473196	  0.7	 0.11	 0.10	 0.01	 0.10	24.52	23.73	 0.80	  0.05	2
168.3554769	  2.2	+22.1465200	  1.4	-0.03	 0.21	 0.34	 0.21	25.38	24.84	 0.55	  0.20	2
168.3555478	  2.5	+22.1454925	  1.8	 0.01	 0.29	 0.52	 0.24	25.39	24.77	 0.63	  0.08	2
168.3555627	  1.8	+22.1502803	  2.2	-0.41	 0.22	 0.26	 0.29	25.45	24.83	 0.62	  0.02	2
168.3555798	  3.2	+22.1513628	  1.8	 1.03	 0.33	 0.69	 0.28	25.80	25.20	 0.60	  0.03	2
168.3556039	  1.1	+22.1465930	  0.7	 0.14	 0.10	-0.12	 0.11	23.88	23.05	 0.82	  0.19	2
168.3556093	  2.9	+22.1532404	  1.4	 0.30	 0.22	 0.08	 0.17	25.84	25.30	 0.54	 -0.13	2
168.3556196	  3.2	+22.1484238	  1.4	 0.48	 0.29	-0.13	 0.23	25.08	24.55	 0.53	  0.16	2
168.3556291	  1.1	+22.1536420	  1.8	 0.01	 0.15	-1.01	 0.24	25.61	25.06	 0.56	  0.10	2
168.3557186	  3.6	+22.1485511	  2.9	-0.29	 0.44	-0.75	 0.38	25.79	25.15	 0.64	  0.26	2
168.3557224	  1.8	+22.1542072	  1.4	-0.21	 0.23	-0.40	 0.22	25.79	25.32	 0.47	  0.20	2
168.3557244	  0.7	+22.1532839	  2.2	 0.41	 0.13	-0.41	 0.30	25.26	24.75	 0.51	  0.09	2
168.3557257	  1.8	+22.1510173	  1.8	-0.34	 0.20	 0.59	 0.25	25.83	25.15	 0.68	 -0.07	2
168.3557325	  1.1	+22.1573483	  1.8	 0.67	 0.14	 0.08	 0.28	25.96	25.49	 0.47	  0.18	2
168.3557424	 17.6	+22.1484209	  3.2	 0.18	 0.82	-0.24	 0.62	26.31	25.93	 0.38	  0.14	2
168.3557639	  4.7	+22.1576100	  3.2	-0.17	 0.47	 0.01	 0.47	26.02	25.56	 0.47	  0.21	2
168.3557778	  7.2	+22.1546306	  1.8	 0.15	 0.53	 0.66	 0.25	25.79	25.36	 0.43	 -0.13	2
168.3557928	  2.2	+22.1559919	  1.1	 0.22	 0.21	-0.41	 0.15	25.39	24.89	 0.49	  0.20	2
168.3558115	  5.4	+22.1458882	  3.2	-0.45	 0.46	 0.94	 0.45	26.23	25.55	 0.67	 -0.06	2
168.3558142	  1.4	+22.1506689	  2.2	-0.35	 0.20	-0.05	 0.32	25.73	25.14	 0.59	  0.04	2
168.3558439	  4.0	+22.1493486	  1.4	-0.39	 0.35	 0.13	 0.21	25.57	25.00	 0.57	 -0.05	2
168.3558618	  1.8	+22.1502249	  2.5	 0.16	 0.27	 0.13	 0.36	25.84	25.28	 0.57	  0.13	2
168.3558700	  3.2	+22.1508991	  1.8	 0.09	 0.33	-0.12	 0.29	25.07	24.52	 0.55	  0.13	2
168.3559401	  0.7	+22.1599891	  1.1	 0.18	 0.12	 0.05	 0.18	24.63	24.03	 0.60	  0.02	2
168.3559407	  6.1	+22.1535192	  1.1	-0.40	 0.37	-0.51	 0.16	25.80	25.23	 0.57	  0.01	2
168.3559675	  5.8	+22.1571473	  2.5	 0.07	 0.45	 0.47	 0.39	26.03	25.58	 0.46	 -0.18	2
168.3560017	  1.4	+22.1602150	  2.5	-1.20	 0.27	-4.19	 0.36	25.17	24.05	 1.12	  0.27	2
168.3560469	  1.4	+22.1517777	  2.5	 0.20	 0.25	-1.07	 0.36	25.95	25.26	 0.69	  0.10	2
168.3560870	  1.1	+22.1483892	  0.7	-0.12	 0.09	-0.03	 0.10	23.82	23.19	 0.63	  0.10	2
168.3560890	  0.4	+22.1585629	  0.4	 0.09	 0.05	-0.04	 0.07	22.88	22.01	 0.87	  0.07	2
168.3560909	  0.7	+22.1471163	  1.4	-0.11	 0.12	 0.13	 0.21	25.05	24.35	 0.70	  0.16	2
168.3560979	  2.2	+22.1576681	  1.8	-0.14	 0.30	 0.14	 0.25	25.43	25.00	 0.43	  0.04	2
168.3561500	  6.1	+22.1601460	  1.4	 0.00	 0.44	-0.01	 0.24	25.45	24.81	 0.63	  0.17	2
168.3561539	  1.4	+22.1609389	  0.7	 0.20	 0.14	-0.36	 0.11	25.36	24.90	 0.47	  0.12	2
168.3561580	  3.2	+22.1564192	  0.4	 0.00	 0.31	 0.15	 0.07	22.21	21.39	 0.82	  0.07	2
168.3561618	  1.4	+22.1548175	  2.2	-0.41	 0.23	 0.33	 0.30	25.07	24.63	 0.44	  0.19	2
168.3561842	  6.8	+22.1549940	  2.2	 0.10	 0.55	 0.46	 0.28	26.07	25.54	 0.53	  0.12	2
168.3561866	  1.4	+22.1473669	  2.2	-0.01	 0.24	 0.67	 0.29	25.36	24.89	 0.46	  0.00	2
168.3562012	  2.2	+22.1495457	  2.9	-0.11	 0.27	 0.29	 0.39	26.05	25.79	 0.26	 -0.06	2
168.3562072	  1.8	+22.1540280	  0.7	 0.10	 0.12	-0.17	 0.08	23.91	23.09	 0.82	  0.06	2
168.3562197	  1.8	+22.1551527	  0.4	-0.02	 0.14	 0.10	 0.08	22.41	21.77	 0.65	  0.12	2
168.3562437	  1.1	+22.1491654	  0.7	-0.15	 0.10	-0.01	 0.10	24.45	24.04	 0.41	  0.09	2
168.3562537	  4.7	+22.1520049	  1.4	-0.28	 0.39	 0.12	 0.21	24.97	24.46	 0.52	  0.04	2
168.3562708	  2.5	+22.1553093	  3.2	-0.04	 0.32	 0.27	 0.46	25.96	25.41	 0.55	 -0.02	2
168.3562824	  1.1	+22.1543170	  0.4	 0.27	 0.10	 0.14	 0.04	20.61	19.48	 1.13	  0.04	2
168.3563050	  7.2	+22.1591700	  1.8	-0.60	 0.41	 0.30	 0.24	26.12	25.78	 0.33	 -0.25	2
168.3563143	  1.4	+22.1610108	  1.4	 0.57	 0.18	-0.11	 0.19	25.24	24.82	 0.43	 -0.09	2
168.3563184	  4.0	+22.1574882	  3.2	 0.56	 0.50	 0.88	 0.52	26.24	25.78	 0.46	 -0.09	2
168.3563216	  3.2	+22.1533339	  1.1	-0.05	 0.27	-0.57	 0.13	25.36	24.86	 0.51	  0.10	2
168.3563301	  2.2	+22.1577736	  2.2	-0.64	 0.22	 0.29	 0.31	25.80	25.44	 0.36	  0.14	2
168.3563380	  0.7	+22.1566848	  0.7	-0.01	 0.09	 0.03	 0.10	24.01	23.18	 0.83	  0.06	2
168.3563475	  2.9	+22.1547560	  3.6	-0.31	 0.42	-1.32	 0.52	25.97	25.43	 0.54	  0.14	2
168.3563585	  2.5	+22.1462466	  5.0	 0.04	 0.46	-1.16	 0.69	26.48	25.74	 0.73	  0.29	2
168.3563730	  0.7	+22.1528895	  0.4	 0.20	 0.09	-0.01	 0.06	22.86	21.95	 0.91	  0.02	2
168.3563843	  1.4	+22.1593935	  0.4	 0.14	 0.09	-0.13	 0.06	23.39	22.54	 0.85	  0.04	2
168.3563929	  1.1	+22.1458745	  1.8	 0.14	 0.15	 0.09	 0.26	25.27	24.72	 0.55	  0.15	2
168.3563981	  0.4	+22.1604512	  0.7	 0.19	 0.05	 0.03	 0.09	23.19	22.32	 0.88	  0.06	2
168.3564171	  3.6	+22.1549490	  2.9	 0.26	 0.44	-0.49	 0.41	25.92	25.26	 0.66	  0.01	2
168.3564327	  0.7	+22.1516914	  0.4	 0.06	 0.08	-0.16	 0.06	23.72	22.88	 0.85	  0.06	2
168.3564372	  6.8	+22.1506532	  3.6	-1.41	 0.66	-0.21	 0.49	25.90	25.48	 0.41	  0.03	2
168.3564406	  4.3	+22.1587792	  5.0	-1.33	 0.57	-0.47	 0.79	26.81	26.31	 0.50	  0.11	2
168.3564437	  2.9	+22.1564667	  0.7	-0.12	 0.20	-0.09	 0.08	24.38	23.56	 0.82	  0.03	2
168.3564676	  0.7	+22.1639770	  0.7	 0.37	 0.09	 0.32	 0.10	22.66	21.72	 0.94	  0.06	2
168.3564816	  0.4	+22.1581995	  0.7	 0.10	 0.06	 0.21	 0.11	23.36	22.49	 0.87	  0.16	2
168.3564981	  1.8	+22.1601265	  2.5	 0.01	 0.13	-0.48	 0.33	25.86	25.28	 0.59	  0.16	2
168.3565012	  4.3	+22.1461855	  2.9	-0.12	 0.46	-0.06	 0.38	25.96	25.32	 0.64	  0.01	2
168.3565112	  1.4	+22.1452252	  3.2	 0.04	 0.25	 0.97	 0.43	25.98	25.51	 0.47	  0.05	2
168.3565126	  2.5	+22.1579567	  1.1	 0.06	 0.20	 0.74	 0.17	24.97	24.41	 0.56	  0.07	2
168.3565378	  6.8	+22.1608015	  1.1	-0.32	 0.40	 0.16	 0.15	25.62	25.26	 0.36	 -0.18	2
168.3565529	  3.6	+22.1560161	  5.0	-0.30	 0.51	 0.94	 0.76	26.58	25.91	 0.67	  0.20	2
168.3565797	  2.5	+22.1597912	  1.4	-0.36	 0.26	 0.41	 0.21	25.69	25.02	 0.68	 -0.03	2
168.3565912	  3.2	+22.1523045	  0.7	-0.02	 0.19	-0.26	 0.13	25.02	24.54	 0.48	  0.30	2
168.3565920	  1.8	+22.1473988	  1.1	-0.43	 0.17	 0.37	 0.14	24.74	24.26	 0.48	 -0.03	2
168.3566267	  3.2	+22.1650907	  1.4	 0.97	 0.30	 0.76	 0.21	26.18	25.57	 0.61	  0.01	3
168.3566302	  2.9	+22.1578507	  1.4	-0.14	 0.27	-0.20	 0.20	25.24	24.72	 0.52	  0.02	2
168.3566329	  3.6	+22.1455575	  2.2	 0.43	 0.38	-0.86	 0.33	25.61	25.04	 0.57	  0.03	2
168.3566344	  1.8	+22.1622892	  0.7	 0.28	 0.16	-0.38	 0.11	24.38	23.54	 0.84	  0.06	2
168.3566376	  1.4	+22.1570175	  2.9	-0.23	 0.26	 0.54	 0.43	25.35	25.10	 0.25	  0.03	2
168.3566513	  6.8	+22.1591072	  4.3	-1.12	 0.73	 0.00	 0.61	26.68	26.09	 0.59	  0.07	2
168.3566588	  3.6	+22.1508386	  2.2	 0.50	 0.42	-0.03	 0.30	26.29	25.67	 0.62	 -0.03	2
168.3566605	  4.7	+22.1472012	  1.8	-0.28	 0.36	 0.40	 0.24	26.39	25.91	 0.48	 -0.07	2
168.3566710	  1.1	+22.1609771	  1.1	 0.41	 0.13	-0.10	 0.15	24.86	24.28	 0.58	  0.00	2
168.3566753	  1.1	+22.1573290	  1.1	-0.36	 0.15	 0.04	 0.17	24.67	24.04	 0.64	  0.06	2
168.3567043	  0.7	+22.1617384	  0.7	 0.04	 0.09	 0.17	 0.11	24.29	23.50	 0.79	  0.10	2
168.3567153	  1.8	+22.1640798	  2.5	-0.44	 0.25	 0.19	 0.32	26.22	25.64	 0.59	 -0.01	2
168.3567255	  2.2	+22.1498640	  1.4	 0.02	 0.22	-0.60	 0.24	25.47	25.13	 0.34	  0.04	2
168.3567260	  0.7	+22.1680044	  1.1	 0.17	 0.10	 0.19	 0.13	24.66	23.83	 0.83	  0.09	3
168.3567277	  0.7	+22.1584316	  0.4	 0.07	 0.09	 0.08	 0.06	22.24	21.47	 0.77	  0.07	2
168.3567428	  5.8	+22.1574218	  1.1	-0.01	 0.36	 0.43	 0.16	25.59	25.11	 0.48	  0.17	2
168.3567470	  2.2	+22.1515109	  0.7	-1.31	 0.16	-1.09	 0.11	24.61	23.88	 0.73	  0.29	2
168.3567691	  3.6	+22.1556815	  0.7	-0.33	 0.26	-0.37	 0.12	24.89	24.33	 0.56	  0.17	2
168.3567762	  4.3	+22.1457834	  1.4	-0.13	 0.33	 0.18	 0.20	26.33	25.56	 0.77	  0.00	2
168.3567773	  3.6	+22.1541158	  1.1	-0.82	 0.31	 0.28	 0.18	25.02	24.51	 0.51	  0.29	2
168.3567886	  0.4	+22.1476101	  0.7	 0.04	 0.06	-0.02	 0.10	22.27	21.47	 0.80	  0.06	2
168.3568089	  6.8	+22.1554972	  1.1	 0.45	 0.47	 0.06	 0.17	25.84	25.36	 0.48	  0.23	2
168.3568199	  5.4	+22.1465480	  2.9	-0.41	 0.50	 0.50	 0.41	26.20	25.93	 0.26	  0.11	2
168.3568453	 14.0	+22.1635352	  0.7	 0.58	 0.62	 0.66	 0.08	25.40	24.79	 0.60	 -0.05	2
168.3568472	  2.9	+22.1592664	  1.4	 0.54	 0.29	-0.59	 0.21	25.77	25.08	 0.70	  0.14	2
168.3568479	  0.7	+22.1486119	  1.1	-0.07	 0.13	-0.60	 0.16	24.37	24.31	 0.07	  0.16	2
168.3568504	  5.4	+22.1537079	  2.5	 1.40	 0.53	-0.21	 0.39	26.55	25.51	 1.04	  0.25	2
168.3568601	  4.7	+22.1608888	  2.5	 0.22	 0.47	-0.68	 0.37	25.84	25.23	 0.61	 -0.17	2
168.3568776	  0.4	+22.1491563	  0.4	-0.10	 0.05	 0.01	 0.05	22.54	21.81	 0.73	  0.04	2
168.3568967	  0.7	+22.1478514	  1.1	 0.26	 0.13	 0.15	 0.18	24.61	23.87	 0.73	  0.28	2
168.3569037	  1.1	+22.1520233	  0.4	-0.22	 0.08	 0.07	 0.03	23.55	22.69	 0.85	  0.14	2
168.3569203	  2.2	+22.1616184	  1.4	 0.11	 0.21	-0.17	 0.17	25.29	24.80	 0.49	  0.11	2
168.3569208	  2.5	+22.1631472	  1.4	-0.49	 0.24	-0.19	 0.23	25.54	25.08	 0.47	  0.25	2
168.3569244	  2.5	+22.1508583	  0.7	 0.15	 0.25	 0.25	 0.11	25.26	24.68	 0.58	  0.11	2
168.3569247	  1.1	+22.1546535	  1.4	-0.01	 0.15	 0.03	 0.19	24.79	24.26	 0.53	  0.01	2
168.3569254	  2.2	+22.1540876	  1.4	 0.34	 0.19	 0.46	 0.23	25.79	25.27	 0.52	 -0.04	2
168.3569295	  1.1	+22.1479261	  0.7	 0.16	 0.14	-0.11	 0.11	24.19	23.41	 0.78	  0.10	2
168.3569337	  3.6	+22.1613409	  0.7	 1.10	 0.27	-0.42	 0.10	25.16	24.66	 0.51	  0.09	2
168.3569695	  3.2	+22.1514032	  2.9	 0.26	 0.35	 0.01	 0.43	25.96	25.53	 0.43	 -0.20	2
168.3569774	  2.2	+22.1518696	  1.4	-0.21	 0.22	 0.12	 0.18	24.99	24.43	 0.56	  0.16	2
168.3569797	  0.7	+22.1473151	  1.1	-0.01	 0.11	 0.02	 0.13	24.25	24.27	-0.02	 -0.01	2
168.3570082	  1.8	+22.1593436	  2.2	-0.87	 0.23	-0.90	 0.30	25.58	25.24	 0.34	  0.10	2
168.3570104	  1.4	+22.1566810	  2.5	 0.54	 0.18	-0.54	 0.38	25.80	25.26	 0.53	 -0.01	2
168.3570197	  0.7	+22.1481596	  0.4	-0.14	 0.07	 0.08	 0.07	22.39	21.58	 0.81	  0.05	2
168.3570245	  1.1	+22.1615257	  2.2	-0.06	 0.18	-0.25	 0.31	25.66	25.23	 0.43	  0.26	2
168.3570310	  1.1	+22.1557292	  1.8	 0.12	 0.19	 0.13	 0.24	25.29	24.89	 0.40	  0.05	2
168.3570508	  1.4	+22.1562789	  0.7	-0.12	 0.14	 0.01	 0.11	24.86	24.71	 0.14	  0.16	2
168.3570573	  4.3	+22.1568519	  2.2	 0.50	 0.37	 0.62	 0.27	26.14	25.28	 0.86	 -0.01	2
168.3570707	  1.1	+22.1621830	  3.2	 0.70	 0.23	 0.03	 0.48	26.06	25.47	 0.59	 -0.14	2
168.3570742	  5.0	+22.1494860	  0.7	 0.08	 0.29	-0.39	 0.11	25.24	24.71	 0.53	  0.07	2
168.3570835	  1.8	+22.1474063	  1.1	-0.29	 0.19	-0.37	 0.16	25.08	24.39	 0.68	  0.27	2
168.3570960	  0.7	+22.1633179	  1.4	 0.25	 0.13	 0.05	 0.21	25.26	24.66	 0.60	  0.10	2
168.3571010	  2.2	+22.1681399	  1.4	 0.29	 0.22	-0.10	 0.19	24.21	24.02	 0.19	  0.04	3
168.3571110	  1.1	+22.1549622	  1.1	-0.20	 0.10	-0.04	 0.14	24.16	24.09	 0.07	  0.19	2
168.3571166	  4.0	+22.1717463	  1.1	-0.47	 0.26	 0.53	 0.15	25.29	24.79	 0.50	  0.09	3
168.3571239	  1.8	+22.1539898	  1.8	-0.53	 0.22	-0.26	 0.22	25.51	24.99	 0.53	 -0.02	2
168.3571542	  1.8	+22.1543360	  0.4	 0.14	 0.13	 0.06	 0.05	23.98	23.14	 0.84	  0.08	2
168.3571610	  0.4	+22.1698891	  0.4	 0.12	 0.04	 0.19	 0.06	20.31	19.14	 1.17	  0.04	3
168.3571652	  5.4	+22.1709766	  2.9	 0.92	 0.52	 0.07	 0.40	26.33	25.75	 0.59	 -0.08	3
168.3571838	  1.8	+22.1743360	  4.0	 1.37	 0.30	 0.65	 0.58	26.07	25.50	 0.57	  0.24	3
168.3571850	  1.4	+22.1549161	  1.1	-0.47	 0.22	-0.01	 0.18	25.06	24.33	 0.73	  0.14	2
168.3571977	  1.4	+22.1512194	  1.1	 0.07	 0.16	 0.02	 0.16	24.92	24.16	 0.76	  0.20	2
168.3572049	  0.7	+22.1535356	  2.2	-0.29	 0.18	-0.88	 0.29	25.14	24.59	 0.56	  0.20	2
168.3572183	  2.5	+22.1466298	  4.3	 1.28	 0.34	-1.37	 0.70	25.37	24.88	 0.49	  0.16	2
168.3572221	  2.5	+22.1694991	  1.1	 0.04	 0.23	 0.27	 0.18	25.09	24.62	 0.47	 -0.15	3
168.3572265	  4.3	+22.1475580	  1.1	-0.70	 0.32	 1.00	 0.13	25.65	25.13	 0.52	  0.18	2
168.3572327	  2.2	+22.1473000	  1.1	-0.11	 0.18	-0.25	 0.15	25.16	24.76	 0.40	 -0.06	2
168.3572371	  0.7	+22.1508498	  0.4	-0.14	 0.08	-0.08	 0.05	22.35	21.51	 0.84	  0.04	2
168.3572464	  2.2	+22.1745642	  2.5	-0.60	 0.26	 0.38	 0.37	25.50	24.94	 0.56	  0.14	3
168.3572550	  2.2	+22.1545637	  2.5	 0.38	 0.30	-0.10	 0.35	25.78	25.30	 0.49	 -0.13	2
168.3572600	  2.9	+22.1655932	  1.1	 0.43	 0.24	-0.02	 0.17	25.38	24.73	 0.64	  0.05	3
168.3572611	  1.4	+22.1664486	  0.7	-0.14	 0.14	 0.02	 0.11	25.35	24.76	 0.59	  0.07	3
168.3572615	  1.4	+22.1457083	  1.1	-0.19	 0.17	 0.19	 0.15	24.48	23.64	 0.84	  0.19	2
168.3572630	  1.4	+22.1609088	  1.8	 0.09	 0.23	 0.11	 0.26	25.21	24.60	 0.61	  0.12	2
168.3572672	  9.4	+22.1517281	  2.9	-1.56	 0.75	-0.12	 0.38	26.50	25.89	 0.60	 -0.04	2
168.3572689	  0.4	+22.1521311	  0.7	-0.05	 0.08	 0.08	 0.11	22.35	21.37	 0.98	  0.04	2
168.3572877	  1.8	+22.1582859	  1.1	-0.21	 0.19	 0.31	 0.16	24.65	24.08	 0.57	  0.04	2
168.3572978	  0.7	+22.1683176	  0.7	 0.19	 0.09	 0.19	 0.10	23.90	23.10	 0.80	  0.04	3
168.3573008	  4.3	+22.1488042	  1.1	-0.01	 0.32	 0.14	 0.15	25.54	25.09	 0.45	  0.06	2
168.3573014	  1.8	+22.1564267	  1.1	 0.38	 0.19	 0.73	 0.15	25.28	24.81	 0.47	  0.13	2
168.3573017	  2.5	+22.1573851	  1.4	 0.54	 0.25	-1.33	 0.22	25.57	25.14	 0.42	  0.17	2
168.3573034	  1.8	+22.1497822	  5.4	-0.96	 0.35	-0.68	 0.70	26.43	25.60	 0.83	  0.17	2
168.3573162	  1.1	+22.1505871	  1.8	 0.10	 0.15	-0.31	 0.25	25.20	24.81	 0.39	 -0.10	2
168.3573426	  7.2	+22.1579811	  1.4	-1.50	 0.51	-0.41	 0.23	25.91	25.48	 0.43	 -0.18	2
168.3573486	  5.8	+22.1696128	  2.5	 0.84	 0.55	 0.04	 0.37	26.30	27.07	-0.77	 -0.01	3
168.3573543	  7.6	+22.1546998	  0.4	 0.12	 0.48	-0.21	 0.06	24.68	24.28	 0.40	  0.13	2
168.3573581	  0.7	+22.1581671	  1.8	-0.25	 0.12	-0.14	 0.24	24.79	24.25	 0.54	  0.21	2
168.3573635	  3.2	+22.1685589	  1.1	 0.23	 0.23	-0.02	 0.15	25.04	24.39	 0.65	  0.29	3
168.3573798	  1.1	+22.1460506	  2.9	-0.12	 0.12	 0.45	 0.37	25.74	25.30	 0.43	 -0.03	2
168.3573827	  5.4	+22.1531559	  2.5	 0.34	 0.45	-0.44	 0.35	26.15	25.88	 0.27	 -0.02	2
168.3573977	  0.0	+22.1693145	  0.7	 0.05	 0.04	-0.28	 0.07	21.95	20.96	 0.98	  0.05	3
168.3574022	  1.4	+22.1706772	  4.7	-0.17	 0.29	 0.89	 0.65	26.21	25.70	 0.51	  0.15	3
168.3574110	  1.1	+22.1565909	  1.1	-0.20	 0.14	 0.23	 0.15	24.71	24.18	 0.53	 -0.01	2
168.3574214	  1.4	+22.1607242	  1.1	 0.07	 0.18	-0.20	 0.16	25.33	24.91	 0.43	  0.21	2
168.3574335	  3.2	+22.1736454	  2.5	-0.91	 0.40	-0.68	 0.33	25.90	25.40	 0.51	  0.13	3
168.3574478	  0.4	+22.1591082	  0.7	-0.26	 0.08	-0.17	 0.12	24.18	23.67	 0.51	  0.09	2
168.3574536	  0.7	+22.1661242	  0.7	 0.31	 0.08	-0.11	 0.10	24.20	23.45	 0.75	  0.06	3
168.3574781	  0.0	+22.1691558	  0.4	 0.05	 0.02	-0.08	 0.06	21.89	21.19	 0.70	  0.04	3
168.3574783	  1.1	+22.1599896	  1.8	 0.67	 0.15	 0.30	 0.25	24.96	24.47	 0.49	  0.22	2
168.3574854	  0.7	+22.1588194	  0.7	-0.16	 0.08	 0.38	 0.10	24.41	23.66	 0.75	  0.11	2
168.3574878	  2.5	+22.1648304	  1.4	-0.01	 0.23	 0.58	 0.18	24.97	24.47	 0.50	 -0.04	3
168.3575045	  0.4	+22.1711664	  0.7	 0.06	 0.07	 0.05	 0.10	23.43	22.57	 0.86	  0.08	3
168.3575146	  2.2	+22.1615150	  1.1	 0.09	 0.20	 0.48	 0.13	25.35	24.95	 0.40	  0.08	2
168.3575193	  1.4	+22.1472424	  1.1	-0.19	 0.16	-0.43	 0.16	24.95	24.55	 0.40	  0.00	2
168.3575201	  0.7	+22.1620093	  0.4	-0.18	 0.07	 0.00	 0.07	22.29	21.49	 0.79	  0.05	2
168.3575250	  0.4	+22.1491882	  1.1	-0.07	 0.05	-0.30	 0.15	23.90	23.12	 0.78	  0.07	2
168.3575315	  1.4	+22.1457342	  1.4	-0.01	 0.16	 0.02	 0.18	24.76	24.18	 0.58	  0.05	2
168.3575425	  0.7	+22.1516786	  0.7	 0.20	 0.10	-0.05	 0.09	22.91	22.11	 0.80	  0.05	2
168.3575451	  2.5	+22.1637119	  2.2	-0.22	 0.26	-0.27	 0.31	25.23	24.72	 0.51	 -0.01	2
168.3575656	  1.4	+22.1595398	  0.4	-0.06	 0.13	 0.01	 0.07	22.43	21.66	 0.77	  0.04	2
168.3575716	  0.4	+22.1754295	  0.4	 0.08	 0.04	 0.05	 0.07	22.48	21.51	 0.97	  0.03	3
168.3575803	  2.2	+22.1508050	  0.7	 0.12	 0.18	 0.23	 0.11	25.00	24.55	 0.45	  0.03	2
168.3575819	 14.0	+22.1538318	  2.5	-0.62	 0.80	 2.03	 0.43	26.56	26.05	 0.50	 -0.16	2
168.3575913	  2.9	+22.1706077	  2.5	 0.02	 0.33	 0.36	 0.34	25.60	25.11	 0.50	  0.06	3
168.3576085	  5.4	+22.1576107	  2.9	 0.89	 0.56	-1.85	 0.39	26.39	25.85	 0.55	 -0.05	2
168.3576115	  3.2	+22.1544479	  3.2	 0.81	 0.35	-0.65	 0.49	25.48	24.99	 0.49	  0.28	2
168.3576194	  1.4	+22.1761332	  1.1	-0.25	 0.20	-0.36	 0.15	24.73	23.93	 0.81	  0.09	3
168.3576203	  2.5	+22.1611915	  2.2	-0.53	 0.28	-0.36	 0.26	25.78	25.29	 0.49	  0.12	2
168.3576207	  1.8	+22.1666605	  3.6	 0.10	 0.31	 0.16	 0.58	26.15	25.54	 0.61	  0.09	3
168.3576213	  4.3	+22.1696131	  1.4	-0.39	 0.36	 0.52	 0.20	25.41	24.86	 0.55	 -0.01	3
168.3576342	  5.0	+22.1454218	  2.9	 0.36	 0.49	-1.61	 0.43	26.23	25.71	 0.52	  0.14	2
168.3576356	  2.9	+22.1510444	  1.4	-0.78	 0.28	 0.75	 0.18	25.86	25.18	 0.68	  0.00	2
168.3576359	  1.1	+22.1653549	  1.8	 0.51	 0.18	 0.20	 0.24	24.82	24.21	 0.61	  0.12	3
168.3576483	  2.9	+22.1684551	  1.8	 0.19	 0.30	-0.81	 0.23	25.72	25.43	 0.30	  0.01	3
168.3576621	  5.4	+22.1713916	  2.2	-0.56	 0.54	 0.55	 0.30	26.34	25.75	 0.59	  0.11	3
168.3576682	  2.5	+22.1606981	  1.8	-0.09	 0.26	 0.26	 0.23	25.58	25.05	 0.54	  0.03	2
168.3576794	  0.4	+22.1465272	  0.4	 0.11	 0.04	-0.23	 0.05	22.51	21.82	 0.68	  0.04	2
168.3576796	  0.7	+22.1784027	  0.7	 0.12	 0.08	-0.02	 0.10	23.34	22.47	 0.88	  0.03	3
168.3576816	  2.9	+22.1563668	  2.9	 0.29	 0.39	 0.45	 0.41	25.72	25.30	 0.41	  0.14	2
168.3576843	  3.2	+22.1712499	  2.9	 1.01	 0.40	-0.54	 0.38	25.74	25.29	 0.44	 -0.11	3
168.3576891	  1.1	+22.1786539	  1.1	-0.29	 0.12	 0.33	 0.13	25.02	24.41	 0.61	  0.20	3
168.3577026	  3.6	+22.1590044	  1.4	 0.54	 0.29	-0.14	 0.17	25.70	25.07	 0.63	 -0.08	2
168.3577132	  2.9	+22.1807615	  2.9	 0.62	 0.31	-0.71	 0.46	25.62	25.33	 0.29	  0.03	3
168.3577176	  1.8	+22.1541149	  2.2	 0.24	 0.24	-0.60	 0.30	25.34	24.83	 0.51	  0.29	2
168.3577265	  2.5	+22.1678698	  1.4	 0.84	 0.24	-0.36	 0.21	25.20	24.82	 0.38	  0.01	3
168.3577417	  1.4	+22.1690147	  2.2	 0.30	 0.21	-0.44	 0.32	25.87	25.33	 0.54	  0.00	3
168.3577453	  1.1	+22.1674747	  1.8	 0.48	 0.18	-0.27	 0.23	25.44	25.32	 0.11	 -0.13	3
168.3577481	  1.4	+22.1738392	  1.1	 0.37	 0.18	-0.79	 0.17	25.47	25.07	 0.41	 -0.04	3
168.3577538	  0.7	+22.1472350	  2.2	 0.56	 0.13	-0.56	 0.31	25.57	25.00	 0.58	  0.00	2
168.3577541	  0.4	+22.1610207	  0.7	-0.05	 0.07	 0.30	 0.10	22.33	21.37	 0.96	  0.05	2
168.3577554	  1.8	+22.1478341	  1.8	-0.18	 0.21	 0.29	 0.29	25.31	24.90	 0.41	  0.00	2
168.3577589	  5.4	+22.1665466	  3.2	 0.23	 0.58	 0.15	 0.45	26.48	26.17	 0.31	  0.18	3
168.3577637	  2.5	+22.1657792	  4.0	 0.25	 0.46	 0.15	 0.64	26.10	25.50	 0.60	  0.08	3
168.3577740	  0.4	+22.1635045	  0.7	-0.13	 0.06	 0.03	 0.08	23.22	22.38	 0.83	  0.05	2
168.3578003	  1.4	+22.1460124	  2.5	 0.63	 0.24	-0.89	 0.37	25.68	25.15	 0.52	  0.25	2
168.3578049	  2.9	+22.1685391	  3.6	-0.13	 0.36	-1.64	 0.53	26.01	25.38	 0.63	  0.28	3
168.3578139	  1.8	+22.1633615	  0.4	 0.36	 0.12	-0.21	 0.07	23.64	22.83	 0.81	  0.07	2
168.3578201	  1.8	+22.1745630	  6.5	 0.28	 0.44	-0.33	 0.90	26.68	26.12	 0.55	  0.10	3
168.3578312	  0.7	+22.1599206	  1.1	-0.21	 0.10	-0.07	 0.15	24.83	24.25	 0.59	  0.05	2
168.3578331	  0.4	+22.1672579	  0.7	 0.23	 0.05	-0.24	 0.08	23.26	22.43	 0.83	  0.08	3
168.3578378	  0.7	+22.1492201	  1.1	 0.20	 0.11	-0.62	 0.15	24.72	24.14	 0.58	  0.14	2
168.3578393	  3.2	+22.1556977	  1.4	-0.09	 0.28	-0.21	 0.19	26.05	25.47	 0.59	 -0.08	2
168.3578430	  1.4	+22.1724993	  1.4	-0.17	 0.16	 0.23	 0.18	25.10	24.50	 0.60	  0.13	3
168.3578450	  4.3	+22.1768962	  3.2	-0.30	 0.45	 0.01	 0.54	25.66	25.08	 0.58	  0.09	3
168.3578596	  1.4	+22.1630990	  1.1	 0.70	 0.14	-0.14	 0.13	25.15	24.60	 0.55	  0.07	2
168.3578748	  1.8	+22.1559095	  0.7	 0.31	 0.16	-0.11	 0.12	25.14	24.66	 0.48	 -0.02	2
168.3578782	  0.7	+22.1650658	  0.4	 0.40	 0.06	 0.05	 0.03	22.41	21.61	 0.80	  0.05	3
168.3578869	  1.8	+22.1496987	  1.1	 0.03	 0.20	-0.04	 0.26	19.82	18.46	 1.36	  0.08	2
168.3578996	  4.7	+22.1632115	  1.4	-0.07	 0.40	 0.18	 0.23	25.92	25.33	 0.59	  0.05	2
168.3579011	  3.2	+22.1826225	  5.0	 0.74	 0.55	-0.82	 0.72	26.92	26.00	 0.92	  0.05	3
168.3579073	  4.0	+22.1803109	  3.6	-0.28	 0.41	-0.87	 0.53	26.14	25.57	 0.57	 -0.11	3
168.3579106	  0.7	+22.1593265	  2.2	-0.12	 0.16	 0.10	 0.29	24.77	24.12	 0.65	  0.14	2
168.3579138	  2.5	+22.1479504	  1.8	 1.16	 0.27	-0.64	 0.26	25.67	25.29	 0.38	 -0.05	2
168.3579351	  2.5	+22.1607920	  4.7	 0.12	 0.41	 0.68	 0.66	26.89	25.77	 1.12	 -0.17	2
168.3579384	  3.6	+22.1474294	  1.8	 0.65	 0.30	 0.00	 0.25	25.39	24.93	 0.46	  0.19	2
168.3579546	  2.9	+22.1777823	  0.7	 0.25	 0.20	 0.19	 0.11	25.73	25.21	 0.52	 -0.11	3
168.3579578	  1.8	+22.1625775	  2.2	 0.34	 0.30	 0.31	 0.32	25.56	25.08	 0.48	 -0.13	2
168.3579653	  3.2	+22.1827161	  1.4	-2.94	 0.29	-1.47	 0.23	25.90	25.28	 0.62	  0.27	3
168.3579730	  1.8	+22.1484953	  1.4	 0.28	 0.21	-0.53	 0.18	25.73	25.27	 0.45	 -0.16	2
168.3579765	  2.2	+22.1578963	  2.2	-0.12	 0.25	-0.07	 0.26	25.78	25.16	 0.62	 -0.16	2
168.3579795	  6.8	+22.1730416	  2.5	 1.87	 0.56	-2.01	 0.35	26.33	25.70	 0.64	  0.09	3
168.3579811	  1.1	+22.1522378	  2.2	-0.35	 0.18	-0.42	 0.31	25.79	25.30	 0.50	  0.11	2
168.3579834	  2.2	+22.1476304	  0.7	 0.06	 0.17	 0.06	 0.10	24.14	23.31	 0.83	  0.05	2
168.3579923	  4.7	+22.1766673	  2.5	-0.08	 0.55	-0.16	 0.35	26.27	25.79	 0.48	  0.27	3
168.3580046	  3.6	+22.1748558	  1.8	-0.52	 0.32	 0.61	 0.28	25.81	25.49	 0.32	 -0.06	3
168.3580084	  1.4	+22.1779900	  3.2	 0.20	 0.20	-0.31	 0.43	25.58	25.30	 0.28	 -0.03	3
168.3580088	  1.8	+22.1828323	  0.7	 0.40	 0.16	 0.00	 0.13	24.56	23.79	 0.77	  0.14	3
168.3580168	  9.0	+22.1758007	  4.7	 1.45	 0.88	-0.18	 0.75	27.36	26.26	 1.10	  0.06	3
168.3580190	  1.8	+22.1509706	  1.4	-0.15	 0.28	-0.37	 0.20	25.36	24.91	 0.45	  0.14	2
168.3580352	  0.7	+22.1613942	  1.4	 0.38	 0.12	-0.28	 0.19	24.71	24.06	 0.66	  0.24	2
168.3580373	  2.2	+22.1761759	  1.1	-0.05	 0.20	 0.27	 0.13	25.04	24.47	 0.56	  0.03	3
168.3580378	  5.0	+22.1527422	  2.2	 1.44	 0.39	 1.29	 0.27	26.14	25.62	 0.52	 -0.15	2
168.3580378	  2.2	+22.1815009	  2.2	 0.44	 0.28	-0.69	 0.28	25.97	25.46	 0.51	  0.28	3
168.3580379	  3.6	+22.1784033	  1.4	 0.68	 0.33	 0.44	 0.21	25.65	25.03	 0.62	  0.18	3
168.3580456	  7.6	+22.1503307	  2.5	-2.24	 0.66	 0.36	 0.37	25.90	25.54	 0.36	  0.01	2
168.3580525	  1.4	+22.1624295	  1.4	 0.35	 0.19	 0.06	 0.20	24.65	23.76	 0.89	  0.06	2
168.3580576	  1.8	+22.1530314	  2.9	 0.06	 0.21	 0.74	 0.39	26.06	25.33	 0.73	  0.11	2
168.3580608	  4.3	+22.1485896	  1.8	-0.08	 0.37	 0.11	 0.22	26.01	25.53	 0.49	 -0.16	2
168.3580840	  3.2	+22.1508050	  2.2	-0.20	 0.39	-0.12	 0.28	25.48	25.02	 0.45	 -0.10	2
168.3581127	  4.0	+22.1550270	  2.5	-1.92	 0.51	 2.21	 0.41	26.15	25.70	 0.46	 -0.04	2
168.3581248	  2.5	+22.1664860	  1.1	 0.43	 0.24	-0.52	 0.16	25.83	25.40	 0.43	  0.06	3
168.3581315	  2.5	+22.1536969	  1.8	-0.37	 0.28	-1.08	 0.28	26.09	25.75	 0.34	  0.03	2
168.3581329	  3.6	+22.1830178	  1.8	-0.19	 0.33	-0.38	 0.22	25.55	25.00	 0.54	  0.08	3
168.3581375	 10.8	+22.1583188	  2.5	 0.93	 0.68	 0.64	 0.35	25.95	25.46	 0.48	  0.02	2
168.3581397	  3.2	+22.1473309	  2.5	 0.86	 0.39	 0.48	 0.37	25.82	25.16	 0.67	  0.03	2
168.3581402	  2.5	+22.1833733	  1.8	-0.01	 0.25	-0.27	 0.24	25.87	25.11	 0.76	  0.05	3
168.3581420	  1.4	+22.1722903	  1.8	 0.17	 0.19	 0.65	 0.25	24.79	24.29	 0.50	  0.11	3
168.3581529	  2.5	+22.1714501	  1.1	-0.44	 0.17	 0.17	 0.14	25.74	25.14	 0.60	  0.10	3
168.3581605	  0.7	+22.1789037	  0.7	 0.27	 0.08	 0.45	 0.12	24.01	23.26	 0.75	  0.07	3
168.3581638	  1.1	+22.1534008	  1.8	 0.49	 0.20	 0.01	 0.29	25.25	24.71	 0.55	  0.04	2
168.3581701	 23.0	+22.1623584	  1.1	-0.60	 1.51	-0.04	 0.16	25.53	25.05	 0.48	  0.22	2
168.3581772	  2.5	+22.1510614	  1.4	 0.09	 0.30	-0.06	 0.23	25.23	24.48	 0.76	 -0.04	2
168.3581790	  1.1	+22.1818695	  1.8	 0.72	 0.19	-0.38	 0.23	25.34	24.80	 0.54	 -0.05	3
168.3581885	  2.9	+22.1777037	  1.8	 0.37	 0.32	-0.40	 0.27	25.47	24.87	 0.60	  0.02	3
168.3581942	  5.8	+22.1530026	  3.6	 0.48	 0.61	-0.93	 0.52	26.75	26.12	 0.64	 -0.01	2
168.3582057	  8.3	+22.1626572	  0.7	-0.30	 0.51	-0.17	 0.11	25.33	24.80	 0.52	  0.06	2
168.3582084	  1.8	+22.1548939	  1.1	-0.22	 0.19	-0.05	 0.17	24.58	24.57	 0.01	  0.01	2
168.3582203	  0.7	+22.1560188	  0.7	-0.34	 0.10	 0.09	 0.12	24.22	23.39	 0.82	  0.05	2
168.3582395	  0.7	+22.1489513	  0.7	 0.03	 0.09	 0.06	 0.13	24.14	23.33	 0.81	  0.04	2
168.3582431	  3.6	+22.1518559	  2.5	 0.03	 0.46	 0.27	 0.36	25.55	25.03	 0.52	  0.00	2
168.3582626	  1.8	+22.1601118	  2.5	-0.55	 0.28	 0.30	 0.34	25.89	25.30	 0.59	  0.02	2
168.3582631	  3.6	+22.1746219	  1.4	-0.47	 0.32	-0.08	 0.23	25.78	25.34	 0.44	  0.00	3
168.3582704	  2.9	+22.1516896	  1.8	 0.16	 0.29	 0.17	 0.28	25.66	25.15	 0.50	  0.09	2
168.3582710	  0.4	+22.1556978	  0.4	 0.09	 0.05	 0.15	 0.07	22.29	21.35	 0.94	  0.05	2
168.3582817	  0.4	+22.1479016	  0.7	 0.13	 0.07	-0.04	 0.11	22.32	21.51	 0.81	  0.15	2
168.3582823	  1.1	+22.1680447	  0.4	 0.23	 0.10	-0.24	 0.06	23.13	22.26	 0.87	  0.03	3
168.3582899	  7.2	+22.1674574	  1.8	-0.48	 0.43	 0.16	 0.26	26.17	25.81	 0.36	 -0.03	3
168.3583008	  0.7	+22.1631814	  0.4	 0.05	 0.09	-0.18	 0.08	22.35	21.50	 0.85	  0.05	2
168.3583072	  2.5	+22.1731908	  1.4	 0.52	 0.26	-0.12	 0.22	25.27	24.80	 0.47	  0.10	3
168.3583169	  2.9	+22.1638221	  1.4	-0.18	 0.29	 0.09	 0.20	25.09	24.36	 0.74	  0.16	2
168.3583244	  0.4	+22.1611908	  0.4	 0.19	 0.05	-0.05	 0.06	20.42	19.32	 1.10	  0.03	2
168.3583312	  4.3	+22.1536043	  2.2	-0.67	 0.40	-1.26	 0.30	26.12	25.44	 0.69	 -0.08	2
168.3583401	  1.1	+22.1677553	  1.4	 0.04	 0.18	-0.22	 0.21	25.25	24.75	 0.50	 -0.09	3
168.3583410	  2.2	+22.1457245	  1.1	 0.05	 0.22	-0.22	 0.13	24.60	23.80	 0.81	  0.06	2
168.3583427	  1.1	+22.1793967	  1.4	 0.46	 0.16	 0.06	 0.19	24.73	24.07	 0.65	  0.05	3
168.3583458	  2.9	+22.1684221	  1.8	-0.27	 0.31	-0.15	 0.24	25.75	25.47	 0.28	  0.01	3
168.3583498	  6.8	+22.1656074	  2.2	 0.08	 0.61	 0.37	 0.29	26.19	25.44	 0.75	  0.02	3
168.3583506	  0.7	+22.1483471	  0.4	 0.17	 0.06	 0.04	 0.05	22.14	21.18	 0.96	  0.04	2
168.3583547	 10.4	+22.1539217	  4.3	-0.40	 0.95	 0.06	 0.70	26.66	25.83	 0.83	  0.03	2
168.3583776	  1.4	+22.1800787	  2.2	 0.33	 0.23	 0.39	 0.32	25.27	24.85	 0.42	 -0.04	3
168.3583823	  7.6	+22.1745532	  5.8	 1.47	 0.82	-0.83	 0.81	26.43	26.26	 0.17	 -0.46	3
168.3583858	  8.6	+22.1452040	  2.2	 0.02	 0.64	 0.37	 0.28	25.97	25.32	 0.66	  0.10	2
168.3583972	  4.3	+22.1781646	  5.4	 0.13	 0.59	-0.22	 0.74	26.42	25.80	 0.62	  0.15	3
168.3584013	  3.6	+22.1663866	  1.8	-0.04	 0.33	 1.04	 0.23	25.51	25.15	 0.36	 -0.02	3
168.3584197	  5.4	+22.1522409	  1.8	 0.86	 0.47	-0.48	 0.25	26.10	25.71	 0.40	  0.00	2
168.3584205	  2.5	+22.1637288	  3.2	 0.17	 0.38	-0.30	 0.47	26.23	25.64	 0.59	  0.23	2
168.3584240	  1.4	+22.1780567	  2.9	-0.72	 0.29	 0.08	 0.41	25.75	25.29	 0.46	  0.15	3
168.3584476	  0.4	+22.1591099	  0.4	-0.05	 0.04	 0.11	 0.05	21.58	20.60	 0.98	  0.07	2
168.3584605	  0.4	+22.1709048	  0.7	-0.04	 0.07	-0.15	 0.09	24.24	23.42	 0.83	  0.13	3
168.3584670	  0.4	+22.1505654	  0.4	-0.14	 0.06	 0.01	 0.08	23.41	22.52	 0.89	  0.03	2
168.3584848	  0.7	+22.1473221	  0.4	-0.14	 0.08	-0.09	 0.05	21.96	21.15	 0.81	  0.03	2
168.3584918	  1.8	+22.1799147	  2.2	 0.35	 0.25	-0.40	 0.31	25.35	24.91	 0.44	  0.11	3
168.3584927	  0.7	+22.1628167	  0.7	 0.10	 0.11	-0.15	 0.09	24.15	23.37	 0.78	  0.07	2
168.3584975	  1.4	+22.1562222	  1.1	-0.17	 0.16	-0.23	 0.14	24.97	24.45	 0.53	  0.06	2
168.3585025	  2.2	+22.1801992	  4.0	-0.07	 0.34	-0.19	 0.54	26.05	25.56	 0.48	  0.08	3
168.3585043	  0.7	+22.1649062	  0.4	 0.25	 0.07	-0.33	 0.05	22.55	21.67	 0.88	  0.04	3
168.3585053	  0.7	+22.1550174	  0.4	-0.08	 0.08	-0.11	 0.07	23.54	22.65	 0.89	  0.14	2
168.3585139	  1.8	+22.1765168	  2.2	-0.75	 0.21	-1.52	 0.36	25.90	25.28	 0.62	 -0.11	3
168.3585162	  1.8	+22.1675739	  1.1	 0.10	 0.17	-0.02	 0.15	24.81	24.13	 0.68	  0.04	3
168.3585194	  3.2	+22.1666037	  3.6	 0.47	 0.41	-1.41	 0.53	26.75	25.89	 0.86	  0.10	3
168.3585236	  2.9	+22.1757198	  0.7	 0.25	 0.16	 0.98	 0.11	25.07	24.70	 0.38	  0.22	3
168.3585472	  0.7	+22.1702593	  0.4	 0.17	 0.06	-0.09	 0.06	22.38	21.61	 0.77	  0.05	3
168.3585650	  6.8	+22.1836087	  2.9	 0.06	 0.66	 0.30	 0.40	26.38	25.76	 0.61	 -0.04	3
168.3585673	  2.5	+22.1723494	  3.2	 0.14	 0.33	 1.22	 0.51	25.97	25.78	 0.19	  0.14	3
168.3585691	  5.4	+22.1682744	  1.8	 0.74	 0.45	 0.08	 0.25	25.95	25.39	 0.56	  0.08	3
168.3585725	  7.2	+22.1671039	  2.2	-0.53	 0.54	 0.70	 0.29	25.80	25.27	 0.54	  0.19	3
168.3585766	  1.4	+22.1589229	  1.4	-0.21	 0.20	 0.34	 0.21	24.92	24.37	 0.54	  0.09	2
168.3585899	  1.4	+22.1574684	  1.1	-0.09	 0.15	 0.02	 0.15	24.51	23.67	 0.84	  0.06	2
168.3585947	  2.9	+22.1491347	  2.9	 0.40	 0.41	-0.28	 0.43	26.04	25.61	 0.42	 -0.06	2
168.3585952	  2.9	+22.1578915	  2.2	-0.05	 0.34	 0.08	 0.32	25.90	25.48	 0.42	  0.01	2
168.3585982	  1.1	+22.1599672	  1.4	-0.77	 0.18	 0.25	 0.20	25.43	24.82	 0.62	 -0.08	2
168.3586269	  1.4	+22.1602290	  1.1	-0.03	 0.15	 0.43	 0.14	24.91	24.09	 0.81	  0.02	2
168.3586307	  4.3	+22.1496974	  1.4	-0.11	 0.37	 0.02	 0.21	25.73	25.25	 0.48	  0.30	2
168.3586311	  3.2	+22.1477024	  2.2	 0.39	 0.34	-0.33	 0.32	25.77	25.42	 0.35	 -0.19	2
168.3586348	  2.2	+22.1483131	  1.8	 0.19	 0.30	 0.43	 0.27	25.82	25.23	 0.59	 -0.17	2
168.3586371	  0.4	+22.1828700	  0.4	 0.14	 0.04	-0.15	 0.04	23.02	22.11	 0.90	  0.07	3
168.3586393	  0.4	+22.1679971	  0.4	 0.12	 0.04	-0.14	 0.05	20.07	18.95	 1.12	  0.03	3
168.3586405	  1.1	+22.1472338	  1.4	-0.10	 0.15	-0.38	 0.21	24.84	24.25	 0.58	  0.21	2
168.3586437	  5.8	+22.1530597	  3.2	-0.45	 0.52	-4.57	 0.46	26.64	25.84	 0.81	 -0.05	2
168.3586476	  1.1	+22.1739990	  0.4	-0.23	 0.11	 0.13	 0.06	22.43	21.66	 0.76	  0.05	3
168.3586480	  2.9	+22.1511218	  1.4	-0.14	 0.26	-0.13	 0.24	25.37	25.05	 0.33	 -0.09	2
168.3586481	  7.9	+22.1673833	  2.5	 0.16	 0.73	 0.86	 0.35	26.18	25.66	 0.52	 -0.09	3
168.3586498	  4.7	+22.1770160	  1.1	 0.18	 0.19	-0.42	 0.15	25.79	25.43	 0.36	  0.05	3
168.3586535	  1.1	+22.1655980	  0.7	 0.15	 0.10	 0.15	 0.10	24.16	23.29	 0.87	  0.08	3
168.3586721	  1.4	+22.1742517	  0.7	 0.10	 0.10	 0.22	 0.07	24.37	23.57	 0.80	  0.04	3
168.3586872	  1.8	+22.1518782	  2.5	-0.23	 0.18	 0.76	 0.38	25.58	25.16	 0.42	  0.00	2
168.3586899	  2.5	+22.1666787	  0.7	 0.78	 0.20	-0.48	 0.10	24.86	24.15	 0.71	  0.12	3
168.3586937	  0.4	+22.1588383	  0.7	 0.19	 0.06	-0.04	 0.10	22.41	21.98	 0.43	  0.03	2
168.3587007	  4.0	+22.1725825	  2.9	-0.83	 0.41	-0.77	 0.40	25.72	25.35	 0.37	  0.12	3
168.3587162	  1.8	+22.1596091	  1.1	 0.00	 0.17	-0.11	 0.17	25.10	24.56	 0.54	 -0.07	2
168.3587307	  1.4	+22.1726602	  5.4	-1.53	 0.32	 0.15	 0.84	25.86	25.19	 0.67	  0.21	3
168.3587341	  1.8	+22.1697132	  2.2	 0.11	 0.27	 0.47	 0.32	25.59	25.30	 0.29	  0.05	3
168.3587388	  4.7	+22.1738360	  1.8	-0.85	 0.39	 0.39	 0.28	25.97	25.54	 0.43	  0.24	3
168.3587400	  4.0	+22.1475513	  1.4	-0.13	 0.33	 0.19	 0.18	25.06	24.59	 0.47	 -0.01	2
168.3587420	  1.4	+22.1557338	  1.1	-0.19	 0.13	-0.01	 0.16	24.88	24.43	 0.45	  0.07	2
168.3587528	  3.2	+22.1567564	  2.5	 0.62	 0.39	-0.26	 0.40	25.76	25.15	 0.61	  0.24	2
168.3587743	  2.2	+22.1736825	  0.7	-0.15	 0.16	-1.22	 0.09	25.50	25.02	 0.48	 -0.15	3
168.3587766	  1.1	+22.1733324	  2.2	-0.17	 0.15	 0.51	 0.31	25.10	25.13	-0.03	 -0.01	3
168.3587771	  0.7	+22.1497558	  0.7	-0.42	 0.10	-0.09	 0.10	25.47	24.82	 0.65	  0.28	2
168.3587980	  2.9	+22.1797040	  2.9	-0.09	 0.35	 0.90	 0.42	26.00	25.39	 0.61	 -0.04	3
168.3587983	  9.4	+22.1509945	  1.1	 0.37	 0.49	-0.16	 0.14	25.75	25.39	 0.36	 -0.02	2
168.3588000	  0.7	+22.1728040	  1.1	 0.13	 0.09	 0.12	 0.17	24.91	24.29	 0.62	  0.04	3
168.3588123	  4.3	+22.1693857	  1.1	 0.27	 0.24	-0.89	 0.14	25.55	25.05	 0.49	  0.23	3
168.3588233	  0.7	+22.1694972	  1.1	 0.08	 0.09	-0.09	 0.17	24.26	23.82	 0.44	  0.08	3
168.3588237	  1.1	+22.1605353	  1.1	-0.05	 0.12	 0.66	 0.16	25.26	24.80	 0.46	  0.19	2
168.3588251	  7.2	+22.1840656	  2.2	-0.35	 0.56	-1.08	 0.30	26.44	25.88	 0.56	  0.03	3
168.3588298	  2.2	+22.1545923	  1.8	-0.51	 0.27	 0.36	 0.24	25.76	25.29	 0.47	 -0.07	2
168.3588344	  3.2	+22.1571433	  6.5	-0.71	 0.56	-0.19	 0.89	26.12	25.55	 0.57	  0.27	2
168.3588396	  1.8	+22.1567379	  1.4	-0.09	 0.19	-0.45	 0.18	25.19	24.53	 0.67	  0.12	2
168.3588525	  3.2	+22.1463758	  1.4	 0.48	 0.31	-0.05	 0.22	25.82	25.27	 0.55	  0.04	2
168.3588548	  1.4	+22.1536446	  1.8	 0.59	 0.21	-0.18	 0.27	25.71	25.14	 0.56	  0.22	2
168.3588699	  2.2	+22.1769592	  4.7	-0.43	 0.33	 0.21	 0.67	25.98	25.40	 0.58	  0.17	3
168.3588870	  1.8	+22.1664212	  1.4	 0.19	 0.23	 1.14	 0.20	25.17	24.59	 0.58	  0.29	3
168.3588878	  4.7	+22.1660601	  1.8	 0.65	 0.40	 0.87	 0.27	25.99	25.36	 0.62	  0.13	3
168.3588920	  0.7	+22.1717634	  1.8	-0.45	 0.15	-0.04	 0.24	25.79	25.21	 0.57	  0.15	3
168.3588971	  2.5	+22.1806287	  0.7	-0.10	 0.21	 0.31	 0.11	24.20	24.05	 0.14	  0.12	3
168.3588974	  0.7	+22.1459696	  0.4	 0.10	 0.08	-0.04	 0.05	20.79	19.67	 1.12	  0.03	2
168.3589060	  3.6	+22.1616763	  3.6	 0.35	 0.52	 0.02	 0.53	26.45	25.81	 0.64	 -0.04	2
168.3589064	  3.6	+22.1668056	  3.6	 0.10	 0.35	-0.12	 0.53	25.85	25.41	 0.44	 -0.12	3
168.3589106	  4.7	+22.1754374	  1.4	-0.43	 0.40	 0.22	 0.20	25.71	25.39	 0.32	 -0.12	3
168.3589109	  1.1	+22.1599724	  0.7	-0.12	 0.12	 0.23	 0.11	24.52	23.78	 0.74	  0.04	2
168.3589232	 13.7	+22.1749573	  2.5	 1.81	 1.01	 0.06	 0.36	26.40	25.81	 0.59	  0.23	3
168.3589260	  1.8	+22.1559181	  1.1	-0.10	 0.18	 0.02	 0.14	24.74	23.91	 0.84	  0.12	2
168.3589416	  2.9	+22.1659295	  2.2	-0.22	 0.26	-0.01	 0.30	25.79	25.37	 0.42	  0.06	3
168.3589566	  1.1	+22.1588931	  0.4	 0.11	 0.10	 0.19	 0.07	22.31	21.48	 0.83	  0.05	2
168.3589661	  1.4	+22.1602508	  1.4	-0.24	 0.16	 0.39	 0.17	25.46	24.81	 0.65	 -0.10	2
168.3589679	  2.9	+22.1655734	  2.9	 0.02	 0.32	-0.54	 0.43	25.91	25.39	 0.52	  0.28	3
168.3589683	  1.1	+22.1514891	  1.8	-0.22	 0.17	 0.21	 0.28	25.00	24.51	 0.49	  0.12	2
168.3589790	  1.8	+22.1730987	  1.4	-0.42	 0.21	 0.28	 0.21	25.18	24.68	 0.50	  0.04	3
168.3589830	  0.4	+22.1672981	  0.7	 0.14	 0.07	-0.06	 0.10	23.01	22.15	 0.86	  0.04	3
168.3590032	  1.8	+22.1615425	  2.2	-0.13	 0.21	 0.21	 0.32	25.66	25.15	 0.51	  0.01	2
168.3590061	  1.1	+22.1548049	  1.8	-0.32	 0.21	-0.08	 0.30	25.01	24.48	 0.54	  0.01	2
168.3590072	  2.5	+22.1611640	  0.4	 0.40	 0.17	 0.25	 0.09	23.69	22.84	 0.85	  0.07	2
168.3590213	  0.4	+22.1535183	  0.4	-0.23	 0.07	 0.01	 0.06	22.21	21.33	 0.88	  0.08	2
168.3590254	  3.6	+22.1586643	  2.2	-0.16	 0.37	 0.32	 0.32	25.61	25.07	 0.54	  0.08	2
168.3590299	  1.8	+22.1525636	  1.1	 0.14	 0.18	-0.37	 0.16	24.65	24.01	 0.64	  0.26	2
168.3590417	  1.1	+22.1579823	  1.1	 0.19	 0.15	 0.37	 0.17	24.55	24.00	 0.55	  0.08	2
168.3590468	  0.4	+22.1596460	  0.4	 0.20	 0.07	 0.02	 0.06	23.42	22.57	 0.85	  0.08	2
168.3590826	  2.2	+22.1730175	  2.2	-0.29	 0.28	-0.21	 0.31	25.69	25.25	 0.44	  0.18	3
168.3590855	  3.2	+22.1470127	  1.4	-0.27	 0.26	-0.18	 0.18	25.24	24.60	 0.64	  0.06	2
168.3590882	  0.7	+22.1832799	  0.7	 0.02	 0.06	-0.19	 0.08	24.35	23.87	 0.48	  0.08	3
168.3590949	  2.5	+22.1618587	  1.1	-0.14	 0.20	-0.34	 0.15	24.95	24.66	 0.29	 -0.03	2
168.3590971	  6.8	+22.1656846	  1.4	 0.43	 0.48	-0.18	 0.19	25.76	25.28	 0.48	 -0.05	3
168.3590993	  2.2	+22.1667386	  4.3	-1.22	 0.39	 1.30	 0.66	27.22	27.25	-0.02	  0.21	3
168.3591093	  2.5	+22.1519487	  4.0	 0.74	 0.27	-1.24	 0.58	26.18	25.58	 0.60	 -0.02	2
168.3591129	  0.7	+22.1505342	  2.2	-0.01	 0.16	-0.27	 0.35	25.17	24.75	 0.41	 -0.08	2
168.3591329	  2.9	+22.1708055	  2.2	-0.57	 0.23	 0.51	 0.36	25.48	24.95	 0.53	  0.14	3
168.3591333	  0.4	+22.1771169	  2.2	 0.37	 0.07	 0.08	 0.27	25.51	24.92	 0.59	 -0.01	3
168.3591388	  2.5	+22.1478888	  3.2	-0.62	 0.38	 0.00	 0.47	26.02	25.50	 0.52	 -0.11	2
168.3591473	  0.7	+22.1509233	  1.1	-0.31	 0.12	 0.15	 0.18	24.85	24.39	 0.46	  0.04	2
168.3591564	  1.1	+22.1735232	  0.4	-0.07	 0.07	 0.33	 0.05	22.29	21.48	 0.80	  0.07	3
168.3591699	  1.8	+22.1544192	  1.8	-0.06	 0.23	-0.96	 0.26	25.39	24.84	 0.55	 -0.04	2
168.3591720	  2.5	+22.1701367	  2.5	-0.17	 0.28	 0.03	 0.34	26.03	25.54	 0.49	 -0.04	3
168.3591834	  4.0	+22.1468307	  2.2	 0.49	 0.42	-0.04	 0.31	26.13	25.63	 0.50	  0.20	2
168.3591961	  5.0	+22.1555309	  1.8	-0.65	 0.44	 0.41	 0.25	25.76	25.22	 0.54	  0.21	2
168.3592023	  0.7	+22.1483280	  0.7	-0.16	 0.10	 1.23	 0.11	23.57	22.79	 0.78	  0.15	2
168.3592060	  0.4	+22.1460742	  0.7	-0.29	 0.08	 0.34	 0.12	24.79	24.20	 0.58	  0.22	2
168.3592097	  2.9	+22.1552480	  3.2	 0.49	 0.42	-0.10	 0.47	26.25	25.57	 0.68	 -0.01	2
168.3592157	  2.9	+22.1574268	  2.5	-0.09	 0.34	-0.32	 0.33	25.42	24.90	 0.52	  0.03	2
168.3592259	  5.4	+22.1601862	  2.9	 1.98	 0.47	 1.07	 0.35	25.99	25.55	 0.44	  0.08	2
168.3592279	  6.8	+22.1453854	  2.5	 0.25	 0.52	-0.23	 0.33	26.00	25.57	 0.43	  0.07	2
168.3592307	  2.2	+22.1667941	  0.7	-0.03	 0.18	 0.22	 0.10	24.24	24.26	-0.02	  0.10	3
168.3592415	  0.7	+22.1715075	  1.1	-0.27	 0.11	-0.07	 0.15	24.79	24.21	 0.57	  0.03	3
168.3592476	  1.8	+22.1791070	  1.1	-0.01	 0.16	-0.55	 0.15	25.67	25.27	 0.40	  0.00	3
168.3592511	  4.3	+22.1581286	  1.8	 1.06	 0.36	-0.78	 0.27	26.26	25.77	 0.49	 -0.02	2
168.3592517	  2.5	+22.1681247	  2.2	-0.19	 0.20	-0.11	 0.37	25.37	24.92	 0.45	 -0.03	3
168.3592695	  6.1	+22.1717797	  2.9	-0.13	 0.50	 2.37	 0.44	26.32	25.96	 0.36	  0.12	3
168.3592864	  0.7	+22.1749922	  0.4	-0.09	 0.08	 0.17	 0.07	22.49	21.86	 0.63	  0.03	3
168.3592899	  2.9	+22.1689930	  2.9	 0.19	 0.25	 0.16	 0.42	25.84	25.28	 0.56	 -0.12	3
168.3592949	  1.1	+22.1625170	  1.8	 0.07	 0.17	-0.30	 0.23	25.42	24.92	 0.50	  0.12	2
168.3592956	  2.5	+22.1616477	  2.5	-0.31	 0.30	-0.38	 0.38	25.82	25.09	 0.73	  0.15	2
168.3592991	  1.4	+22.1474150	  0.4	 0.17	 0.09	-0.12	 0.06	22.84	21.94	 0.90	  0.10	2
168.3593065	  7.9	+22.1756190	  1.8	-0.87	 0.55	 0.51	 0.23	25.69	25.29	 0.40	 -0.10	3
168.3593067	  0.4	+22.1509302	  1.1	 0.16	 0.07	-0.03	 0.17	24.80	24.26	 0.54	 -0.04	2
168.3593110	  4.3	+22.1793268	  2.2	-0.47	 0.49	 0.06	 0.36	25.49	24.90	 0.59	 -0.01	3
168.3593131	  4.3	+22.1595587	  0.4	-1.65	 0.27	-3.75	 0.07	24.00	23.25	 0.76	  0.21	2
168.3593217	  6.1	+22.1487811	  2.2	-0.21	 0.51	 0.06	 0.32	26.05	25.64	 0.41	 -0.02	2
168.3593308	  4.0	+22.1458900	  1.8	 0.26	 0.36	 0.07	 0.26	25.16	24.55	 0.61	  0.26	2
168.3593492	  4.7	+22.1789047	  2.5	 0.75	 0.45	-0.09	 0.31	25.78	25.24	 0.54	  0.18	3
168.3593501	  0.4	+22.1732151	  1.4	 0.00	 0.11	-0.39	 0.23	24.16	23.46	 0.70	  0.15	3
168.3593589	  1.8	+22.1660304	  1.1	 0.12	 0.12	 0.16	 0.15	25.51	24.95	 0.56	  0.15	3
168.3593593	  3.2	+22.1713808	  1.1	-0.17	 0.22	 0.30	 0.16	25.26	24.69	 0.57	  0.09	3
168.3594030	  4.3	+22.1486432	  2.2	 0.07	 0.44	-0.07	 0.29	25.76	25.23	 0.54	  0.06	2
168.3594042	  1.8	+22.1557718	  1.8	-0.17	 0.22	-0.24	 0.23	25.61	25.17	 0.44	  0.20	2
168.3594082	  1.1	+22.1679415	  5.8	-0.05	 0.31	-0.24	 0.87	26.10	25.61	 0.49	 -0.01	3
168.3594201	  1.4	+22.1683274	  1.1	 0.04	 0.15	 0.00	 0.12	25.04	24.46	 0.58	  0.08	3
168.3594250	  7.6	+22.1689160	  1.4	-0.94	 0.48	 0.38	 0.23	25.88	25.39	 0.49	  0.25	3
168.3594304	  2.9	+22.1664604	  2.9	 0.51	 0.32	 0.78	 0.44	25.76	25.19	 0.57	  0.25	3
168.3594352	  1.1	+22.1544891	  1.1	 0.09	 0.11	-0.03	 0.18	25.15	24.59	 0.56	  0.06	2
168.3594419	  2.9	+22.1465014	  2.2	-0.29	 0.25	 0.16	 0.29	25.84	25.38	 0.46	  0.01	2
168.3594465	  6.1	+22.1658161	  3.2	 0.46	 0.56	 0.59	 0.47	26.37	25.81	 0.56	 -0.12	3
168.3594592	  4.0	+22.1466590	  1.8	-0.48	 0.34	-0.26	 0.28	25.37	24.95	 0.42	 -0.13	2
168.3594648	  4.3	+22.1537291	  0.4	-0.07	 0.25	-0.20	 0.08	24.68	24.10	 0.58	  0.04	2
168.3594654	  0.7	+22.1583596	  2.2	 0.66	 0.13	-0.04	 0.30	25.02	24.53	 0.48	  0.14	2
168.3594799	 10.4	+22.1615892	  2.9	 0.41	 0.74	 1.41	 0.45	26.34	25.85	 0.49	  0.17	2
168.3594968	  4.3	+22.1496194	  1.1	-0.14	 0.32	-0.37	 0.16	25.84	25.17	 0.68	  0.25	2
168.3595004	  3.6	+22.1493772	  2.5	 0.23	 0.37	 0.03	 0.38	25.55	25.04	 0.51	  0.18	2
168.3595011	  0.4	+22.1708031	  0.4	-0.01	 0.06	-0.17	 0.05	22.27	21.34	 0.94	  0.04	3
168.3595019	  2.2	+22.1718801	  1.8	-0.88	 0.22	 0.28	 0.28	25.45	25.20	 0.25	  0.05	3
168.3595048	  0.7	+22.1632151	  0.7	-0.01	 0.07	 0.05	 0.12	23.82	23.04	 0.79	  0.11	2
168.3595050	  6.5	+22.1572013	  2.5	-1.21	 0.52	 0.14	 0.40	26.28	25.79	 0.49	  0.04	2
168.3595086	  1.1	+22.1727579	  2.5	 0.24	 0.17	 1.35	 0.33	25.36	24.85	 0.51	  0.02	3
168.3595126	  3.6	+22.1557852	  1.4	 0.01	 0.23	-0.54	 0.22	25.63	25.02	 0.60	  0.13	2
168.3595172	  1.4	+22.1647844	  1.4	-0.11	 0.20	 0.29	 0.21	25.30	24.73	 0.57	 -0.05	3
168.3595220	  0.7	+22.1628873	  1.1	-0.21	 0.08	-0.02	 0.14	24.71	24.25	 0.47	  0.22	2
168.3595308	  2.2	+22.1463988	  0.4	 0.09	 0.17	 0.07	 0.07	24.11	23.76	 0.35	  0.06	2
168.3595333	  0.4	+22.1732215	  0.4	-0.27	 0.04	 0.33	 0.05	21.82	20.95	 0.87	  0.04	3
168.3595398	  2.2	+22.1595441	  1.4	-0.19	 0.21	 0.00	 0.18	25.02	24.53	 0.49	 -0.07	2
168.3595402	  1.8	+22.1501788	  2.5	-0.54	 0.25	-0.72	 0.34	25.67	25.17	 0.49	 -0.10	2
168.3595474	  0.4	+22.1655675	  1.1	 0.65	 0.03	 0.33	 0.13	24.25	23.40	 0.85	  0.14	3
168.3595486	  0.7	+22.1469640	  1.4	-0.59	 0.13	-0.21	 0.18	25.02	24.57	 0.46	 -0.06	2
168.3595521	  1.8	+22.1601859	  2.5	-0.97	 0.23	-0.53	 0.34	25.88	25.38	 0.50	  0.26	2
168.3595552	  7.6	+22.1758393	  0.4	 0.44	 0.40	-0.05	 0.05	23.53	22.70	 0.82	  0.15	3
168.3595571	  0.4	+22.1625156	  0.4	-0.08	 0.07	 0.15	 0.08	23.55	22.66	 0.89	  0.04	2
168.3595615	  1.1	+22.1506759	  0.4	 0.15	 0.12	-0.04	 0.08	23.76	22.88	 0.89	  0.04	2
168.3595643	  0.7	+22.1581322	  1.4	 0.02	 0.09	-0.02	 0.23	25.01	24.28	 0.73	 -0.03	2
168.3595644	  7.2	+22.1523678	  2.9	 0.80	 0.69	 0.07	 0.44	26.44	25.82	 0.63	 -0.12	2
168.3595717	  2.2	+22.1617238	  1.1	-0.16	 0.21	 0.44	 0.15	25.02	24.22	 0.80	  0.08	2
168.3595718	 14.4	+22.1693032	  1.8	 0.59	 0.97	 0.22	 0.26	25.38	24.80	 0.58	  0.28	3
168.3595774	  1.4	+22.1802329	  0.7	-0.01	 0.10	 0.24	 0.12	24.15	23.40	 0.75	  0.05	3
168.3595790	  0.7	+22.1492172	  2.9	-0.49	 0.17	 0.07	 0.40	25.24	24.81	 0.43	  0.12	2
168.3595790	  5.0	+22.1766086	  1.4	 0.12	 0.33	 0.11	 0.17	25.32	24.86	 0.46	  0.00	3
168.3595833	  1.4	+22.1530186	  0.7	-0.06	 0.16	 0.07	 0.14	24.44	23.84	 0.60	  0.04	2
168.3595850	  1.1	+22.1725756	  1.8	 0.15	 0.19	 0.10	 0.28	25.38	24.98	 0.40	 -0.04	3
168.3595933	  4.0	+22.1495856	  4.7	 1.32	 0.49	 1.00	 0.78	26.17	25.91	 0.26	  0.03	2
168.3596122	  0.4	+22.1757306	  0.4	-0.25	 0.06	-0.13	 0.05	22.57	21.99	 0.58	  0.04	3
168.3596159	  2.2	+22.1462836	  2.9	 1.09	 0.35	-0.80	 0.44	26.65	25.68	 0.97	 -0.16	2
168.3596239	  4.7	+22.1542466	  2.9	 0.05	 0.49	-0.36	 0.44	26.58	26.08	 0.51	 -0.06	2
168.3596303	  6.1	+22.1742402	  1.1	-0.45	 0.36	-0.19	 0.14	25.26	24.72	 0.54	  0.07	3
168.3596315	 10.8	+22.1663963	  0.4	-0.06	 0.50	 0.28	 0.06	25.04	24.59	 0.45	  0.12	3
168.3596363	  3.6	+22.1748342	  1.4	-0.19	 0.32	-0.09	 0.20	25.36	25.08	 0.28	  0.04	3
168.3596370	  0.0	+22.1754369	  0.4	-0.08	 0.02	 0.15	 0.05	21.02	19.93	 1.08	  0.04	3
168.3596426	  7.2	+22.1676521	  4.3	-0.18	 0.75	-0.12	 0.61	26.51	25.77	 0.73	  0.04	3
168.3596742	  5.0	+22.1514341	  0.7	 0.39	 0.32	 0.28	 0.12	25.63	24.99	 0.64	  0.08	2
168.3596756	  2.9	+22.1519792	  3.2	 0.22	 0.26	-0.74	 0.51	26.18	25.85	 0.33	 -0.11	2
168.3596757	  3.6	+22.1474786	  1.4	-0.50	 0.28	-0.06	 0.21	24.93	24.36	 0.58	  0.20	2
168.3596813	  1.4	+22.1670973	  2.2	 0.23	 0.14	-0.57	 0.31	25.00	24.39	 0.61	  0.17	3
168.3596909	  1.4	+22.1692531	  1.1	-0.21	 0.16	-0.01	 0.14	24.92	24.44	 0.48	  0.02	3
168.3596921	  2.9	+22.1518653	  4.7	-1.79	 0.38	-0.46	 0.71	26.39	25.72	 0.67	  0.02	2
168.3596947	  1.8	+22.1807526	  2.2	-0.34	 0.27	 0.10	 0.34	25.69	25.08	 0.61	  0.01	3
168.3597061	  2.2	+22.1557136	  2.2	 0.33	 0.30	-0.24	 0.31	25.63	25.05	 0.58	  0.26	2
168.3597135	  4.0	+22.1596124	  1.4	-0.05	 0.33	 0.22	 0.22	25.27	24.76	 0.51	 -0.08	2
168.3597152	  2.5	+22.1543381	  2.9	 0.70	 0.30	 1.22	 0.41	26.26	25.80	 0.46	 -0.01	2
168.3597313	  1.1	+22.1611483	  1.1	 0.06	 0.12	 0.85	 0.13	26.03	25.48	 0.55	 -0.07	2
168.3597315	  1.4	+22.1554478	  1.8	 0.11	 0.20	-0.73	 0.22	25.60	25.36	 0.25	  0.16	2
168.3597336	  2.2	+22.1805923	  2.2	-0.12	 0.23	-0.03	 0.33	25.31	24.75	 0.57	  0.08	3
168.3597475	  4.0	+22.1527592	  1.4	 0.29	 0.29	-0.36	 0.24	26.46	26.31	 0.15	  0.24	2
168.3597545	  0.7	+22.1763197	  2.2	 0.91	 0.16	-0.14	 0.29	25.48	25.05	 0.43	  0.21	3
168.3597546	  1.4	+22.1701806	  1.8	 0.00	 0.21	 0.25	 0.27	25.66	25.11	 0.55	 -0.02	3
168.3597668	  1.1	+22.1553441	  1.1	-0.10	 0.11	 0.18	 0.16	24.24	23.68	 0.56	  0.15	2
168.3597675	  2.9	+22.1587078	  1.1	 0.10	 0.24	-0.03	 0.17	25.28	24.81	 0.48	  0.01	2
168.3597722	  5.0	+22.1568165	  2.5	-0.48	 0.49	 0.68	 0.38	26.20	25.50	 0.70	 -0.06	2
168.3597770	  2.9	+22.1685454	  3.6	-0.68	 0.35	-0.80	 0.51	26.52	25.92	 0.60	  0.08	3
168.3597783	  1.4	+22.1555653	  0.7	 0.32	 0.14	-0.10	 0.11	24.75	24.20	 0.56	  0.15	2
168.3597839	  3.6	+22.1499636	  1.4	-1.55	 0.34	 1.21	 0.22	26.44	25.93	 0.52	 -0.02	2
168.3598029	  0.4	+22.1469023	  0.4	-0.03	 0.06	-0.04	 0.06	22.75	21.95	 0.80	  0.06	2
168.3598032	  2.2	+22.1733925	  1.4	-0.51	 0.22	-0.11	 0.24	25.10	24.61	 0.49	  0.16	3
168.3598072	  2.5	+22.1560616	  2.2	 0.18	 0.32	 0.03	 0.33	25.53	24.90	 0.63	  0.22	2
168.3598114	  2.9	+22.1649450	  1.1	 0.04	 0.23	 0.28	 0.16	24.91	24.29	 0.62	  0.05	3
168.3598161	  1.1	+22.1477830	  2.2	-0.91	 0.18	 0.30	 0.32	26.07	25.45	 0.63	 -0.26	2
168.3598197	  0.7	+22.1747322	  0.4	-0.14	 0.07	 0.15	 0.04	22.46	21.70	 0.75	  0.06	3
168.3598248	  2.2	+22.1775384	  1.1	-0.28	 0.19	 0.33	 0.18	25.50	25.14	 0.36	 -0.16	3
168.3598285	  5.4	+22.1662312	  1.8	-0.41	 0.50	-0.29	 0.28	26.23	25.73	 0.51	 -0.24	3
168.3598348	  2.2	+22.1585248	  1.1	 0.42	 0.21	 0.53	 0.14	24.86	24.40	 0.46	  0.10	2
168.3598593	  0.4	+22.1817248	  0.7	-0.01	 0.06	 0.19	 0.11	24.35	23.56	 0.78	  0.04	3
168.3598600	  2.2	+22.1559336	  1.4	-0.20	 0.23	 0.28	 0.23	25.52	25.28	 0.25	 -0.09	2
168.3598626	  2.2	+22.1495855	  2.2	-0.50	 0.30	-0.18	 0.32	25.58	25.18	 0.40	  0.05	2
168.3598688	  2.9	+22.1519173	  1.8	-0.32	 0.28	-1.55	 0.26	25.52	24.92	 0.60	  0.27	2
168.3598711	  4.7	+22.1810421	  3.6	-1.48	 0.53	 1.09	 0.49	26.24	25.69	 0.55	  0.02	3
168.3598731	  1.1	+22.1622877	  2.2	 0.07	 0.20	 0.22	 0.31	25.01	24.51	 0.50	  0.13	2
168.3598806	  5.4	+22.1485935	  1.4	-0.04	 0.34	-0.05	 0.17	25.51	25.04	 0.47	  0.06	2
168.3598899	  2.9	+22.1465137	  0.4	-0.14	 0.13	 0.02	 0.06	24.39	23.55	 0.84	  0.06	2
168.3598946	  1.1	+22.1539438	  0.4	 0.05	 0.09	-0.08	 0.06	22.31	21.83	 0.48	  0.04	2
168.3599029	  0.7	+22.1523264	  3.2	 0.19	 0.20	 0.90	 0.45	25.58	24.86	 0.72	  0.28	2
168.3599167	  0.7	+22.1453624	  1.1	-0.04	 0.14	 0.30	 0.17	24.27	23.47	 0.81	  0.10	2
168.3599338	  1.1	+22.1631690	  0.7	 0.51	 0.16	 0.33	 0.13	24.63	23.93	 0.69	  0.11	2
168.3599368	  1.4	+22.1622133	  1.4	 0.19	 0.17	-0.32	 0.20	25.33	24.83	 0.50	  0.25	2
168.3599421	  2.9	+22.1585551	  3.2	-0.60	 0.40	 1.03	 0.42	26.27	25.74	 0.53	  0.02	2
168.3599480	  2.5	+22.1502349	  1.1	 0.62	 0.23	-0.82	 0.15	25.64	25.09	 0.55	  0.06	2
168.3599590	  1.1	+22.1825450	  1.1	-0.04	 0.13	 0.11	 0.16	24.07	23.23	 0.84	  0.05	3
168.3599786	  6.1	+22.1774766	  3.2	 0.20	 0.56	-0.51	 0.50	26.38	25.74	 0.64	  0.12	3
168.3599818	  3.6	+22.1783018	  2.9	-0.72	 0.38	 0.52	 0.38	26.38	25.84	 0.54	  0.11	3
168.3599965	  3.2	+22.1703077	  3.2	-0.80	 0.41	 1.46	 0.45	26.31	25.48	 0.83	 -0.04	3
168.3599989	  0.7	+22.1555004	  1.4	 0.07	 0.12	-0.04	 0.24	24.80	24.23	 0.57	  0.02	2
168.3600010	 11.5	+22.1468512	  5.8	-0.35	 1.20	-0.23	 0.81	27.00	26.00	 1.00	  0.09	2
168.3600089	  5.4	+22.1517752	  0.7	 0.42	 0.35	 0.22	 0.11	25.38	24.79	 0.59	  0.09	2
168.3600159	  0.7	+22.1521579	  0.7	 0.06	 0.08	-0.05	 0.10	24.75	24.00	 0.75	  0.11	2
168.3600170	  5.4	+22.1605198	  2.2	-0.37	 0.48	 0.24	 0.34	26.25	25.77	 0.48	  0.12	2
168.3600175	  0.4	+22.1598312	  0.7	 0.06	 0.07	 0.09	 0.08	21.51	20.52	 0.99	  0.03	2
168.3600209	  1.1	+22.1491274	  0.7	 0.11	 0.12	 0.17	 0.10	24.31	23.41	 0.90	  0.24	2
168.3600243	  1.1	+22.1507713	  0.7	 0.06	 0.13	-0.01	 0.12	24.77	24.03	 0.74	  0.09	2
168.3600274	  0.7	+22.1612685	  0.4	-0.04	 0.09	-0.01	 0.04	21.50	20.55	 0.95	  0.04	2
168.3600440	  0.4	+22.1688502	  0.4	 0.01	 0.06	-0.14	 0.07	21.56	20.76	 0.80	  0.06	3
168.3600455	  0.4	+22.1531732	  0.4	 0.01	 0.07	-0.05	 0.07	22.59	21.96	 0.63	  0.03	2
168.3600487	  5.0	+22.1545644	  1.8	-0.06	 0.45	-0.27	 0.25	25.59	25.07	 0.52	  0.26	2
168.3600492	  0.7	+22.1462968	  1.4	 0.41	 0.12	-0.28	 0.18	25.68	24.93	 0.75	  0.06	2
168.3600515	  2.9	+22.1506032	  1.1	 0.44	 0.23	-0.13	 0.15	25.19	24.73	 0.45	  0.20	2
168.3600558	  5.4	+22.1593354	  2.5	-0.86	 0.56	 0.52	 0.36	26.48	25.75	 0.73	 -0.02	2
168.3600708	  0.7	+22.1811994	  0.4	-0.15	 0.06	 0.02	 0.04	22.24	21.44	 0.80	  0.05	3
168.3600829	  1.8	+22.1708411	  0.7	-0.10	 0.15	 0.03	 0.09	24.99	24.23	 0.76	 -0.01	3
168.3600879	  1.4	+22.1514395	  1.4	 0.09	 0.17	-0.32	 0.20	25.20	24.68	 0.53	  0.18	2
168.3600924	  1.4	+22.1705870	  1.8	-0.39	 0.22	 0.38	 0.27	25.34	24.82	 0.52	 -0.04	3
168.3600969	  1.8	+22.1473796	  1.4	 0.21	 0.21	-0.50	 0.18	24.99	24.40	 0.59	  0.19	2
168.3600974	  1.8	+22.1459990	  1.1	-0.04	 0.17	-0.23	 0.17	24.91	24.33	 0.58	  0.01	2
168.3600995	  0.4	+22.1693146	  0.7	-0.26	 0.07	 0.06	 0.10	22.50	21.69	 0.82	  0.06	3
168.3601052	  3.2	+22.1553452	  1.4	-0.01	 0.31	 0.27	 0.22	25.47	24.92	 0.55	  0.29	2
168.3601165	  1.8	+22.1494727	  1.4	-0.54	 0.22	-0.28	 0.21	25.52	24.97	 0.55	  0.30	2
168.3601315	  1.8	+22.1510716	  1.4	-0.06	 0.12	 0.00	 0.24	25.03	24.41	 0.62	  0.05	2
168.3601321	  1.1	+22.1609460	  0.7	-0.11	 0.12	 0.24	 0.15	24.41	23.56	 0.85	  0.00	2
168.3601356	  1.8	+22.1512290	  2.2	-0.38	 0.26	 0.74	 0.31	25.57	25.06	 0.50	 -0.01	2
168.3601456	  1.1	+22.1819465	  1.8	 0.70	 0.20	-0.70	 0.28	25.45	24.73	 0.72	  0.07	3
168.3601508	  0.7	+22.1647156	  1.1	 0.46	 0.11	-0.18	 0.16	24.60	23.80	 0.80	  0.11	3
168.3601573	  1.1	+22.1555598	  2.2	-0.06	 0.14	-0.02	 0.30	25.72	25.29	 0.43	 -0.18	2
168.3601574	  5.8	+22.1640769	  1.4	-0.09	 0.47	 1.22	 0.21	25.02	24.42	 0.61	  0.30	2
168.3601601	  1.8	+22.1592056	  2.2	 0.07	 0.25	 0.08	 0.29	25.96	25.25	 0.71	  0.22	2
168.3601714	  2.5	+22.1646259	  0.4	-0.08	 0.15	 0.60	 0.07	24.62	23.74	 0.88	  0.25	3
168.3601848	  7.6	+22.1830888	  1.8	 0.75	 0.48	-0.36	 0.22	25.57	25.05	 0.51	  0.21	3
168.3601966	  2.9	+22.1839433	  2.5	-0.98	 0.33	-0.97	 0.36	25.71	25.24	 0.47	  0.01	3
168.3602013	  1.8	+22.1624611	  0.7	-0.19	 0.17	 0.03	 0.12	24.83	24.22	 0.60	 -0.13	2
168.3602130	  4.3	+22.1525374	  1.1	 0.56	 0.31	 0.00	 0.16	25.86	25.23	 0.64	 -0.14	2
168.3602151	  1.4	+22.1602327	  2.5	 0.80	 0.26	-0.09	 0.36	25.49	25.06	 0.43	  0.16	2
168.3602321	  3.2	+22.1678790	  1.8	 0.60	 0.32	 0.55	 0.28	25.61	25.11	 0.50	 -0.10	3
168.3602321	  2.9	+22.1710315	  1.8	 1.02	 0.38	 0.75	 0.24	25.91	25.42	 0.49	 -0.12	3
168.3602527	  5.4	+22.1535864	  2.9	-1.51	 0.59	 0.63	 0.38	25.81	25.12	 0.69	  0.19	2
168.3602529	  1.4	+22.1541048	  0.4	 0.10	 0.09	-0.03	 0.05	21.43	20.36	 1.06	  0.05	2
168.3602529	 13.0	+22.1655819	  2.9	-1.65	 0.94	 0.74	 0.40	25.37	24.73	 0.64	  0.22	3
168.3602537	  4.7	+22.1503613	  1.1	-0.23	 0.31	 0.04	 0.16	25.55	24.92	 0.63	 -0.06	2
168.3602645	  1.8	+22.1692477	  1.8	 0.04	 0.21	 0.27	 0.26	25.86	25.30	 0.56	 -0.05	3
168.3602754	  3.6	+22.1605095	  2.2	 0.00	 0.40	-0.05	 0.31	25.99	25.34	 0.65	  0.19	2
168.3602763	  3.6	+22.1802229	  1.1	-0.31	 0.30	-0.28	 0.16	24.85	24.06	 0.80	  0.29	3
168.3602831	  2.5	+22.1488220	  1.4	 0.23	 0.22	-0.06	 0.18	25.51	24.94	 0.57	  0.01	2
168.3602835	  2.5	+22.1778702	  1.8	 0.01	 0.21	-0.19	 0.29	25.51	24.94	 0.57	  0.01	3
168.3602906	  0.7	+22.1621630	  1.4	-0.35	 0.13	-0.20	 0.20	24.94	24.47	 0.47	  0.12	2
168.3602919	  0.7	+22.1500658	  0.4	 0.16	 0.09	 0.26	 0.06	22.34	21.66	 0.68	  0.09	2
168.3603003	  3.6	+22.1480424	  1.8	 0.67	 0.26	 0.29	 0.29	25.70	25.14	 0.56	  0.06	2
168.3603027	  1.8	+22.1571603	  1.1	-0.43	 0.17	 0.75	 0.16	25.54	24.93	 0.61	 -0.03	2
168.3603143	  2.5	+22.1526271	  3.6	 0.66	 0.37	-0.20	 0.50	25.86	25.32	 0.54	 -0.08	2
168.3603249	  1.1	+22.1569089	  0.7	 0.10	 0.11	 0.26	 0.12	25.10	24.61	 0.49	 -0.06	2
168.3603330	  2.2	+22.1582844	  0.4	-0.14	 0.15	-0.34	 0.07	24.75	24.00	 0.75	  0.08	2
168.3603402	  0.7	+22.1505413	  0.7	 0.07	 0.11	-0.04	 0.12	24.62	23.98	 0.64	  0.19	2
168.3603427	  3.2	+22.1639896	  1.8	-0.19	 0.32	-0.10	 0.29	25.49	24.96	 0.53	 -0.20	2
168.3603581	  1.8	+22.1554144	  1.8	-0.28	 0.21	 0.01	 0.27	25.77	25.28	 0.49	 -0.09	2
168.3603601	  0.7	+22.1684880	  1.4	 0.05	 0.13	 0.08	 0.20	24.93	24.30	 0.63	  0.11	3
168.3603604	  2.5	+22.1538884	  2.2	-0.15	 0.31	 0.20	 0.30	25.54	24.99	 0.56	 -0.11	2
168.3603637	  2.2	+22.1700826	  1.1	-0.49	 0.19	-0.11	 0.15	25.38	24.84	 0.54	  0.02	3
168.3603651	  4.3	+22.1771209	  1.1	 0.11	 0.32	-0.03	 0.17	25.25	24.81	 0.43	  0.05	3
168.3603721	  2.9	+22.1818262	  3.6	 1.22	 0.41	-0.27	 0.49	25.88	25.59	 0.29	  0.14	3
168.3603741	  2.2	+22.1608928	  2.2	-0.17	 0.26	 0.21	 0.32	25.72	25.17	 0.54	 -0.03	2
168.3603780	  1.1	+22.1733746	  1.8	-0.32	 0.19	-0.35	 0.26	25.83	25.34	 0.49	  0.00	3
168.3603866	  1.1	+22.1548714	  0.7	-0.12	 0.12	-1.82	 0.11	24.71	24.23	 0.49	  0.05	2
168.3603876	  0.7	+22.1761432	  1.8	-0.29	 0.14	-0.23	 0.24	25.38	24.89	 0.49	  0.20	3
168.3603879	  2.9	+22.1450800	  5.0	 0.65	 0.34	-0.57	 0.80	26.55	26.11	 0.44	  0.07	2
168.3603920	  4.7	+22.1677711	  2.9	-0.34	 0.45	-0.21	 0.40	26.36	25.52	 0.84	  0.25	3
168.3603996	  2.5	+22.1525057	  2.2	 0.27	 0.25	-0.46	 0.29	25.91	25.50	 0.41	 -0.15	2
168.3604173	  3.2	+22.1611839	  1.4	-0.01	 0.34	 0.02	 0.22	25.78	25.22	 0.56	  0.00	2
168.3604194	  4.7	+22.1803716	  1.4	 0.45	 0.35	-0.44	 0.26	25.79	25.54	 0.25	  0.10	3
168.3604352	  0.4	+22.1681296	  0.4	 0.01	 0.06	-0.30	 0.06	22.25	21.33	 0.92	  0.03	3
168.3604387	  0.7	+22.1708198	  0.7	-0.21	 0.09	 0.03	 0.08	23.52	22.70	 0.83	  0.06	3
168.3604439	  3.6	+22.1653584	  1.8	 0.54	 0.34	 0.22	 0.25	25.84	25.31	 0.53	  0.09	3
168.3604462	  2.2	+22.1569822	  3.2	 1.03	 0.33	 0.32	 0.46	25.78	25.12	 0.66	  0.11	2
168.3604519	  4.7	+22.1711657	  1.1	-0.16	 0.24	-0.37	 0.15	25.31	24.74	 0.57	  0.08	3
168.3604523	  1.1	+22.1476726	  2.2	-0.04	 0.19	 0.05	 0.31	24.98	24.27	 0.71	  0.18	2
168.3604612	  2.5	+22.1629927	  6.1	-1.03	 0.42	-0.68	 0.93	26.52	25.89	 0.64	  0.11	2
168.3604748	  1.1	+22.1792429	  0.4	-0.19	 0.11	 0.07	 0.06	23.36	22.55	 0.82	  0.08	3
168.3604878	  3.6	+22.1786809	  1.4	-0.53	 0.33	 0.31	 0.22	25.92	25.49	 0.43	 -0.06	3
168.3605024	  2.2	+22.1465508	  1.1	-0.55	 0.16	-0.39	 0.17	24.78	24.37	 0.41	  0.04	2
168.3605051	  0.4	+22.1582313	  0.4	-0.18	 0.06	 0.21	 0.08	23.27	22.42	 0.85	  0.05	2
168.3605281	  0.4	+22.1617545	  0.7	 0.31	 0.08	 0.26	 0.12	24.69	24.08	 0.61	  0.12	2
168.3605297	  2.9	+22.1648824	  0.4	 0.05	 0.16	 0.11	 0.04	23.65	22.86	 0.80	  0.10	3
168.3605299	  0.7	+22.1684042	  1.8	 0.14	 0.13	-0.14	 0.24	25.12	24.44	 0.68	 -0.02	3
168.3605386	  0.7	+22.1646439	  1.4	-0.14	 0.12	 0.53	 0.19	25.06	24.69	 0.37	  0.06	3
168.3605501	  1.1	+22.1745317	  1.8	 0.33	 0.18	-0.05	 0.28	25.33	25.02	 0.31	  0.03	3
168.3605534	  2.2	+22.1659455	  0.7	-0.11	 0.18	 0.21	 0.09	25.06	24.57	 0.49	  0.01	3
168.3605596	  7.6	+22.1799766	  1.8	-1.28	 0.52	-0.02	 0.24	25.66	25.27	 0.39	  0.11	3
168.3605735	  0.4	+22.1471682	  1.4	-0.39	 0.07	 0.06	 0.21	24.68	24.19	 0.49	  0.27	2
168.3605753	  9.0	+22.1512956	  1.4	-0.52	 0.56	 0.34	 0.23	26.20	25.77	 0.42	 -0.10	2
168.3605770	  8.6	+22.1656165	  2.2	 1.40	 0.71	-0.61	 0.27	25.16	24.48	 0.68	  0.27	3
168.3605826	  1.8	+22.1713240	  1.1	-0.11	 0.20	 0.01	 0.19	24.40	24.35	 0.05	  0.17	3
168.3605832	  3.2	+22.1647317	  1.1	-0.19	 0.27	 0.65	 0.18	25.17	24.61	 0.55	  0.23	3
168.3605900	  1.1	+22.1461186	  0.7	-0.03	 0.12	-0.32	 0.12	24.72	24.29	 0.42	  0.00	2
168.3605926	  3.2	+22.1680510	  1.4	-0.11	 0.30	-0.58	 0.20	25.59	24.96	 0.62	  0.09	3
168.3606063	  7.2	+22.1665418	  1.8	-0.77	 0.50	 0.86	 0.24	26.19	25.62	 0.57	  0.12	3
168.3606159	  2.2	+22.1525643	  2.2	 1.01	 0.29	-0.48	 0.32	25.69	25.28	 0.41	  0.18	2
168.3606281	  8.6	+22.1519108	  3.6	 0.73	 0.79	-0.53	 0.55	26.33	26.04	 0.29	  0.03	2
168.3606354	  2.2	+22.1449546	  2.9	-0.76	 0.32	-0.58	 0.43	25.92	25.35	 0.57	  0.02	2
168.3606373	  0.4	+22.1777772	  0.4	 0.02	 0.04	 0.14	 0.07	22.95	22.05	 0.91	  0.06	3
168.3606424	  6.8	+22.1798021	  1.4	 0.00	 0.63	 0.26	 0.21	24.98	24.36	 0.62	 -0.01	3
168.3606467	  2.5	+22.1834933	  1.1	-0.04	 0.23	-0.05	 0.14	24.67	24.01	 0.66	  0.13	3
168.3606496	  1.1	+22.1627180	  2.5	 0.58	 0.23	-0.19	 0.32	25.60	25.12	 0.48	 -0.02	2
168.3606602	  2.2	+22.1576647	  1.1	 0.02	 0.24	 0.76	 0.18	25.22	24.68	 0.55	  0.05	2
168.3606612	  6.8	+22.1696392	  5.0	 0.62	 0.68	-0.98	 0.69	26.54	26.06	 0.48	  0.04	3
168.3606613	  2.9	+22.1544464	  2.2	-0.10	 0.34	-0.18	 0.31	25.46	24.71	 0.74	  0.23	2
168.3606670	  1.8	+22.1516177	  1.1	 0.26	 0.18	-0.48	 0.14	25.21	24.73	 0.49	  0.04	2
168.3606820	  0.4	+22.1667116	  0.7	 0.05	 0.09	 0.39	 0.12	24.05	23.46	 0.59	  0.17	3
168.3606837	  1.1	+22.1524371	  0.7	-0.18	 0.10	-0.48	 0.12	24.01	23.96	 0.05	  0.08	2
168.3606946	  0.7	+22.1721216	  0.7	-0.08	 0.08	-0.15	 0.09	24.24	23.43	 0.81	  0.27	3
168.3606952	  1.4	+22.1526213	  1.8	-0.53	 0.18	-0.16	 0.22	24.90	24.67	 0.23	  0.25	2
168.3607008	  0.7	+22.1509664	  0.7	-0.07	 0.08	-0.16	 0.10	23.36	22.51	 0.85	  0.04	2
168.3607035	  1.4	+22.1454582	  1.4	-0.35	 0.17	 0.27	 0.23	24.67	23.85	 0.82	  0.20	2
168.3607090	  1.1	+22.1839470	  0.7	-0.02	 0.11	-0.20	 0.08	22.50	21.52	 0.98	  0.03	3
168.3607154	  3.2	+22.1614262	  1.1	 0.42	 0.25	 0.05	 0.18	25.34	24.90	 0.44	  0.25	2
168.3607164	  0.4	+22.1542770	  1.1	 0.06	 0.07	-0.05	 0.16	23.07	22.19	 0.88	  0.05	2
168.3607385	  2.5	+22.1586391	  1.4	 0.16	 0.27	 0.10	 0.26	25.26	24.71	 0.55	  0.13	2
168.3607386	  4.3	+22.1742585	  1.1	-0.14	 0.32	 0.03	 0.15	24.86	24.32	 0.54	  0.12	3
168.3607508	  5.4	+22.1453472	  1.8	-0.33	 0.49	-0.48	 0.25	25.48	24.95	 0.54	  0.10	2
168.3607556	  1.4	+22.1716758	  1.8	-0.13	 0.22	-0.23	 0.22	25.42	25.05	 0.36	  0.01	3
168.3607653	  2.2	+22.1465521	  4.0	-0.16	 0.32	 0.60	 0.58	26.19	25.48	 0.71	 -0.04	2
168.3607785	  2.9	+22.1646416	  1.4	 0.17	 0.23	 0.39	 0.18	25.15	24.68	 0.47	  0.18	3
168.3607860	  1.1	+22.1625195	  1.1	 0.06	 0.17	 0.20	 0.15	24.62	23.84	 0.78	  0.03	2
168.3607875	  1.4	+22.1733910	  1.8	 0.10	 0.21	 0.96	 0.28	24.84	24.24	 0.60	  0.25	3
168.3607979	  2.5	+22.1704735	  1.8	 0.45	 0.23	-0.93	 0.29	25.72	25.13	 0.58	  0.18	3
168.3608098	  7.2	+22.1689032	  1.8	-0.52	 0.32	 0.76	 0.31	26.13	25.69	 0.44	 -0.15	3
168.3608138	  9.7	+22.1629884	  2.5	-0.22	 0.70	-0.08	 0.39	26.25	25.85	 0.41	  0.18	2
168.3608194	  7.2	+22.1703695	  3.6	-0.78	 0.65	-0.47	 0.52	26.50	26.02	 0.49	  0.02	3
168.3608336	  2.9	+22.1676139	  1.4	 0.94	 0.28	-0.24	 0.20	25.09	24.62	 0.47	  0.03	3
168.3608505	  3.2	+22.1613544	  0.4	 0.26	 0.19	-0.26	 0.07	24.27	23.72	 0.55	  0.27	2
168.3608508	  4.3	+22.1641974	  5.0	-0.94	 0.63	-0.91	 0.77	26.09	26.00	 0.10	  0.09	2
168.3608529	  2.2	+22.1503250	  2.5	-0.18	 0.32	-0.39	 0.33	25.93	25.57	 0.36	  0.15	2
168.3608613	  0.7	+22.1498593	  4.7	-0.59	 0.22	-0.54	 0.70	25.02	24.46	 0.56	  0.15	2
168.3608623	  2.9	+22.1778882	  2.2	-0.99	 0.36	-0.23	 0.29	26.04	25.29	 0.76	 -0.15	3
168.3608693	  2.2	+22.1457307	  0.4	 0.17	 0.15	-0.31	 0.07	24.01	23.16	 0.85	  0.11	2
168.3608717	  2.9	+22.1715578	  2.9	-0.19	 0.42	 0.16	 0.41	26.16	25.56	 0.60	 -0.08	3
168.3608822	  1.1	+22.1515669	  0.7	-0.05	 0.13	-0.32	 0.13	24.77	24.01	 0.76	 -0.01	2
168.3608910	  5.8	+22.1638312	  2.9	 0.46	 0.66	-0.39	 0.44	26.18	25.70	 0.48	  0.22	2
168.3609001	  0.7	+22.1710491	  0.7	-0.08	 0.08	-0.04	 0.11	22.78	21.91	 0.87	  0.04	3
168.3609006	  3.2	+22.1704471	  2.9	 0.11	 0.41	-0.26	 0.40	26.09	25.36	 0.73	 -0.03	3
168.3609060	  1.4	+22.1656967	  1.4	 0.06	 0.19	 0.62	 0.19	25.04	24.61	 0.42	  0.20	3
168.3609070	  3.2	+22.1595470	  2.5	-0.71	 0.38	-0.15	 0.36	25.97	25.40	 0.57	  0.08	2
168.3609360	 11.2	+22.1674845	  1.8	-0.24	 0.77	-0.06	 0.26	25.75	25.27	 0.48	  0.24	3
168.3609371	  2.5	+22.1663286	  1.1	-0.04	 0.23	 0.08	 0.13	24.77	24.62	 0.15	 -0.08	3
168.3609448	  1.1	+22.1513771	  1.4	 0.22	 0.13	 0.03	 0.19	25.40	24.96	 0.43	 -0.07	2
168.3609472	  0.4	+22.1617020	  1.1	 0.09	 0.07	-0.05	 0.13	24.22	23.38	 0.84	  0.09	2
168.3609474	  4.7	+22.1753767	  1.1	-0.14	 0.31	 0.24	 0.16	25.75	25.12	 0.64	 -0.10	3
168.3609507	  1.8	+22.1781467	  1.4	-0.33	 0.21	 0.72	 0.23	25.15	24.75	 0.40	  0.02	3
168.3609605	  1.8	+22.1531138	  1.4	-0.44	 0.21	-0.28	 0.19	25.15	24.74	 0.41	  0.19	2
168.3609651	  2.9	+22.1787598	  6.5	-1.64	 0.45	 0.00	 0.95	26.42	25.87	 0.55	 -0.11	3
168.3609655	  1.8	+22.1695860	  3.6	 0.52	 0.31	-0.63	 0.56	25.86	25.14	 0.72	  0.18	3
168.3609690	  1.1	+22.1695099	  3.2	 1.18	 0.20	-0.61	 0.48	26.00	25.41	 0.59	  0.17	3
168.3609783	  1.8	+22.1538343	  0.4	 0.05	 0.13	-0.23	 0.07	24.83	23.96	 0.87	  0.12	2
168.3609798	  0.4	+22.1600869	  0.4	 0.09	 0.06	 0.16	 0.06	22.73	21.80	 0.93	  0.04	2
168.3609804	  3.2	+22.1611226	  1.8	-0.09	 0.36	 0.30	 0.29	25.70	25.29	 0.40	 -0.10	2
168.3609835	 12.2	+22.1613485	  1.4	-0.44	 0.76	 1.05	 0.21	25.82	25.42	 0.39	  0.03	2
168.3609840	  1.1	+22.1557357	  1.1	 0.08	 0.13	-0.06	 0.14	24.77	23.95	 0.82	  0.10	2
168.3609897	  1.1	+22.1497604	  2.5	-0.72	 0.21	-0.29	 0.38	25.96	25.48	 0.48	  0.01	2
168.3609918	  4.7	+22.1493690	  2.5	 0.02	 0.51	 0.44	 0.34	26.11	25.52	 0.59	  0.25	2
168.3609928	  5.4	+22.1525003	  2.5	 0.59	 0.51	-0.63	 0.32	26.01	25.54	 0.47	 -0.03	2
168.3609946	  7.2	+22.1745326	  2.2	-1.08	 0.61	 0.74	 0.36	26.04	25.67	 0.36	 -0.01	3
168.3610070	  3.6	+22.1549576	  1.1	-0.20	 0.33	-0.23	 0.16	25.27	24.56	 0.70	  0.07	2
168.3610097	  1.4	+22.1551101	  1.4	 0.27	 0.18	-0.78	 0.21	25.22	24.75	 0.47	 -0.04	2
168.3610111	 13.0	+22.1665695	  3.2	-0.67	 0.89	-0.15	 0.50	26.17	25.49	 0.68	  0.23	3
168.3610136	  4.3	+22.1646970	  2.2	-0.04	 0.33	-0.23	 0.32	25.37	25.00	 0.37	  0.08	3
168.3610174	  1.8	+22.1620161	  2.9	 0.38	 0.26	 0.51	 0.41	25.89	25.39	 0.49	 -0.05	2
168.3610201	  1.4	+22.1633363	  0.7	-0.18	 0.12	-0.06	 0.08	24.20	23.47	 0.73	  0.14	2
168.3610217	  7.9	+22.1544835	  2.9	-0.14	 0.60	-0.06	 0.43	26.46	25.90	 0.56	 -0.03	2
168.3610252	 15.5	+22.1470163	  2.5	-0.21	 0.97	 0.28	 0.35	26.51	25.95	 0.57	 -0.05	2
168.3610337	  2.9	+22.1658020	  1.4	-0.35	 0.29	 0.10	 0.20	25.71	25.14	 0.57	 -0.09	3
168.3610379	  6.5	+22.1492270	  2.5	 0.16	 0.36	-0.02	 0.40	26.00	25.66	 0.34	  0.05	2
168.3610397	  1.4	+22.1612677	  0.7	-0.33	 0.15	 0.25	 0.13	24.80	24.27	 0.54	  0.04	2
168.3610418	  1.4	+22.1534038	  1.4	-0.30	 0.17	 0.75	 0.21	25.17	24.56	 0.61	 -0.03	2
168.3610453	  5.0	+22.1653686	  5.4	 3.35	 0.57	-1.17	 0.92	26.67	26.15	 0.52	 -0.14	3
168.3610493	  1.8	+22.1727318	  2.5	-0.46	 0.24	-0.46	 0.36	25.38	25.00	 0.37	  0.09	3
168.3610584	  0.4	+22.1776513	  0.4	-0.20	 0.04	-0.13	 0.05	22.51	21.70	 0.82	  0.19	3
168.3610607	  3.6	+22.1467673	  2.5	 0.12	 0.44	-0.39	 0.38	26.11	25.55	 0.56	  0.03	2
168.3610609	  1.4	+22.1602667	  0.7	-0.17	 0.14	-0.11	 0.11	24.28	23.41	 0.88	  0.29	2
168.3610739	  2.9	+22.1450591	  1.4	-0.37	 0.29	 0.01	 0.22	25.76	25.35	 0.41	 -0.09	2
168.3610772	  0.7	+22.1671993	  1.4	 0.18	 0.15	 0.16	 0.21	25.01	24.55	 0.46	  0.09	3
168.3610835	  1.8	+22.1554581	  2.9	 0.38	 0.25	-0.37	 0.44	26.04	25.36	 0.68	  0.04	2
168.3610907	  8.3	+22.1637796	  3.6	-1.08	 0.68	 0.74	 0.54	26.35	25.55	 0.80	  0.15	2
168.3610929	  1.8	+22.1517127	  1.4	-1.10	 0.24	-0.11	 0.22	25.35	24.91	 0.45	  0.19	2
168.3610949	  1.4	+22.1465838	  3.2	-0.16	 0.23	-0.17	 0.50	25.96	25.36	 0.60	 -0.08	2
168.3611090	  3.2	+22.1752943	  4.7	 1.01	 0.46	 0.61	 0.68	25.77	25.43	 0.33	 -0.12	3
168.3611122	  2.2	+22.1597886	  1.4	-0.23	 0.19	 0.34	 0.19	25.13	24.65	 0.48	  0.24	2
168.3611126	  4.0	+22.1498793	  3.6	-0.04	 0.47	-0.15	 0.54	26.42	25.73	 0.69	 -0.08	2
168.3611207	  1.1	+22.1788442	  1.4	-0.18	 0.15	-0.05	 0.19	24.33	23.99	 0.34	  0.24	3
168.3611312	  2.5	+22.1506481	  2.9	-0.11	 0.38	-0.01	 0.41	25.88	25.33	 0.55	 -0.13	2
168.3611455	  2.9	+22.1688912	  3.2	 0.70	 0.35	-0.86	 0.51	25.79	25.32	 0.47	 -0.11	3
168.3611492	  1.1	+22.1754025	  1.4	-0.26	 0.12	 0.26	 0.24	24.60	24.71	-0.11	 -0.01	3
168.3611538	  6.5	+22.1524541	  0.4	 0.29	 0.34	-0.12	 0.07	23.78	22.95	 0.83	  0.27	2
168.3611623	  2.9	+22.1749064	  0.7	 0.06	 0.22	 0.25	 0.09	24.93	24.50	 0.43	  0.03	3
168.3611700	  3.6	+22.1502064	  2.5	-0.29	 0.41	-0.23	 0.38	25.82	25.09	 0.73	  0.10	2
168.3611703	  3.6	+22.1517562	  2.5	-0.55	 0.42	-1.33	 0.36	26.03	25.51	 0.52	 -0.14	2
168.3611749	  2.2	+22.1759225	  3.2	-0.58	 0.36	-0.04	 0.50	26.05	25.41	 0.65	  0.10	3
168.3611878	  4.0	+22.1605898	  2.9	-0.67	 0.21	-0.29	 0.48	25.60	25.00	 0.60	  0.10	2
168.3611925	  2.9	+22.1451241	  2.2	-0.33	 0.35	-0.45	 0.35	26.01	25.49	 0.52	 -0.12	2
168.3611931	  0.7	+22.1461783	  0.4	 0.05	 0.08	-0.10	 0.06	22.30	21.32	 0.98	  0.04	2
168.3611941	  0.4	+22.1814954	  0.4	-0.11	 0.06	-0.03	 0.07	22.58	21.63	 0.95	  0.07	3
168.3612082	  2.5	+22.1837078	  2.5	-0.12	 0.33	 0.06	 0.33	25.43	24.93	 0.50	  0.12	3
168.3612096	  1.4	+22.1566173	  3.2	-1.03	 0.19	 0.15	 0.48	25.65	25.11	 0.54	  0.23	2
168.3612101	  1.4	+22.1785808	  1.4	 0.37	 0.19	-0.11	 0.21	25.65	25.09	 0.56	  0.00	3
168.3612150	 12.6	+22.1826959	  5.8	-1.01	 1.26	 1.18	 0.95	26.47	25.86	 0.61	 -0.17	3
168.3612205	  2.9	+22.1527855	  3.2	 0.01	 0.35	 0.27	 0.48	26.20	25.40	 0.80	 -0.21	2
168.3612212	  3.6	+22.1520752	  1.8	-0.43	 0.44	-0.64	 0.24	25.70	25.37	 0.33	  0.19	2
168.3612235	  4.3	+22.1747587	  2.9	-0.61	 0.46	 1.01	 0.43	26.38	25.80	 0.58	 -0.01	3
168.3612235	  1.8	+22.1767709	  0.7	-0.04	 0.16	 0.48	 0.10	24.72	23.96	 0.76	  0.14	3
168.3612357	  0.4	+22.1727656	  2.2	-0.43	 0.08	 0.01	 0.33	25.53	25.06	 0.47	  0.18	3
168.3612547	  0.7	+22.1719506	  2.2	 0.19	 0.19	-0.04	 0.32	25.36	24.92	 0.44	  0.00	3
168.3612678	  5.4	+22.1825101	  2.5	 0.52	 0.54	-0.51	 0.38	25.79	25.35	 0.44	 -0.13	3
168.3612703	  0.4	+22.1788500	  0.4	-0.13	 0.05	 0.15	 0.07	22.28	21.31	 0.97	  0.05	3
168.3612934	  7.9	+22.1652347	  3.6	 0.30	 0.75	 0.32	 0.55	26.72	26.07	 0.65	  0.11	3
168.3613004	  2.5	+22.1505323	  1.4	-0.01	 0.25	 0.54	 0.17	25.21	24.66	 0.55	  0.20	2
168.3613050	  0.7	+22.1515316	  0.4	-1.04	 0.08	 0.16	 0.07	21.94	20.96	 0.98	  0.04	2
168.3613103	  5.8	+22.1686449	  1.1	-0.04	 0.41	-0.08	 0.15	24.84	24.26	 0.58	  0.05	3
168.3613133	  0.4	+22.1721945	  0.4	 0.02	 0.06	-0.10	 0.06	22.46	21.78	 0.67	  0.04	3
168.3613179	  1.1	+22.1752518	  0.7	-0.21	 0.12	 0.58	 0.08	23.74	22.93	 0.81	  0.04	3
168.3613220	  4.0	+22.1813877	  2.5	-0.24	 0.46	-0.03	 0.36	26.04	25.61	 0.43	  0.13	3
168.3613413	  2.2	+22.1531843	  2.2	 0.80	 0.20	 0.30	 0.32	25.95	25.52	 0.43	  0.07	2
168.3613490	  2.9	+22.1472261	  1.1	-0.30	 0.25	-0.22	 0.12	25.79	25.14	 0.65	 -0.03	2
168.3613533	  0.7	+22.1586919	  1.4	-0.40	 0.13	-0.03	 0.20	25.08	24.48	 0.61	  0.12	2
168.3613538	  2.2	+22.1658541	  1.4	 0.49	 0.25	-0.09	 0.19	25.74	25.13	 0.62	 -0.09	3
168.3613576	  3.6	+22.1610511	  1.8	 0.01	 0.34	-0.21	 0.24	25.51	25.06	 0.45	 -0.15	2
168.3613595	  6.8	+22.1755313	  2.5	 0.61	 0.60	-1.32	 0.36	26.32	25.71	 0.61	  0.13	3
168.3613762	  2.2	+22.1827397	  2.2	 0.09	 0.27	-0.32	 0.32	25.84	25.35	 0.49	  0.04	3
168.3613767	 10.8	+22.1665822	  1.8	 1.30	 0.68	 0.23	 0.28	26.23	25.92	 0.32	 -0.28	3
168.3613872	  6.5	+22.1770216	  1.1	-0.02	 0.46	 0.14	 0.17	25.26	24.69	 0.57	  0.25	3
168.3613875	  0.7	+22.1719109	  1.1	 0.27	 0.10	-0.10	 0.14	24.77	24.22	 0.55	  0.04	3
168.3613989	  1.4	+22.1527260	  3.2	-1.14	 0.25	-0.77	 0.49	26.06	26.08	-0.02	  0.07	2
168.3614114	  3.6	+22.1491217	  0.4	-0.04	 0.16	-0.02	 0.06	24.11	23.99	 0.12	  0.04	2
168.3614194	  1.1	+22.1743092	  2.5	-0.29	 0.17	 0.55	 0.35	25.82	25.28	 0.55	  0.00	3
168.3614207	  1.1	+22.1701952	  0.7	 0.05	 0.11	-0.04	 0.10	25.11	24.76	 0.35	  0.07	3
168.3614230	  1.4	+22.1560248	  1.8	-0.13	 0.24	 0.08	 0.28	25.45	25.03	 0.42	  0.02	2
168.3614365	  1.1	+22.1750413	  0.7	 0.08	 0.14	 0.17	 0.12	24.77	24.12	 0.65	  0.16	3
168.3614366	  1.1	+22.1486893	  0.7	 0.38	 0.11	-0.15	 0.09	22.46	22.33	 0.13	  0.07	2
168.3614577	  5.8	+22.1747117	  4.0	-0.68	 0.67	-0.52	 0.57	26.82	26.30	 0.52	  0.16	3
168.3614604	  2.9	+22.1659446	  1.4	 0.31	 0.26	 0.11	 0.19	25.57	24.95	 0.62	  0.09	3
168.3614656	  4.3	+22.1698266	  1.4	-0.07	 0.30	 0.38	 0.21	25.87	25.34	 0.53	 -0.01	3
168.3614706	  1.8	+22.1638062	  1.4	 0.16	 0.21	 0.01	 0.18	24.92	24.74	 0.18	  0.05	2
168.3614711	  2.2	+22.1692851	  3.6	-1.99	 0.36	-0.54	 0.56	25.98	25.46	 0.52	 -0.03	3
168.3614742	  4.3	+22.1592569	  2.9	 0.25	 0.38	-0.05	 0.45	26.27	25.91	 0.36	 -0.17	2
168.3614786	  1.1	+22.1558595	  0.7	 0.03	 0.10	-0.12	 0.09	24.09	23.23	 0.86	  0.03	2
168.3614871	  2.5	+22.1707467	  1.4	 0.48	 0.26	-0.31	 0.20	25.00	24.59	 0.42	  0.02	3
168.3615046	  2.2	+22.1493157	  1.8	-0.19	 0.23	 0.31	 0.25	25.41	24.90	 0.51	 -0.14	2
168.3615145	  1.1	+22.1743677	  2.5	-1.13	 0.22	-0.21	 0.41	25.18	24.67	 0.51	  0.03	3
168.3615382	  0.7	+22.1803488	  0.7	-0.03	 0.09	-0.07	 0.08	24.13	23.31	 0.82	  0.04	3
168.3615388	  4.0	+22.1821405	  1.8	-0.32	 0.37	 0.05	 0.24	26.04	25.41	 0.64	  0.05	3
168.3615477	  1.1	+22.1519518	  1.4	 0.12	 0.13	-0.09	 0.18	24.86	24.20	 0.65	  0.01	2
168.3615547	  2.2	+22.1543344	  3.2	-0.13	 0.32	 0.16	 0.55	25.72	25.22	 0.50	  0.14	2
168.3615679	  1.4	+22.1708381	  2.2	 0.01	 0.25	 0.58	 0.34	25.36	25.19	 0.16	 -0.17	3
168.3615729	  1.8	+22.1568206	  1.8	 0.27	 0.21	 0.14	 0.25	25.08	24.50	 0.58	  0.04	2
168.3615750	  2.2	+22.1771543	  3.2	-0.51	 0.30	 0.44	 0.53	25.45	24.92	 0.52	  0.05	3
168.3615927	  7.2	+22.1478716	  4.3	-2.47	 0.66	 0.99	 0.67	26.90	26.15	 0.75	  0.12	2
168.3615927	  3.2	+22.1834555	  2.5	 0.33	 0.33	 0.81	 0.35	25.48	24.89	 0.59	  0.16	3
168.3616161	  2.9	+22.1627138	  1.8	-0.73	 0.33	 1.36	 0.27	25.67	25.08	 0.59	  0.11	2
168.3616253	  2.5	+22.1709635	  2.5	 0.15	 0.31	 0.30	 0.37	26.39	25.78	 0.61	 -0.06	3
168.3616405	  1.1	+22.1784156	  1.8	-0.50	 0.20	 0.04	 0.25	25.86	25.26	 0.60	  0.19	3
168.3616460	  1.4	+22.1451663	  1.4	 0.01	 0.18	-0.12	 0.19	25.30	24.81	 0.49	 -0.03	2
168.3616486	  6.1	+22.1465962	  2.5	 0.33	 0.64	-0.59	 0.41	26.11	25.66	 0.45	 -0.06	2
168.3616561	  2.2	+22.1600184	  5.8	-1.02	 0.48	 0.77	 0.87	26.95	26.24	 0.71	  0.02	2
168.3616610	  3.6	+22.1565815	  4.7	-0.61	 0.46	-0.19	 0.75	26.13	25.70	 0.42	  0.07	2
168.3616630	  1.8	+22.1734412	  1.4	-0.14	 0.22	-0.04	 0.19	25.05	24.37	 0.68	  0.13	3
168.3616640	  2.5	+22.1766246	  2.5	-0.27	 0.32	-0.06	 0.39	25.76	25.29	 0.46	  0.18	3
168.3616682	  3.6	+22.1768663	  4.0	-1.17	 0.41	-0.58	 0.66	26.08	25.94	 0.14	 -0.09	3
168.3616775	  1.4	+22.1478614	  2.5	 0.27	 0.22	 0.02	 0.36	26.23	25.46	 0.76	  0.05	2
168.3616950	  1.4	+22.1477463	  1.8	-0.64	 0.17	 0.14	 0.29	25.28	24.68	 0.59	  0.09	2
168.3616980	  7.2	+22.1595205	  2.5	 1.15	 0.65	 0.94	 0.34	25.83	25.30	 0.53	  0.26	2
168.3617027	  0.7	+22.1484710	  1.4	-0.28	 0.10	 0.16	 0.18	24.98	24.52	 0.46	  0.15	2
168.3617308	  2.5	+22.1658908	  1.8	-0.31	 0.24	 0.13	 0.26	25.93	25.32	 0.60	  0.01	3
168.3617418	  1.8	+22.1781211	  1.8	-0.32	 0.20	 0.21	 0.26	25.28	24.88	 0.40	  0.00	3
168.3617444	  1.1	+22.1585204	  1.1	 0.40	 0.13	 0.39	 0.17	25.05	24.57	 0.48	  0.19	2
168.3617478	  4.0	+22.1496674	  2.2	-0.68	 0.36	-0.24	 0.27	25.88	25.39	 0.48	 -0.07	2
168.3617506	  3.6	+22.1718778	  1.1	-0.09	 0.28	-0.44	 0.14	25.18	24.67	 0.51	  0.04	3
168.3617511	  2.5	+22.1552476	  1.8	-0.09	 0.28	-0.75	 0.24	25.23	24.80	 0.43	  0.12	2
168.3617536	  4.0	+22.1761370	  4.0	 0.00	 0.43	 0.48	 0.60	25.81	25.36	 0.46	 -0.11	3
168.3617539	  2.5	+22.1689354	  3.6	 1.64	 0.33	 2.91	 0.47	26.27	26.12	 0.15	  0.04	3
168.3617639	  1.4	+22.1705048	  5.0	-0.04	 0.29	-1.72	 0.70	25.86	25.47	 0.39	  0.21	3
168.3617890	  1.4	+22.1701111	  2.2	-0.11	 0.20	-0.24	 0.30	25.79	25.37	 0.42	 -0.02	3
168.3617892	  3.6	+22.1482686	  0.7	 0.39	 0.24	-0.18	 0.10	25.23	24.74	 0.49	  0.08	2
168.3617937	  1.4	+22.1565885	  0.7	 0.63	 0.14	-0.01	 0.12	25.08	24.64	 0.45	  0.10	2
168.3617940	  1.4	+22.1567453	  0.7	-0.13	 0.13	-0.09	 0.10	24.73	24.35	 0.38	  0.03	2
168.3618173	  7.9	+22.1677903	  3.6	-0.41	 0.71	 0.74	 0.56	26.66	25.89	 0.77	  0.13	3
168.3618236	  1.1	+22.1737379	  1.4	 0.05	 0.16	-0.43	 0.21	25.07	24.53	 0.55	  0.04	3
168.3618386	  0.7	+22.1514941	  0.4	-0.09	 0.05	 0.01	 0.03	20.48	19.36	 1.12	  0.04	2
168.3618605	  4.3	+22.1705867	  1.1	-0.25	 0.24	-0.04	 0.16	24.95	24.37	 0.58	  0.24	3
168.3618638	  0.7	+22.1494613	  1.1	-0.37	 0.11	-0.09	 0.15	24.67	23.96	 0.71	  0.22	2
168.3618683	  1.4	+22.1686975	  1.1	-0.02	 0.16	 0.17	 0.16	25.16	24.78	 0.38	  0.14	3
168.3618817	  3.2	+22.1549688	  2.5	-0.16	 0.43	-0.15	 0.35	25.98	25.41	 0.57	 -0.04	2
168.3618928	  5.8	+22.1499439	  1.4	 0.74	 0.28	 0.73	 0.21	25.87	25.27	 0.60	 -0.04	2
168.3618978	  0.7	+22.1784826	  0.7	-0.06	 0.10	-0.05	 0.10	24.09	24.05	 0.03	  0.10	3
168.3619006	  2.2	+22.1519758	  1.1	-0.45	 0.24	 0.13	 0.18	25.70	25.12	 0.58	  0.08	2
168.3619192	  5.4	+22.1482939	  2.2	 1.15	 0.42	 0.56	 0.34	25.77	25.24	 0.53	  0.10	2
168.3619195	  4.3	+22.1828399	  2.5	 0.14	 0.42	-0.85	 0.35	26.22	25.67	 0.55	  0.06	3
168.3619279	  3.6	+22.1814341	  1.1	-0.12	 0.27	-0.39	 0.13	24.78	23.82	 0.95	  0.28	3
168.3619453	  1.4	+22.1510864	  1.8	-1.04	 0.17	-0.17	 0.24	25.68	25.44	 0.25	 -0.10	2
168.3619459	  2.5	+22.1685581	  0.7	-0.20	 0.22	-0.15	 0.12	25.06	24.39	 0.67	  0.13	3
168.3619552	  1.1	+22.1534170	  0.4	-0.28	 0.10	-0.05	 0.05	22.52	21.71	 0.81	  0.06	2
168.3619561	  1.8	+22.1762933	  1.4	-0.27	 0.22	-0.07	 0.21	24.82	24.27	 0.55	  0.29	3
168.3619817	  5.4	+22.1637615	  4.0	 0.21	 0.58	 0.45	 0.53	26.52	26.20	 0.33	  0.08	2
168.3619875	  0.4	+22.1671552	  0.4	 0.16	 0.07	-0.08	 0.06	22.38	21.46	 0.92	  0.04	3
168.3619912	  2.2	+22.1599872	  1.8	-0.23	 0.24	 0.02	 0.22	24.99	24.57	 0.42	  0.00	2
168.3620015	  1.4	+22.1481251	  3.2	-0.70	 0.28	-0.64	 0.48	26.16	25.46	 0.70	  0.28	2
168.3620065	 16.2	+22.1601437	  0.4	 0.38	 0.63	-0.10	 0.06	26.10	25.71	 0.38	 -0.03	2
168.3620091	  0.7	+22.1646386	  0.7	 0.26	 0.09	 0.22	 0.11	24.38	23.52	 0.85	  0.03	3
168.3620098	  4.7	+22.1640524	  3.2	-0.84	 0.65	 0.22	 0.61	23.62	23.06	 0.56	  0.08	2
168.3620138	  5.0	+22.1753420	  2.2	 0.54	 0.46	-0.56	 0.28	25.68	25.13	 0.54	  0.18	3
168.3620221	  2.2	+22.1501125	  1.1	-0.07	 0.21	 0.14	 0.13	25.04	24.19	 0.85	 -0.01	2
168.3620263	  4.0	+22.1705297	  2.5	 0.28	 0.42	-0.62	 0.37	26.05	25.54	 0.52	  0.08	3
168.3620284	 15.5	+22.1547897	  4.7	-1.19	 1.20	-1.60	 0.64	26.07	25.59	 0.48	 -0.20	2
168.3620426	  0.4	+22.1528874	  0.7	-0.37	 0.06	-0.08	 0.09	22.36	21.63	 0.73	  0.14	2
168.3620464	  5.0	+22.1523948	  4.0	-0.08	 0.55	-0.20	 0.59	26.35	25.59	 0.76	 -0.06	2
168.3620483	  2.5	+22.1539126	  3.6	-0.38	 0.36	-0.29	 0.51	26.18	25.51	 0.67	  0.20	2
168.3620529	  0.0	+22.1804920	  0.4	-0.21	 0.03	-0.14	 0.08	22.15	21.32	 0.82	  0.03	3
168.3620647	  4.3	+22.1451081	  0.7	 1.00	 0.29	 0.51	 0.11	25.45	24.91	 0.53	 -0.08	2
168.3620657	  1.1	+22.1605251	  1.4	 0.07	 0.16	 0.38	 0.24	24.86	24.55	 0.31	 -0.17	2
168.3620672	  2.2	+22.1520702	  1.8	 0.02	 0.23	 0.73	 0.26	25.59	25.02	 0.56	  0.07	2
168.3620896	  2.9	+22.1706248	  2.2	-0.41	 0.28	-0.45	 0.31	26.18	25.68	 0.50	 -0.12	3
168.3620897	  2.9	+22.1673604	  1.4	-0.41	 0.23	 0.19	 0.19	25.52	25.03	 0.49	  0.05	3
168.3620969	  2.5	+22.1783050	  1.8	 0.23	 0.30	 0.07	 0.24	25.34	24.89	 0.45	  0.14	3
168.3620987	  5.0	+22.1499369	  1.4	-0.63	 0.38	 0.52	 0.18	25.48	24.86	 0.61	  0.26	2
168.3621047	  1.4	+22.1695121	  1.8	-0.16	 0.22	 0.29	 0.27	25.60	25.02	 0.58	 -0.03	3
168.3621276	  4.0	+22.1525582	  1.4	 0.25	 0.31	 0.35	 0.22	25.71	25.25	 0.45	  0.15	2
168.3621393	  0.4	+22.1573402	  0.7	 0.28	 0.08	 0.02	 0.09	22.30	21.46	 0.84	  0.07	2
168.3621417	  5.0	+22.1715788	  3.6	-0.84	 0.39	-0.33	 0.51	26.70	26.20	 0.50	 -0.18	3
168.3621463	  0.7	+22.1595442	  0.4	 0.07	 0.07	 0.06	 0.05	23.31	22.41	 0.90	  0.03	2
168.3621547	  1.1	+22.1628293	  0.7	 0.33	 0.12	-0.03	 0.09	24.11	23.67	 0.45	 -0.01	2
168.3621559	  3.2	+22.1679963	  1.1	-0.71	 0.30	-0.18	 0.17	25.30	24.66	 0.64	 -0.03	3
168.3621599	  0.4	+22.1738893	  0.4	-0.19	 0.05	 0.07	 0.08	22.30	21.45	 0.85	  0.01	3
168.3621635	  1.8	+22.1701375	  1.4	 0.30	 0.18	 0.08	 0.19	25.71	25.09	 0.62	  0.02	3
168.3621653	  7.2	+22.1458881	  0.7	-0.58	 0.38	 0.01	 0.10	24.78	24.62	 0.16	  0.09	2
168.3621736	  3.2	+22.1766811	  4.3	-0.49	 0.49	-0.02	 0.60	26.46	26.66	-0.19	  0.10	3
168.3621752	  6.8	+22.1484872	  1.4	-0.62	 0.50	-0.04	 0.21	25.60	25.25	 0.35	  0.10	2
168.3621936	  1.4	+22.1531963	  1.1	-0.12	 0.14	 0.07	 0.17	24.71	23.82	 0.89	  0.11	2
168.3622031	  4.0	+22.1454442	  1.8	 0.82	 0.34	 0.32	 0.23	25.33	24.93	 0.40	  0.16	2
168.3622095	  4.0	+22.1545589	  3.6	-0.31	 0.44	-1.05	 0.49	26.45	25.86	 0.59	  0.06	2
168.3622147	  3.6	+22.1460449	  2.9	 0.46	 0.41	 0.12	 0.45	25.82	25.30	 0.52	 -0.05	2
168.3622341	  3.2	+22.1734296	  0.7	 0.05	 0.27	-0.02	 0.12	24.44	23.68	 0.77	  0.04	3
168.3622374	  2.5	+22.1743443	  2.2	-0.65	 0.38	-0.17	 0.33	25.50	25.10	 0.40	  0.05	3
168.3622525	  2.5	+22.1709496	  2.2	 0.02	 0.29	-0.27	 0.28	25.63	25.25	 0.38	  0.15	3
168.3622538	  9.0	+22.1700585	  2.5	-0.52	 0.55	-0.07	 0.35	26.56	25.92	 0.64	  0.03	3
168.3622630	  2.5	+22.1565638	  0.7	-0.07	 0.16	 0.18	 0.09	24.92	24.13	 0.79	  0.12	2
168.3622752	  5.8	+22.1493962	  1.8	-0.72	 0.47	-0.47	 0.25	25.52	24.91	 0.61	  0.27	2
168.3622755	  1.1	+22.1516915	  1.1	 0.20	 0.13	-0.13	 0.14	24.42	23.59	 0.84	  0.02	2
168.3622881	  1.4	+22.1451372	  0.7	 0.38	 0.13	-0.10	 0.14	24.25	23.44	 0.81	  0.22	2
168.3622890	  7.2	+22.1489379	  1.8	-0.80	 0.74	-0.20	 0.25	26.24	25.56	 0.68	  0.05	2
168.3622929	  1.1	+22.1765060	  0.4	-0.02	 0.10	 0.01	 0.06	22.17	21.22	 0.95	  0.04	3
168.3622952	  0.4	+22.1647282	  0.7	 0.05	 0.05	 0.13	 0.10	22.57	21.60	 0.97	  0.04	3
168.3623054	  2.2	+22.1546006	  1.4	-0.02	 0.26	-0.54	 0.18	25.73	25.16	 0.56	  0.21	2
168.3623059	  1.8	+22.1697312	  1.8	 0.35	 0.24	 0.22	 0.23	25.25	24.80	 0.46	  0.01	3
168.3623174	  1.8	+22.1571969	  1.1	-0.12	 0.17	-0.02	 0.15	24.65	23.83	 0.82	  0.01	2
168.3623207	  1.4	+22.1626789	  0.7	 0.07	 0.11	-0.02	 0.08	24.67	23.94	 0.72	 -0.02	2
168.3623399	  1.8	+22.1772457	  5.8	-0.67	 0.46	 0.27	 0.91	26.30	25.55	 0.75	  0.07	3
168.3623454	  8.6	+22.1782998	  4.7	-0.43	 0.82	 0.10	 0.68	26.10	25.56	 0.54	  0.16	3
168.3623558	  0.7	+22.1464929	  1.1	-0.25	 0.11	-0.30	 0.14	24.21	23.40	 0.80	  0.14	2
168.3623569	  2.2	+22.1629279	  1.1	-0.49	 0.20	 0.11	 0.15	25.27	24.74	 0.53	  0.20	2
168.3623782	  8.6	+22.1565761	  2.9	-0.97	 0.63	 0.00	 0.38	26.66	25.81	 0.85	  0.10	2
168.3623851	  1.4	+22.1529305	  1.8	-0.16	 0.21	-0.02	 0.25	25.48	24.96	 0.51	 -0.04	2
168.3623852	  1.1	+22.1558567	  0.4	-0.25	 0.10	-0.10	 0.06	22.74	21.84	 0.90	  0.04	2
168.3623920	  2.2	+22.1683122	  2.2	-0.59	 0.29	 0.19	 0.35	25.35	24.84	 0.51	  0.29	3
168.3623939	  1.1	+22.1622677	  1.4	-0.36	 0.17	-0.05	 0.23	25.37	24.91	 0.46	  0.02	2
168.3623965	  0.4	+22.1790750	  0.4	 0.02	 0.06	-0.13	 0.09	21.13	20.12	 1.01	  0.02	3
168.3623988	  0.7	+22.1614361	  0.4	-0.12	 0.08	-0.01	 0.06	21.53	20.52	 1.01	  0.03	2
168.3624325	  0.7	+22.1781590	  0.7	-0.19	 0.12	 0.18	 0.14	23.87	23.03	 0.84	  0.03	3
168.3624549	  0.7	+22.1671268	  4.0	 0.17	 0.17	-0.27	 0.56	26.36	25.66	 0.70	  0.06	3
168.3624559	  1.4	+22.1545531	  1.4	-0.22	 0.19	-0.17	 0.22	25.43	24.82	 0.61	 -0.02	2
168.3624673	  1.8	+22.1673479	  2.9	 0.28	 0.22	 0.73	 0.40	26.02	25.52	 0.50	  0.03	3
168.3624711	  2.2	+22.1563964	  3.6	-0.16	 0.32	 0.98	 0.52	25.64	25.23	 0.41	  0.20	2
168.3624854	  1.4	+22.1495584	  2.2	-0.94	 0.24	-0.66	 0.32	26.04	25.59	 0.45	 -0.04	2
168.3624880	  2.2	+22.1750714	  3.6	 0.27	 0.32	-0.37	 0.57	26.41	25.83	 0.58	 -0.15	3
168.3625028	 15.5	+22.1820887	  3.2	 0.37	 1.01	 0.87	 0.50	26.43	26.21	 0.21	  0.11	3
168.3625095	  8.3	+22.1483492	  3.2	 1.74	 0.68	-1.37	 0.43	26.22	25.80	 0.42	 -0.08	2
168.3625182	  1.8	+22.1520324	  1.4	 0.30	 0.19	-0.93	 0.22	25.63	25.34	 0.28	 -0.12	2
168.3625218	  4.3	+22.1472902	  2.9	-0.87	 0.49	-0.39	 0.42	26.12	25.92	 0.21	 -0.03	2
168.3625275	  0.4	+22.1514293	  0.7	-0.04	 0.09	-0.15	 0.11	22.60	21.97	 0.63	  0.06	2
168.3625364	  6.1	+22.1633222	  1.1	-0.70	 0.43	-0.55	 0.16	25.26	24.81	 0.46	  0.18	2
168.3625406	  2.2	+22.1638304	  1.1	 0.30	 0.12	 0.15	 0.18	24.39	23.78	 0.61	  0.08	2
168.3625434	  3.2	+22.1475911	  6.1	 1.05	 0.50	-3.34	 0.90	26.88	26.24	 0.65	 -0.23	2
168.3625434	  0.4	+22.1765847	  1.4	-0.09	 0.06	 0.39	 0.21	24.84	24.46	 0.38	 -0.03	3
168.3625492	  1.4	+22.1574624	  1.4	-0.47	 0.20	-0.02	 0.21	25.29	24.67	 0.62	  0.06	2
168.3625500	  2.5	+22.1460425	  1.1	-0.17	 0.21	 0.08	 0.15	25.21	24.73	 0.47	  0.03	2
168.3625500	  0.7	+22.1728249	  0.7	-0.25	 0.08	 0.17	 0.10	23.73	22.86	 0.87	  0.05	3
168.3625510	  5.4	+22.1454482	  2.9	 0.90	 0.60	 0.01	 0.42	26.11	25.44	 0.67	  0.27	2
168.3625826	  1.4	+22.1705834	  1.1	 0.05	 0.16	-0.21	 0.16	25.03	24.46	 0.57	  0.02	3
168.3625867	  3.2	+22.1761590	  1.8	 0.44	 0.33	 0.14	 0.27	25.33	24.82	 0.51	  0.09	3
168.3625983	  2.2	+22.1558319	  0.7	-0.39	 0.17	-0.74	 0.09	25.40	24.84	 0.56	  0.29	2
168.3626050	  2.2	+22.1672028	  1.8	 0.18	 0.25	-0.07	 0.26	25.80	25.41	 0.39	 -0.05	3
168.3626120	  1.4	+22.1750457	  1.4	 0.06	 0.16	 0.20	 0.20	24.95	24.29	 0.66	  0.09	3
168.3626347	  1.8	+22.1509515	  1.8	 0.25	 0.22	-0.54	 0.23	25.74	25.19	 0.56	  0.17	2
168.3626352	  0.4	+22.1768626	  0.7	-0.17	 0.04	 0.11	 0.10	22.85	21.97	 0.88	  0.05	3
168.3626475	  2.2	+22.1552723	  0.7	 0.04	 0.16	 0.07	 0.11	24.66	23.86	 0.80	  0.07	2
168.3626516	  0.4	+22.1536472	  0.4	 0.23	 0.06	-0.03	 0.06	20.73	19.56	 1.17	  0.02	2
168.3626518	  1.8	+22.1517006	  2.9	 0.18	 0.21	-0.25	 0.47	25.93	25.42	 0.51	  0.15	2
168.3626542	  1.4	+22.1567041	  1.4	-0.17	 0.16	 0.41	 0.18	24.74	24.47	 0.27	  0.11	2
168.3626592	  2.9	+22.1704406	  4.7	-0.09	 0.45	 0.17	 0.64	26.14	25.64	 0.50	  0.13	3
168.3626619	  5.0	+22.1508511	  4.7	 0.42	 0.64	-1.52	 0.66	26.63	25.97	 0.65	 -0.19	2
168.3626753	  0.4	+22.1762672	  0.7	 0.03	 0.07	-0.19	 0.09	23.65	22.79	 0.86	  0.05	3
168.3626821	  1.1	+22.1578069	  0.7	 0.36	 0.11	-0.17	 0.11	24.79	24.35	 0.44	 -0.04	2
168.3626854	  4.0	+22.1511185	  1.4	-0.40	 0.34	 0.28	 0.20	25.52	24.95	 0.57	  0.04	2
168.3626855	  1.4	+22.1794611	  0.7	 0.14	 0.17	 0.12	 0.13	24.01	23.94	 0.07	  0.25	3
168.3626982	 14.4	+22.1659359	  2.9	-0.60	 0.73	 0.46	 0.45	26.79	25.98	 0.81	  0.16	3
168.3627017	  1.4	+22.1644608	  0.7	 0.73	 0.13	 1.23	 0.08	23.56	22.69	 0.87	  0.18	3
168.3627197	  5.4	+22.1668007	  1.4	 0.12	 0.37	-0.27	 0.17	25.62	25.31	 0.31	  0.02	3
168.3627290	  2.5	+22.1522767	  2.5	 0.29	 0.29	 0.10	 0.33	25.56	24.99	 0.57	 -0.02	2
168.3627315	  4.7	+22.1802726	  2.2	-1.03	 0.31	 0.60	 0.28	25.90	25.50	 0.41	  0.01	3
168.3627340	  1.1	+22.1542805	  0.7	-0.06	 0.13	-0.26	 0.10	23.30	22.42	 0.89	  0.08	2
168.3627457	  2.5	+22.1579154	  0.7	 0.41	 0.23	-0.15	 0.12	24.86	24.46	 0.40	 -0.05	2
168.3627462	  1.4	+22.1473694	  1.4	-0.27	 0.17	-0.89	 0.20	25.21	24.74	 0.47	  0.09	2
168.3627539	  0.7	+22.1718243	  1.1	-0.16	 0.10	-0.44	 0.15	25.22	24.65	 0.57	  0.05	3
168.3627542	  1.8	+22.1690029	  2.5	 0.07	 0.25	-0.33	 0.35	25.86	25.35	 0.51	  0.14	3
168.3627664	  2.5	+22.1665701	  1.4	-0.04	 0.28	-0.01	 0.18	25.04	24.37	 0.67	  0.00	3
168.3627720	  1.4	+22.1539983	  1.4	-0.07	 0.17	-0.25	 0.17	25.44	25.04	 0.40	  0.12	2
168.3627788	  3.2	+22.1655805	  3.2	 0.66	 0.44	 0.31	 0.51	26.40	26.14	 0.26	  0.09	3
168.3627838	  0.4	+22.1456710	  2.2	-0.19	 0.07	 0.45	 0.35	22.33	21.59	 0.73	  0.28	2
168.3627844	  1.1	+22.1566647	  0.7	-0.07	 0.11	 0.16	 0.11	24.89	24.20	 0.70	  0.02	2
168.3627854	  5.4	+22.1480751	  1.1	 0.08	 0.33	-0.07	 0.13	25.58	25.18	 0.40	 -0.10	2
168.3627876	  4.7	+22.1727518	  1.4	 0.40	 0.37	 0.79	 0.24	25.85	25.48	 0.37	  0.14	3
168.3627899	  1.8	+22.1779480	  1.8	-0.09	 0.24	 0.54	 0.26	25.57	24.95	 0.62	  0.04	3
168.3628561	  4.3	+22.1474893	  1.1	-0.44	 0.33	-0.16	 0.16	24.97	24.56	 0.41	  0.00	2
168.3628564	  3.2	+22.1648658	  1.1	 0.37	 0.29	 0.06	 0.19	25.45	24.92	 0.54	 -0.08	3
168.3628670	 12.2	+22.1517805	  2.2	 0.88	 0.72	 0.11	 0.30	26.18	25.60	 0.58	  0.12	2
168.3628695	  1.8	+22.1624665	  3.2	 2.25	 0.26	 0.83	 0.52	26.25	25.80	 0.46	 -0.16	2
168.3628697	  4.7	+22.1784263	  2.5	-0.97	 0.43	-0.81	 0.38	26.03	25.36	 0.67	  0.28	3
168.3628737	  1.8	+22.1782299	  2.2	-0.25	 0.26	 0.10	 0.27	25.62	25.01	 0.61	 -0.17	3
168.3628744	  1.4	+22.1690610	  2.9	 0.15	 0.27	 0.10	 0.43	25.94	25.58	 0.36	  0.20	3
168.3628766	  2.2	+22.1530356	  3.6	 1.96	 0.34	 0.17	 0.49	26.48	25.68	 0.80	  0.14	2
168.3628849	  0.7	+22.1774112	  1.4	-0.58	 0.11	-0.20	 0.20	25.22	24.74	 0.48	  0.06	3
168.3628909	  0.7	+22.1758361	  0.4	-0.17	 0.10	 0.17	 0.07	22.51	21.72	 0.79	  0.06	3
168.3629048	  2.2	+22.1636268	  2.2	-0.04	 0.20	-0.22	 0.34	25.40	25.03	 0.37	 -0.16	2
168.3629111	  2.9	+22.1736089	  2.2	-1.34	 0.31	-0.50	 0.32	26.54	26.45	 0.09	  0.01	3
168.3629248	  1.1	+22.1463020	  2.2	-0.04	 0.14	-0.28	 0.32	25.75	25.21	 0.53	  0.01	2
168.3629371	  3.6	+22.1707472	  2.5	-1.52	 0.45	 0.91	 0.34	26.18	25.62	 0.55	  0.07	3
168.3629589	  0.7	+22.1784743	  2.2	-0.07	 0.15	 0.29	 0.34	24.90	24.30	 0.59	  0.10	3
168.3629661	 10.8	+22.1498670	  3.2	-0.26	 0.74	 0.65	 0.45	26.77	26.70	 0.08	  0.06	2
168.3629803	  7.6	+22.1451487	  3.6	-0.02	 0.70	 0.13	 0.53	26.16	25.43	 0.73	  0.08	2
168.3629857	  1.4	+22.1556665	  2.2	 0.90	 0.19	 0.83	 0.29	25.66	25.06	 0.59	 -0.08	2
168.3629972	  0.7	+22.1487387	  0.4	 0.00	 0.08	-0.01	 0.04	22.30	21.49	 0.81	  0.05	2
168.3629974	  1.8	+22.1524311	  0.7	-0.05	 0.18	-0.08	 0.09	23.60	22.72	 0.88	  0.14	2
168.3630020	  2.2	+22.1479918	  3.6	-1.20	 0.28	-0.16	 0.58	26.26	25.86	 0.40	  0.15	2
168.3630073	  6.1	+22.1783713	  2.2	-0.04	 0.56	-0.19	 0.34	26.24	24.72	 1.52	  0.29	3
168.3630194	  1.4	+22.1517601	  0.4	-0.24	 0.13	-0.03	 0.07	23.07	22.23	 0.85	  0.04	2
168.3630237	  5.0	+22.1658818	  2.2	-0.47	 0.39	-0.64	 0.31	25.64	25.18	 0.46	 -0.04	3
168.3630288	  6.8	+22.1640719	  6.1	-1.41	 0.71	 1.31	 0.90	26.63	26.30	 0.32	  0.02	2
168.3630588	  4.3	+22.1672643	  2.9	-0.71	 0.33	 0.47	 0.42	25.91	25.25	 0.66	 -0.13	3
168.3630601	  0.7	+22.1799416	  1.4	-0.03	 0.14	 0.12	 0.19	24.97	24.19	 0.78	  0.07	3
168.3630610	  2.5	+22.1650373	  0.4	 0.17	 0.14	-0.11	 0.05	23.92	23.25	 0.67	  0.07	3
168.3630626	  6.1	+22.1831406	  2.2	-0.20	 0.49	-1.22	 0.33	25.68	25.12	 0.56	  0.17	3
168.3630693	  3.6	+22.1772140	  2.2	 0.45	 0.40	-0.70	 0.32	26.20	25.49	 0.71	  0.14	3
168.3630775	 12.2	+22.1675076	  1.8	-0.78	 0.74	-0.84	 0.25	25.88	25.44	 0.43	 -0.06	3
168.3630928	  1.4	+22.1511262	  1.8	-0.43	 0.26	 0.09	 0.27	25.43	24.91	 0.53	 -0.15	2
168.3630990	  1.8	+22.1754851	  2.2	 0.09	 0.23	 0.41	 0.29	26.01	25.57	 0.43	 -0.06	3
168.3630992	  2.5	+22.1740581	  1.4	 0.14	 0.25	-0.32	 0.18	25.53	25.03	 0.50	  0.11	3
168.3631022	  0.7	+22.1509197	  0.4	 0.08	 0.06	-0.13	 0.06	23.04	22.20	 0.84	  0.04	2
168.3631093	  0.7	+22.1736902	  0.4	-0.19	 0.06	 0.05	 0.04	22.39	21.61	 0.78	  0.07	3
168.3631109	  3.6	+22.1706141	  1.8	-0.41	 0.34	 0.08	 0.23	25.85	25.34	 0.51	 -0.05	3
168.3631139	  9.4	+22.1478387	  1.8	 0.02	 0.63	 0.13	 0.22	26.14	25.76	 0.38	 -0.09	2
168.3631195	  0.7	+22.1502534	  1.4	 0.12	 0.13	-0.06	 0.18	25.25	24.67	 0.58	  0.02	2
168.3631249	  3.6	+22.1454203	  2.5	 0.40	 0.32	-0.65	 0.38	26.33	25.86	 0.47	 -0.12	2
168.3631262	  1.1	+22.1474835	  0.7	-0.06	 0.10	 0.07	 0.08	23.53	22.63	 0.90	  0.05	2
168.3631354	  1.1	+22.1753181	  1.1	-0.18	 0.15	 0.05	 0.14	24.81	24.16	 0.65	  0.21	3
168.3631402	  1.8	+22.1648159	  1.8	-0.64	 0.21	-0.12	 0.25	25.48	24.84	 0.65	  0.01	3
168.3631437	  2.9	+22.1488496	  2.2	 0.75	 0.33	-0.67	 0.34	25.68	25.07	 0.61	  0.06	2
168.3631461	  1.1	+22.1756911	  1.8	-0.05	 0.17	 0.18	 0.25	25.60	25.08	 0.52	 -0.06	3
168.3631589	  0.4	+22.1618459	  1.8	-0.22	 0.12	-0.40	 0.23	25.16	24.69	 0.47	 -0.01	2
168.3631658	  1.4	+22.1712541	  1.4	 0.65	 0.23	-0.39	 0.22	25.24	24.72	 0.52	  0.10	3
168.3631693	  7.6	+22.1499902	  1.8	 1.22	 0.47	 0.56	 0.27	26.37	25.58	 0.79	 -0.04	2
168.3631750	  4.0	+22.1522520	  1.1	-0.14	 0.25	-0.36	 0.13	24.95	24.71	 0.24	  0.18	2
168.3631763	  3.2	+22.1721774	  1.8	-0.40	 0.33	-0.76	 0.28	25.31	24.77	 0.55	  0.09	3
168.3631792	  0.4	+22.1690672	  0.4	-0.01	 0.06	-0.03	 0.09	22.47	21.70	 0.77	  0.04	3
168.3631830	  1.4	+22.1785590	  0.7	-0.45	 0.15	-0.15	 0.09	24.33	23.52	 0.81	  0.03	3
168.3631836	  0.7	+22.1567630	  1.4	-0.10	 0.14	 0.39	 0.19	24.61	23.81	 0.80	  0.13	2
168.3631866	  0.7	+22.1584608	  0.7	-0.01	 0.09	-0.10	 0.10	22.94	21.96	 0.98	  0.11	2
168.3631937	  1.4	+22.1569951	  2.5	 0.63	 0.20	-1.15	 0.36	25.98	25.26	 0.72	  0.20	2
168.3631946	  4.3	+22.1575019	  2.2	 1.49	 0.42	-0.11	 0.37	26.03	25.59	 0.44	  0.10	2
168.3631992	  1.4	+22.1619301	  1.1	 0.09	 0.15	-0.08	 0.18	25.03	24.59	 0.44	  0.10	2
168.3632113	  2.5	+22.1764275	  2.5	 0.17	 0.34	-0.47	 0.38	25.49	25.12	 0.37	 -0.07	3
168.3632442	  0.4	+22.1830758	  0.4	 0.11	 0.04	-0.17	 0.04	22.49	21.73	 0.76	  0.07	3
168.3632536	  2.2	+22.1632480	  1.1	 0.25	 0.23	 0.03	 0.18	25.05	24.55	 0.50	  0.11	2
168.3632559	  1.4	+22.1727764	  1.1	-0.23	 0.17	 0.64	 0.18	25.21	24.55	 0.67	  0.08	3
168.3632729	  6.1	+22.1535296	  2.5	 1.06	 0.57	-0.70	 0.35	26.39	25.86	 0.52	 -0.08	2
168.3632738	  1.4	+22.1602207	  0.4	-0.20	 0.12	 0.07	 0.06	23.47	22.69	 0.78	  0.03	2
168.3632785	  1.8	+22.1634860	  4.7	 0.09	 0.26	 0.07	 0.70	25.86	25.27	 0.59	  0.28	2
168.3632791	  6.5	+22.1657904	  1.4	 0.45	 0.44	-0.21	 0.23	25.66	25.13	 0.53	 -0.09	3
168.3632902	  0.4	+22.1456577	  0.4	 0.16	 0.05	 0.22	 0.05	22.26	21.43	 0.83	  0.03	2
168.3632907	  1.8	+22.1647157	  1.8	 0.45	 0.24	-0.33	 0.24	24.85	23.97	 0.88	  0.03	3
168.3632986	  1.4	+22.1734452	  1.1	-0.26	 0.21	-0.63	 0.15	25.07	24.32	 0.75	  0.14	3
168.3632991	  2.2	+22.1569125	  1.1	 0.11	 0.16	 0.08	 0.14	24.66	24.07	 0.58	  0.10	2
168.3633094	  7.6	+22.1523282	  2.2	-0.92	 0.66	 0.41	 0.32	26.33	25.90	 0.43	  0.06	2
168.3633185	  1.4	+22.1803040	  1.1	 0.01	 0.18	 0.20	 0.16	25.24	24.78	 0.45	  0.13	3
168.3633273	  3.2	+22.1731541	  3.2	-0.25	 0.40	 1.18	 0.48	26.14	25.53	 0.61	 -0.01	3
168.3633284	  0.7	+22.1461513	  0.4	 0.32	 0.07	 0.19	 0.06	23.39	22.99	 0.40	  0.07	2
168.3633416	  9.4	+22.1700789	  2.5	-0.65	 0.71	 0.10	 0.37	26.20	25.63	 0.57	  0.13	3
168.3633511	  0.7	+22.1618257	  0.4	-0.18	 0.10	-0.26	 0.08	23.27	22.39	 0.88	  0.22	2
168.3633631	  4.0	+22.1514589	  3.6	-0.54	 0.43	-0.07	 0.53	26.30	26.08	 0.22	 -0.03	2
168.3633715	  2.9	+22.1542090	  0.7	 0.23	 0.27	-0.49	 0.13	25.10	24.47	 0.63	 -0.04	2
168.3633791	  0.7	+22.1831836	  0.4	 0.09	 0.06	-0.17	 0.05	21.15	20.11	 1.04	  0.03	3
168.3633854	  2.5	+22.1692447	  3.2	-0.14	 0.34	-0.31	 0.47	25.87	25.38	 0.49	  0.14	3
168.3633878	  0.4	+22.1686122	  0.4	 0.09	 0.06	-0.22	 0.05	22.40	21.61	 0.78	  0.06	3
168.3633934	  2.5	+22.1576775	  1.4	-0.57	 0.25	 0.81	 0.18	25.24	24.72	 0.52	  0.04	2
168.3634047	  1.8	+22.1519595	  4.7	 0.68	 0.35	-0.35	 0.66	26.39	25.87	 0.52	  0.25	2
168.3634057	  1.4	+22.1535310	  2.2	 0.13	 0.20	-0.41	 0.31	25.85	25.52	 0.32	  0.05	2
168.3634339	  1.4	+22.1474269	  1.8	 0.32	 0.16	-0.42	 0.27	25.64	25.07	 0.57	 -0.08	2
168.3634499	  1.8	+22.1455952	  1.1	 0.12	 0.19	 0.11	 0.14	24.61	23.85	 0.76	  0.27	2
168.3634592	  1.4	+22.1544838	  1.8	-0.52	 0.16	-0.16	 0.25	25.56	24.95	 0.61	  0.07	2
168.3634636	  1.4	+22.1793918	  1.4	 0.15	 0.19	-0.13	 0.21	25.44	24.86	 0.57	  0.03	3
168.3634651	  7.9	+22.1837194	  3.6	-1.18	 0.75	 2.42	 0.56	26.78	26.21	 0.58	  0.29	3
168.3634663	  1.1	+22.1657965	  0.7	-0.07	 0.10	-0.07	 0.09	23.36	22.45	 0.91	  0.09	3
168.3634691	  2.2	+22.1748989	  3.2	-0.46	 0.34	-0.37	 0.48	26.52	25.98	 0.54	 -0.22	3
168.3634705	  3.6	+22.1504948	  0.7	-0.43	 0.23	-0.01	 0.11	25.25	24.75	 0.49	  0.00	2
168.3634753	  1.8	+22.1806987	  2.2	-0.38	 0.28	 0.26	 0.31	25.57	25.06	 0.52	  0.10	3
168.3634916	  1.8	+22.1527282	  0.4	 0.00	 0.16	-0.16	 0.07	22.30	21.51	 0.80	  0.04	2
168.3635036	  0.7	+22.1656959	  0.7	 0.16	 0.09	 0.05	 0.10	23.02	22.14	 0.88	  0.10	3
168.3635155	  2.9	+22.1538180	  1.1	 0.01	 0.24	-0.07	 0.13	25.03	24.58	 0.45	  0.05	2
168.3635208	  1.4	+22.1525460	  1.8	 0.12	 0.17	-0.53	 0.25	25.63	25.11	 0.52	 -0.02	2
168.3635221	  8.6	+22.1799245	  2.9	-1.36	 0.56	 0.97	 0.44	26.47	25.68	 0.78	 -0.01	3
168.3635226	  5.8	+22.1824912	  1.1	-0.04	 0.36	 0.03	 0.14	25.67	25.12	 0.55	  0.21	3
168.3635232	  3.6	+22.1540464	  1.4	 0.25	 0.29	 0.25	 0.20	26.05	25.73	 0.32	  0.27	2
168.3635312	  2.5	+22.1469328	  2.9	-0.40	 0.32	-0.20	 0.46	25.92	25.54	 0.38	 -0.01	2
168.3635400	  1.8	+22.1514493	  2.9	-0.05	 0.27	-0.60	 0.40	25.80	25.37	 0.43	  0.19	2
168.3635455	  0.4	+22.1637361	  0.7	 0.05	 0.08	 0.20	 0.13	23.32	23.31	 0.02	  0.05	2
168.3635522	  1.8	+22.1511491	  1.8	 0.34	 0.21	-0.66	 0.26	25.76	24.98	 0.78	  0.00	2
168.3635628	  2.2	+22.1718770	  3.6	-0.05	 0.32	-0.01	 0.58	26.25	25.75	 0.50	 -0.09	3
168.3635657	  0.7	+22.1466851	  0.4	 0.02	 0.06	 0.04	 0.07	23.47	22.61	 0.85	  0.07	2
168.3635733	  1.8	+22.1634530	  0.7	-0.23	 0.12	 0.04	 0.11	24.96	24.35	 0.62	 -0.01	2
168.3635901	  2.2	+22.1813127	  1.8	-0.62	 0.26	-0.91	 0.27	25.53	25.06	 0.47	  0.29	3
168.3636008	  1.4	+22.1738049	  4.0	-1.06	 0.25	 0.34	 0.58	25.96	25.33	 0.64	  0.10	3
168.3636039	  1.8	+22.1604865	  1.4	-0.59	 0.23	-0.03	 0.23	25.28	24.83	 0.45	 -0.10	2
168.3636255	  0.7	+22.1534409	  0.4	 0.05	 0.07	-0.10	 0.07	23.21	22.34	 0.87	  0.05	2
168.3636279	  2.5	+22.1810125	  0.7	-0.44	 0.18	-0.29	 0.13	24.77	24.02	 0.75	  0.12	3
168.3636326	  1.8	+22.1728120	  0.7	 0.07	 0.14	-0.26	 0.12	24.73	23.93	 0.80	  0.12	3
168.3636521	  1.4	+22.1548495	  1.1	 0.04	 0.11	-0.12	 0.16	24.16	23.58	 0.58	  0.04	2
168.3636681	  2.5	+22.1718397	  2.5	 0.20	 0.35	-0.29	 0.38	25.66	25.35	 0.31	 -0.06	3
168.3636809	  1.1	+22.1768773	  1.4	-0.71	 0.14	 1.08	 0.19	25.49	24.95	 0.54	 -0.01	3
168.3636892	  1.8	+22.1692848	  2.9	 0.88	 0.36	-0.01	 0.36	25.81	25.30	 0.52	  0.06	3
168.3636898	  0.4	+22.1468664	  0.7	-0.37	 0.09	-0.27	 0.13	22.23	21.39	 0.84	  0.28	2
168.3637036	  4.7	+22.1702507	  1.4	-0.27	 0.33	-0.20	 0.21	25.28	24.82	 0.46	  0.14	3
168.3637173	  0.4	+22.1557804	  0.7	 0.10	 0.05	-0.02	 0.08	23.70	22.86	 0.84	  0.07	2
168.3637276	  1.8	+22.1563714	  1.1	-0.09	 0.13	 6.38	 0.18	25.02	24.50	 0.52	 -0.12	2
168.3637284	  1.8	+22.1826715	  4.0	-0.11	 0.27	 0.42	 0.64	26.13	25.63	 0.49	 -0.13	3
168.3637376	  1.4	+22.1683199	  4.0	 0.24	 0.27	-0.51	 0.61	26.09	25.45	 0.65	 -0.09	3
168.3637512	  0.4	+22.1506807	  0.7	 0.14	 0.05	 0.03	 0.08	23.59	22.71	 0.89	  0.08	2
168.3637655	  3.6	+22.1565565	  3.2	 0.70	 0.46	-0.80	 0.52	26.35	25.59	 0.76	  0.03	2
168.3637741	  1.8	+22.1753502	  1.4	 0.30	 0.20	-0.03	 0.20	25.36	24.88	 0.48	  0.12	3
168.3637947	  1.4	+22.1732933	  5.0	-0.30	 0.35	 1.26	 0.73	26.12	25.52	 0.60	  0.08	3
168.3637975	  1.1	+22.1530489	  1.4	-0.06	 0.18	 0.17	 0.23	25.28	24.89	 0.39	  0.06	2
168.3638013	  1.1	+22.1508321	  1.1	-0.18	 0.14	-0.12	 0.15	25.26	24.74	 0.52	 -0.08	2
168.3638059	  0.4	+22.1496400	  1.4	-0.18	 0.07	-0.41	 0.20	24.69	24.17	 0.52	  0.03	2
168.3638137	  5.4	+22.1674863	  2.2	-0.37	 0.54	-0.10	 0.33	26.00	25.62	 0.38	 -0.06	3
168.3638153	  2.9	+22.1480305	  1.8	 0.74	 0.33	 0.61	 0.29	25.84	25.16	 0.68	  0.06	2
168.3638230	  0.4	+22.1617624	  0.7	-0.08	 0.08	-0.13	 0.11	24.14	23.35	 0.80	  0.20	2
168.3638270	  2.9	+22.1561963	  1.8	-0.15	 0.33	-0.08	 0.25	25.77	25.44	 0.33	 -0.05	2
168.3638330	  1.1	+22.1630716	  2.5	 0.08	 0.21	-0.09	 0.38	25.69	25.31	 0.38	  0.05	2
168.3638374	  0.4	+22.1789909	  0.7	-0.17	 0.08	 0.05	 0.10	23.05	22.17	 0.88	  0.04	3
168.3638474	  3.2	+22.1777514	  0.4	-0.27	 0.18	 0.08	 0.08	24.52	23.79	 0.73	  0.09	3
168.3638517	  0.4	+22.1472004	  0.4	 0.07	 0.05	 0.15	 0.07	21.77	20.80	 0.97	  0.04	2
168.3638676	  1.8	+22.1688772	  1.4	-0.64	 0.21	 0.66	 0.22	25.89	25.54	 0.35	 -0.01	3
168.3638816	  1.4	+22.1786670	  2.9	-0.04	 0.16	 0.36	 0.43	25.28	25.03	 0.24	  0.06	3
168.3638838	  1.1	+22.1597795	  0.4	 0.09	 0.08	 0.35	 0.05	22.21	21.43	 0.78	  0.09	2
168.3638848	  4.7	+22.1764304	  3.2	 0.53	 0.63	 0.03	 0.48	26.33	25.95	 0.38	 -0.13	3
168.3638889	  4.0	+22.1626441	  1.4	-0.21	 0.32	 0.00	 0.23	25.38	25.00	 0.38	 -0.13	2
168.3638905	  1.1	+22.1485842	  2.5	 0.36	 0.18	 0.16	 0.37	25.97	25.59	 0.38	  0.13	2
168.3638921	  3.6	+22.1469131	  1.1	 0.08	 0.27	-0.46	 0.19	25.47	24.90	 0.57	 -0.08	2
168.3638945	  2.2	+22.1816073	  2.5	 0.21	 0.29	 0.41	 0.33	25.82	25.24	 0.58	 -0.19	3
168.3639173	  5.4	+22.1652831	  1.1	-0.25	 0.37	-0.07	 0.14	25.18	24.49	 0.69	 -0.02	3
168.3639181	  1.1	+22.1826304	  1.4	-0.59	 0.16	 0.35	 0.18	25.04	24.41	 0.63	  0.10	3
168.3639217	  2.5	+22.1630065	  2.2	-1.07	 0.27	 0.24	 0.31	25.80	25.41	 0.39	  0.11	2
168.3639538	  1.8	+22.1507698	  4.0	-0.80	 0.26	-0.63	 0.61	25.62	25.32	 0.29	  0.05	2
168.3639724	  1.4	+22.1697430	  0.7	-0.17	 0.12	 0.03	 0.09	23.86	22.98	 0.88	  0.04	3
168.3639766	  2.2	+22.1509342	  2.2	 0.69	 0.25	-0.06	 0.31	25.75	25.30	 0.46	  0.05	2
168.3639809	  4.7	+22.1612344	  0.7	-0.23	 0.25	-0.18	 0.10	25.14	24.44	 0.70	  0.14	2
168.3639816	  2.9	+22.1569738	  3.2	-0.06	 0.29	 0.83	 0.55	25.79	25.33	 0.46	  0.07	2
168.3639837	  1.4	+22.1728151	  1.1	-0.37	 0.16	-0.09	 0.14	25.05	24.57	 0.48	  0.07	3
168.3639840	  4.3	+22.1635927	  2.2	-0.38	 0.40	-0.06	 0.32	26.08	25.34	 0.73	  0.13	2
168.3639917	  3.2	+22.1574239	  2.9	-0.74	 0.31	 1.03	 0.41	25.79	25.24	 0.55	  0.04	2
168.3639919	  2.9	+22.1574229	  3.6	-0.58	 0.32	 0.23	 0.48	25.79	25.37	 0.42	  0.04	2
168.3639923	  1.1	+22.1580241	  1.1	 0.30	 0.14	 0.47	 0.18	25.07	24.42	 0.65	 -0.19	2
168.3640014	  1.1	+22.1831355	  0.4	-0.08	 0.09	-0.28	 0.07	24.22	23.45	 0.77	  0.05	3
168.3640018	  2.2	+22.1764649	  1.8	-0.37	 0.24	-0.67	 0.24	25.47	24.91	 0.56	  0.21	3
168.3640046	  8.3	+22.1772110	  1.1	-0.91	 0.49	 0.12	 0.15	25.67	25.18	 0.49	  0.29	3
168.3640101	  1.1	+22.1505090	  0.7	-0.04	 0.13	-0.12	 0.10	23.72	22.82	 0.90	  0.04	2
168.3640282	  2.5	+22.1763794	  1.4	-0.07	 0.24	-0.36	 0.21	25.11	24.72	 0.39	  0.15	3
168.3640331	  2.9	+22.1731447	  2.5	 0.01	 0.37	-0.51	 0.39	25.76	25.28	 0.48	  0.20	3
168.3640347	  1.4	+22.1811665	  1.4	-0.44	 0.19	 0.23	 0.19	24.05	23.84	 0.21	  0.00	3
168.3640352	  1.1	+22.1462830	  0.4	-0.23	 0.11	 0.22	 0.04	21.93	21.05	 0.88	  0.03	2
168.3640397	  4.0	+22.1487425	  2.5	-0.24	 0.40	 0.18	 0.36	25.62	25.13	 0.49	  0.07	2
168.3640419	  2.5	+22.1802842	  2.5	-0.12	 0.31	 0.22	 0.38	25.55	25.12	 0.43	  0.04	3
168.3640460	  1.1	+22.1506720	  1.1	 0.35	 0.14	-0.32	 0.16	24.76	24.12	 0.65	 -0.05	2
168.3640498	  2.2	+22.1625484	  4.3	 0.16	 0.36	 0.10	 0.65	26.13	25.63	 0.50	  0.22	2
168.3640623	  2.2	+22.1673500	  1.1	 0.52	 0.23	 0.09	 0.14	25.39	24.81	 0.58	  0.13	3
168.3640690	  9.7	+22.1551572	  2.5	 0.36	 0.77	 0.45	 0.36	26.34	25.81	 0.53	  0.04	2
168.3640691	  0.7	+22.1723017	  0.7	-0.09	 0.09	-0.03	 0.09	24.60	23.80	 0.80	  0.23	3
168.3640694	  3.6	+22.1720853	  1.1	-0.14	 0.25	-0.38	 0.14	25.27	24.79	 0.49	  0.03	3
168.3640764	  0.4	+22.1744637	  0.4	 0.05	 0.03	-0.23	 0.06	21.80	21.03	 0.77	  0.05	3
168.3640812	  0.7	+22.1451018	  0.7	-0.13	 0.09	 0.44	 0.14	24.53	23.70	 0.83	  0.27	2
168.3640929	  0.7	+22.1734060	  0.7	 0.01	 0.12	-0.22	 0.11	24.05	23.27	 0.78	  0.07	3
168.3640961	 19.4	+22.1492440	  5.4	-0.30	 1.41	-1.95	 0.70	26.65	26.34	 0.31	 -0.10	2
168.3640992	  1.1	+22.1626760	  1.1	 0.16	 0.13	 0.05	 0.14	24.05	23.24	 0.82	  0.17	2
168.3640993	  0.7	+22.1611805	  0.7	 0.02	 0.10	 0.08	 0.08	23.82	23.28	 0.54	  0.09	2
168.3641092	  2.9	+22.1524527	  1.4	 0.28	 0.25	 0.15	 0.23	25.42	24.95	 0.47	  0.06	2
168.3641281	  1.1	+22.1654782	  0.4	 0.13	 0.09	 0.00	 0.06	22.46	21.71	 0.75	  0.02	3
168.3641390	  1.1	+22.1501382	  1.4	 0.06	 0.13	 0.66	 0.16	25.55	25.19	 0.36	 -0.02	2
168.3641452	  2.9	+22.1453816	  1.1	-0.09	 0.17	-0.33	 0.14	25.04	24.57	 0.46	 -0.02	2
168.3641477	  1.8	+22.1527652	  2.5	-0.38	 0.28	 0.49	 0.41	25.89	25.36	 0.53	 -0.09	2
168.3641477	  2.2	+22.1826818	  1.4	-0.02	 0.19	-0.40	 0.19	25.40	24.82	 0.58	 -0.03	3
168.3641694	  2.5	+22.1751333	  2.2	-0.47	 0.31	 0.73	 0.28	25.43	24.91	 0.52	  0.04	3
168.3641705	  2.9	+22.1491566	  2.9	-0.25	 0.37	 0.45	 0.44	26.30	25.68	 0.61	  0.05	2
168.3641801	  2.5	+22.1647026	  2.9	-0.52	 0.30	 0.32	 0.45	26.11	25.56	 0.55	 -0.09	3
168.3641832	  0.7	+22.1459717	  0.4	-0.13	 0.07	 0.18	 0.06	22.34	21.49	 0.85	  0.03	2
168.3641894	  0.7	+22.1580634	  1.1	 0.33	 0.11	 0.00	 0.17	24.83	25.14	-0.31	 -0.05	2
168.3641948	  0.7	+22.1565548	  1.4	-0.01	 0.09	-0.17	 0.25	25.03	24.66	 0.37	  0.00	2
168.3641975	  8.6	+22.1771233	  1.1	-0.25	 0.58	 0.10	 0.16	25.95	25.34	 0.62	  0.11	3
168.3642162	  3.6	+22.1643882	  1.4	 0.46	 0.25	 1.33	 0.26	25.28	24.89	 0.39	  0.19	3
168.3642237	  2.9	+22.1606534	  2.2	 0.49	 0.34	-0.08	 0.33	25.74	25.13	 0.61	 -0.12	2
168.3642263	  2.5	+22.1812027	  0.7	-0.52	 0.20	-0.12	 0.10	24.05	23.89	 0.17	  0.10	3
168.3642283	  2.2	+22.1457485	  1.8	-0.69	 0.29	 0.73	 0.29	25.53	25.05	 0.48	  0.02	2
168.3642351	  1.1	+22.1818296	  1.8	 0.12	 0.16	-0.46	 0.28	25.20	24.71	 0.49	  0.08	3
168.3642376	  2.9	+22.1539317	  0.4	-0.43	 0.20	-0.34	 0.08	24.97	24.41	 0.56	  0.27	2
168.3642447	  1.4	+22.1477349	  0.4	-0.11	 0.10	 0.00	 0.05	21.98	21.16	 0.82	  0.03	2
168.3642517	  2.9	+22.1498635	  1.1	 0.32	 0.25	-0.37	 0.17	24.82	24.21	 0.61	 -0.01	2
168.3642580	  0.7	+22.1758496	  0.7	 0.11	 0.09	 0.27	 0.11	22.49	21.64	 0.85	  0.05	3
168.3642636	  0.4	+22.1534105	  1.4	 0.34	 0.06	-0.22	 0.18	25.19	24.66	 0.52	  0.25	2
168.3642706	  9.0	+22.1730543	  2.2	 0.27	 0.66	 0.66	 0.25	26.24	25.61	 0.64	-20.11	3
168.3642885	  1.8	+22.1449182	  1.4	-0.18	 0.20	-0.03	 0.17	25.38	24.77	 0.61	  0.01	2
168.3642963	  1.8	+22.1604001	  1.8	-0.37	 0.23	-0.52	 0.24	25.16	24.59	 0.57	 -0.05	2
168.3642972	  4.7	+22.1575897	  3.2	 0.35	 0.44	 0.35	 0.48	26.34	25.67	 0.67	  0.01	2
168.3643027	  3.2	+22.1532620	  3.2	 1.95	 0.42	-0.38	 0.53	26.32	25.75	 0.57	 -0.01	2
168.3643104	  4.0	+22.1569948	  1.4	-0.91	 0.29	-0.19	 0.23	24.60	24.20	 0.40	  0.15	2
168.3643154	  2.9	+22.1488505	  3.6	 0.17	 0.45	 0.76	 0.51	26.18	25.63	 0.55	  0.04	2
168.3643180	  1.4	+22.1665927	  2.5	 0.12	 0.10	-2.39	 0.35	26.62	25.85	 0.77	  0.05	3
168.3643204	  1.1	+22.1627441	  0.7	-0.09	 0.10	 0.01	 0.09	24.14	23.33	 0.81	  0.12	2
168.3643208	  9.7	+22.1462341	  3.6	-0.05	 0.93	 0.84	 0.54	26.80	26.34	 0.46	  0.27	2
168.3643245	  5.0	+22.1698726	  0.4	-0.22	 0.24	-0.27	 0.03	23.90	23.12	 0.78	  0.08	3
168.3643336	  5.8	+22.1771635	  1.1	 0.43	 0.38	-0.05	 0.13	25.12	24.29	 0.83	  0.23	3
168.3643442	  0.7	+22.1451232	  0.4	-0.36	 0.09	 0.00	 0.06	22.39	21.68	 0.71	  0.04	2
168.3643587	  2.5	+22.1571929	  1.1	 0.04	 0.24	-0.36	 0.17	25.79	25.29	 0.50	  0.09	2
168.3643622	  1.8	+22.1687543	  1.4	 0.64	 0.18	-0.87	 0.20	25.65	25.23	 0.42	  0.02	3
168.3643804	  0.7	+22.1834779	  0.7	-0.17	 0.07	-0.31	 0.08	23.47	22.66	 0.81	  0.05	3
168.3643990	  1.4	+22.1473370	  1.8	 0.83	 0.21	 0.13	 0.27	25.55	24.89	 0.66	 -0.01	2
168.3644010	  1.4	+22.1821115	  1.4	-0.23	 0.16	-0.42	 0.21	25.00	24.50	 0.50	  0.09	3
168.3644046	  1.1	+22.1787043	  0.4	-0.11	 0.07	 0.07	 0.06	23.89	23.04	 0.85	  0.13	3
168.3644078	  1.4	+22.1489174	  0.7	-0.05	 0.16	 0.01	 0.09	24.92	24.24	 0.68	 -0.01	2
168.3644215	  2.2	+22.1822142	  2.2	-0.01	 0.22	 0.04	 0.30	25.11	24.58	 0.53	  0.15	3
168.3644272	  0.7	+22.1756164	  0.7	 0.06	 0.08	 0.11	 0.09	23.46	22.57	 0.89	  0.06	3
168.3644314	  0.7	+22.1495739	  0.7	-0.31	 0.08	 0.05	 0.09	24.04	23.33	 0.71	  0.07	2
168.3644373	  1.1	+22.1703254	  1.1	-0.59	 0.12	 0.04	 0.17	24.33	24.12	 0.21	  0.05	3
168.3644374	  0.4	+22.1814118	  0.4	 0.27	 0.04	-0.01	 0.05	21.85	20.93	 0.93	  0.04	3
168.3644501	  4.0	+22.1559738	  1.4	-0.34	 0.26	-0.10	 0.17	25.64	25.03	 0.60	  0.14	2
168.3644512	  2.5	+22.1497799	  2.9	 0.03	 0.33	 0.52	 0.45	25.74	25.32	 0.42	 -0.13	2
168.3644524	  1.8	+22.1568854	  0.4	-0.28	 0.14	 0.08	 0.06	23.37	22.50	 0.87	  0.05	2
168.3644608	  1.1	+22.1796960	  1.1	-0.26	 0.10	-0.06	 0.14	24.80	24.19	 0.61	  0.13	3
168.3644616	  2.9	+22.1520745	  1.4	 0.29	 0.29	 0.20	 0.21	25.04	24.70	 0.34	  0.09	2
168.3644668	  3.2	+22.1801882	  2.5	-1.58	 0.40	 0.72	 0.37	26.06	25.49	 0.57	 -0.02	3
168.3644725	  2.9	+22.1565692	  0.7	-0.41	 0.22	-0.42	 0.11	24.75	24.22	 0.53	  0.21	2
168.3644761	 11.9	+22.1530568	  2.9	 0.72	 0.88	-0.73	 0.42	26.11	25.66	 0.45	 -0.04	2
168.3644809	  3.6	+22.1778022	  2.9	 0.35	 0.40	 1.35	 0.39	26.06	25.34	 0.72	  0.05	3
168.3644827	  4.3	+22.1465340	  1.8	 0.41	 0.34	-0.07	 0.29	25.11	24.70	 0.41	  0.17	2
168.3644871	  1.1	+22.1550224	  0.7	-0.16	 0.12	-0.17	 0.09	22.27	21.45	 0.81	  0.03	2
168.3644943	  2.2	+22.1739493	  2.9	-0.36	 0.33	 0.39	 0.42	25.65	25.02	 0.62	  0.12	3
168.3645130	  1.8	+22.1561503	  0.4	-0.15	 0.10	 0.15	 0.03	23.59	22.78	 0.81	  0.08	2
168.3645142	  1.4	+22.1759278	  1.1	-0.12	 0.14	 0.23	 0.15	24.07	23.14	 0.93	  0.17	3
168.3645157	  1.4	+22.1552468	  0.7	-0.08	 0.14	-0.16	 0.09	24.32	23.48	 0.84	  0.05	2
168.3645255	  4.0	+22.1661337	  1.8	-0.10	 0.38	-0.16	 0.31	26.15	25.53	 0.62	 -0.08	3
168.3645256	  2.5	+22.1793680	  1.1	 0.17	 0.26	-0.19	 0.14	24.67	23.94	 0.73	  0.15	3
168.3645333	  1.4	+22.1637947	  0.7	-0.11	 0.11	 0.20	 0.10	23.58	22.70	 0.88	  0.04	2
168.3645337	  2.9	+22.1543905	  1.1	 0.23	 0.25	 0.13	 0.16	25.48	24.98	 0.49	  0.09	2
168.3645430	  2.5	+22.1662321	  2.2	-0.70	 0.32	-0.13	 0.36	25.80	25.44	 0.35	  0.15	3
168.3645642	  1.4	+22.1718149	  1.8	-0.29	 0.21	 0.21	 0.25	25.77	25.18	 0.59	  0.14	3
168.3645858	  2.2	+22.1470291	  0.4	-0.11	 0.12	-0.06	 0.03	22.25	21.43	 0.82	  0.03	2
168.3645878	  3.2	+22.1453492	  1.1	-0.25	 0.27	 0.53	 0.14	25.58	25.10	 0.48	 -0.15	2
168.3645925	  1.1	+22.1458206	  0.7	-0.76	 0.10	 0.09	 0.09	24.48	23.58	 0.90	  0.06	2
168.3645947	  1.1	+22.1682667	  1.8	-0.44	 0.19	-0.70	 0.24	25.25	24.61	 0.64	  0.22	3
168.3646166	  2.2	+22.1492132	  1.1	-0.33	 0.23	-0.88	 0.14	25.17	24.42	 0.75	  0.06	2
168.3646266	  4.7	+22.1452562	  0.7	-0.47	 0.24	-0.33	 0.08	24.90	24.43	 0.47	  0.02	2
168.3646295	  2.9	+22.1568491	  0.7	 0.01	 0.23	 0.33	 0.12	25.49	24.96	 0.53	 -0.21	2
168.3646322	  2.9	+22.1603497	  2.5	 0.02	 0.39	-0.03	 0.47	23.29	22.24	 1.04	  0.21	2
168.3646332	  0.4	+22.1525908	  0.4	 0.00	 0.07	-0.07	 0.08	22.74	21.82	 0.92	  0.03	2
168.3646415	  3.6	+22.1800409	  2.5	-0.29	 0.38	 0.20	 0.39	25.95	25.29	 0.66	  0.17	3
168.3646431	  1.4	+22.1724089	  1.4	-0.01	 0.18	-0.44	 0.20	25.55	25.02	 0.52	  0.03	3
168.3646534	  0.7	+22.1708392	  0.4	-0.40	 0.06	-0.11	 0.05	23.31	22.42	 0.89	  0.05	3
168.3646540	  5.0	+22.1617638	  5.4	-0.90	 0.77	-2.06	 0.76	26.76	26.22	 0.54	  0.05	2
168.3646593	  9.4	+22.1698907	  2.5	-0.10	 0.76	-1.45	 0.34	26.55	26.02	 0.53	 -0.03	3
168.3646601	  3.6	+22.1473669	  1.4	 0.68	 0.34	-0.63	 0.20	25.48	24.96	 0.53	  0.00	2
168.3646658	  4.0	+22.1475439	  1.4	-0.22	 0.34	-0.32	 0.21	25.66	25.22	 0.44	  0.00	2
168.3646660	  1.8	+22.1517792	  1.1	-0.37	 0.20	-0.47	 0.18	25.52	24.94	 0.57	  0.12	2
168.3646693	  3.2	+22.1506674	  2.5	 0.56	 0.37	-0.65	 0.38	25.90	25.41	 0.49	  0.06	2
168.3646733	  0.7	+22.1837614	  2.5	 0.05	 0.16	-0.94	 0.38	25.72	25.37	 0.35	  0.04	3
168.3646759	  0.7	+22.1636687	  1.1	 0.02	 0.10	 0.13	 0.20	23.45	22.60	 0.85	  0.08	2
168.3646827	  0.7	+22.1677328	  1.8	 0.02	 0.12	-0.04	 0.26	25.11	24.52	 0.58	  0.03	3
168.3646995	  6.1	+22.1768246	  4.3	-0.20	 0.65	 1.14	 0.60	26.84	25.98	 0.86	  0.00	3
168.3647165	  5.8	+22.1645590	  3.6	 0.18	 0.62	-1.56	 0.45	26.22	25.70	 0.52	  0.12	3
168.3647228	  5.0	+22.1499870	  1.1	 0.12	 0.36	-0.43	 0.16	25.63	25.14	 0.49	 -0.05	2
168.3647289	  2.2	+22.1803428	  2.5	-0.31	 0.27	 0.59	 0.35	25.79	25.21	 0.58	  0.04	3
168.3647290	  2.9	+22.1787672	  2.5	 0.41	 0.35	-0.15	 0.30	25.72	25.26	 0.45	  0.14	3
168.3647306	  2.9	+22.1810168	  1.8	-1.00	 0.31	 0.73	 0.25	25.94	25.52	 0.41	 -0.11	3
168.3647350	  1.8	+22.1566066	  0.7	-0.06	 0.16	-0.33	 0.12	24.41	23.65	 0.75	  0.01	2
168.3647373	  4.3	+22.1745823	  1.1	 0.06	 0.32	-0.46	 0.18	25.32	24.84	 0.48	  0.29	3
168.3647468	  1.8	+22.1540175	  2.5	-0.84	 0.27	-0.15	 0.37	25.89	25.35	 0.54	  0.09	2
168.3647470	  9.0	+22.1715223	  1.8	-0.64	 0.62	 0.47	 0.23	25.90	25.31	 0.60	  0.20	3
168.3647518	  2.2	+22.1513382	  2.5	 0.38	 0.33	-0.48	 0.36	25.63	25.09	 0.54	 -0.01	2
168.3647522	  4.0	+22.1531244	  1.4	-0.32	 0.31	 0.06	 0.22	25.68	24.98	 0.69	 -0.01	2
168.3647558	  3.6	+22.1718155	  4.3	 0.09	 0.50	-0.93	 0.64	26.34	25.69	 0.64	 -0.05	3
168.3647582	  0.7	+22.1650697	  3.2	 0.18	 0.18	-0.61	 0.47	25.87	25.33	 0.54	  0.27	3
168.3647596	  4.7	+22.1481704	  2.9	-0.85	 0.52	 1.18	 0.47	25.82	25.21	 0.61	 -0.08	2
168.3647605	  5.8	+22.1496129	  1.1	-1.10	 0.40	 0.14	 0.16	25.83	25.25	 0.58	 -0.04	2
168.3647696	  0.4	+22.1615095	  0.4	-0.30	 0.05	-0.01	 0.07	23.84	23.05	 0.79	  0.03	2
168.3647739	  2.5	+22.1720721	  2.2	 0.43	 0.28	 0.57	 0.30	25.83	25.26	 0.57	 -0.03	3
168.3647769	  3.2	+22.1650030	  2.9	 0.72	 0.47	-0.65	 0.40	25.80	25.22	 0.57	  0.27	3
168.3647822	  5.0	+22.1474514	  2.9	-0.27	 0.51	 0.62	 0.41	25.84	25.10	 0.74	  0.04	2
168.3647857	  1.8	+22.1454471	  2.9	-1.89	 0.20	-0.40	 0.39	26.35	25.73	 0.61	  0.03	2
168.3648006	  3.6	+22.1675121	  1.4	-0.30	 0.30	 0.12	 0.25	25.48	24.91	 0.58	  0.02	3
168.3648023	  0.4	+22.1647683	  0.7	 0.01	 0.06	-0.01	 0.09	22.67	21.72	 0.95	  0.06	3
168.3648075	 18.0	+22.1546940	  2.9	-1.00	 1.15	-1.31	 0.42	26.55	25.96	 0.59	  0.16	2
168.3648190	  0.4	+22.1678781	  0.4	-0.09	 0.05	-0.14	 0.04	22.27	21.46	 0.81	  0.04	3
168.3648201	  1.4	+22.1573080	  1.8	-0.26	 0.18	-0.62	 0.23	24.85	24.34	 0.51	  0.11	2
168.3648221	  1.8	+22.1610341	  0.4	-0.04	 0.13	-0.01	 0.07	23.97	23.96	 0.01	  0.06	2
168.3648310	  1.8	+22.1511768	  2.2	 0.40	 0.27	 0.16	 0.34	25.29	24.85	 0.44	  0.22	2
168.3648318	  5.4	+22.1661428	  2.5	 0.26	 0.49	 0.47	 0.35	26.37	25.71	 0.66	  0.04	3
168.3648341	  2.2	+22.1534719	  4.0	-0.13	 0.40	 0.26	 0.57	26.49	26.02	 0.48	 -0.03	2
168.3648351	  5.4	+22.1676764	  0.7	-0.07	 0.32	-0.26	 0.10	25.49	25.01	 0.47	 -0.15	3
168.3648511	  3.6	+22.1507911	  1.1	 0.31	 0.30	 0.34	 0.17	25.45	24.98	 0.47	  0.29	2
168.3648609	  5.4	+22.1467537	  4.3	-0.24	 0.60	 0.69	 0.64	26.51	26.27	 0.24	 -0.26	2
168.3648692	  8.6	+22.1659800	  0.7	 0.71	 0.45	-0.18	 0.12	24.89	24.86	 0.03	  0.27	3
168.3648750	  5.0	+22.1464432	  2.2	 0.05	 0.47	-0.68	 0.29	25.68	25.27	 0.41	 -0.02	2
168.3648923	  4.0	+22.1824263	  3.2	-0.18	 0.41	-0.13	 0.46	26.17	25.67	 0.51	  0.14	3
168.3648951	  0.4	+22.1588644	  0.4	 0.18	 0.07	 0.08	 0.06	20.96	19.90	 1.06	  0.03	2
168.3649048	  2.5	+22.1613144	  1.4	-0.26	 0.25	-0.10	 0.24	25.04	24.43	 0.61	  0.10	2
168.3649083	  1.1	+22.1461651	  2.9	-0.62	 0.20	 0.64	 0.45	25.50	25.08	 0.42	 -0.06	2
168.3649099	  1.8	+22.1785629	  1.4	-0.69	 0.21	 0.08	 0.22	25.50	25.02	 0.48	 -0.06	3
168.3649135	  1.4	+22.1448849	  0.4	 0.17	 0.12	 0.21	 0.06	22.55	21.66	 0.89	  0.04	2
168.3649246	  3.2	+22.1451676	  3.2	-0.96	 0.35	 0.66	 0.42	26.33	25.76	 0.57	 -0.05	2
168.3649249	  2.9	+22.1535379	  1.1	 0.16	 0.23	-0.13	 0.13	25.67	25.29	 0.38	 -0.14	2
168.3649273	  1.4	+22.1538146	  0.4	 0.24	 0.08	 0.07	 0.04	22.17	21.27	 0.90	  0.06	2
168.3649489	  7.6	+22.1753158	  4.3	 0.71	 0.78	-1.00	 0.60	26.41	25.47	 0.94	  0.27	3
168.3649510	  0.7	+22.1751470	  1.1	-0.17	 0.09	 0.07	 0.13	23.82	22.95	 0.87	  0.08	3
168.3649533	  1.8	+22.1756361	  1.8	-0.10	 0.24	 0.17	 0.23	25.60	25.28	 0.32	  0.26	3
168.3649591	  1.4	+22.1471156	  0.7	-0.49	 0.14	-0.16	 0.11	24.22	23.45	 0.77	  0.03	2
168.3649783	  5.4	+22.1617003	  1.4	-0.45	 0.40	-0.06	 0.20	25.85	25.23	 0.62	  0.04	2
168.3649784	  0.7	+22.1621751	  0.7	-0.01	 0.09	-0.11	 0.09	22.71	21.82	 0.89	  0.05	2
168.3649798	  0.7	+22.1685980	  0.4	-0.82	 0.08	 0.29	 0.07	24.00	23.15	 0.85	  0.07	3
168.3649923	  1.8	+22.1720875	  1.8	 0.93	 0.21	 0.22	 0.24	25.43	25.06	 0.36	  0.03	3
168.3650007	  4.0	+22.1527007	  1.8	-0.04	 0.33	-0.34	 0.23	25.83	25.43	 0.40	 -0.04	2
168.3650035	  1.4	+22.1670781	  1.1	 0.13	 0.14	-0.27	 0.19	25.07	24.45	 0.62	  0.12	3
168.3650088	  1.8	+22.1741181	  1.1	-0.39	 0.16	 1.19	 0.17	25.17	24.65	 0.52	  0.08	3
168.3650183	  1.4	+22.1784516	  1.4	-0.18	 0.14	 0.18	 0.21	25.34	24.80	 0.53	  0.16	3
168.3650187	  1.8	+22.1717088	  1.8	 0.38	 0.24	 0.02	 0.23	24.84	24.28	 0.55	  0.16	3
168.3650279	  0.4	+22.1628559	  0.7	-0.30	 0.06	 0.05	 0.08	23.92	23.14	 0.78	  0.06	2
168.3650320	  1.4	+22.1487049	  0.7	 0.10	 0.13	-0.02	 0.11	24.39	23.57	 0.81	  0.22	2
168.3650323	  4.3	+22.1649352	  2.9	 0.61	 0.45	 0.14	 0.49	25.56	25.25	 0.31	  0.20	3
168.3650363	  0.7	+22.1530782	  0.4	 0.04	 0.10	-0.08	 0.07	21.89	20.91	 0.98	  0.05	2
168.3650401	 10.1	+22.1786046	  3.2	 1.38	 0.81	-0.70	 0.46	26.46	25.98	 0.48	  0.16	3
168.3650495	  5.0	+22.1692820	  1.8	-0.64	 0.39	-0.32	 0.22	26.16	25.78	 0.39	  0.01	3
168.3650601	  2.2	+22.1478041	  1.1	-0.03	 0.14	 0.02	 0.15	25.07	24.50	 0.57	  0.07	2
168.3650606	  2.2	+22.1540579	  3.2	-0.12	 0.29	-0.40	 0.46	26.06	25.54	 0.52	  0.03	2
168.3650683	  0.4	+22.1703153	  0.4	-0.06	 0.05	 0.16	 0.05	21.86	20.89	 0.96	  0.05	3
168.3650703	  4.3	+22.1497482	  1.8	-0.36	 0.37	 1.29	 0.24	26.33	25.61	 0.72	 -0.24	2
168.3650720	  2.2	+22.1533101	  2.2	 0.71	 0.26	-0.77	 0.30	26.03	25.59	 0.43	 -0.18	2
168.3650788	  3.2	+22.1735337	  0.7	-0.17	 0.22	 0.51	 0.11	25.58	25.13	 0.45	  0.06	3
168.3650840	  0.4	+22.1731572	  0.4	 0.13	 0.06	-0.05	 0.07	22.75	21.86	 0.90	  0.07	3
168.3650843	  2.9	+22.1465431	  0.4	-0.13	 0.13	 0.00	 0.07	22.29	21.42	 0.88	  0.09	2
168.3650891	 10.4	+22.1496415	  2.5	 0.00	 0.80	-0.29	 0.31	26.50	26.20	 0.31	 -0.32	2
168.3650891	  6.5	+22.1518211	  4.7	-0.35	 0.72	 1.21	 0.65	26.76	26.44	 0.32	 -0.11	2
168.3651132	  0.4	+22.1488427	  0.7	-0.07	 0.07	-0.06	 0.10	22.42	22.29	 0.13	  0.04	2
168.3651163	  2.5	+22.1636197	  2.2	-0.44	 0.29	 0.43	 0.29	25.69	25.12	 0.57	  0.09	2
168.3651196	  1.1	+22.1558137	  1.8	 0.11	 0.17	 0.55	 0.26	25.45	25.25	 0.19	  0.08	2
168.3651280	  3.6	+22.1717439	  2.5	 0.01	 0.39	-0.24	 0.41	25.34	24.83	 0.51	  0.14	3
168.3651314	  5.8	+22.1555534	  2.5	 1.13	 0.47	 0.90	 0.35	26.18	25.77	 0.41	  0.25	2
168.3651349	  0.4	+22.1490759	  0.7	-0.15	 0.04	-0.10	 0.09	22.52	21.60	 0.91	  0.07	2
168.3651369	  2.9	+22.1689349	  1.8	 0.24	 0.31	 0.00	 0.22	25.52	25.18	 0.33	  0.04	3
168.3651452	  3.6	+22.1503262	  1.8	-0.07	 0.34	 0.59	 0.25	25.89	25.57	 0.32	 -0.09	2
168.3651477	 14.0	+22.1785424	  3.2	-1.46	 1.01	-0.87	 0.50	26.18	25.68	 0.51	  0.02	3
168.3651485	  1.1	+22.1643866	  0.7	 0.46	 0.12	-0.06	 0.11	24.23	24.18	 0.05	 -0.01	3
168.3651572	  1.8	+22.1721545	  1.1	-0.26	 0.16	 0.24	 0.14	25.18	24.63	 0.56	  0.01	3
168.3651587	  1.1	+22.1610893	  3.6	-0.68	 0.23	 0.40	 0.50	25.75	25.24	 0.51	 -0.64	2
168.3651615	  3.6	+22.1516689	  5.4	 0.14	 0.54	 1.35	 0.74	26.67	26.31	 0.36	 -0.17	2
168.3651904	  3.2	+22.1806122	  1.4	 0.49	 0.32	 0.29	 0.22	25.10	24.68	 0.43	  0.23	3
168.3651907	  1.1	+22.1734040	  1.8	-0.48	 0.18	-0.26	 0.27	25.07	24.64	 0.43	  0.02	3
168.3651949	  0.0	+22.1632480	  0.4	-0.03	 0.02	-0.04	 0.06	22.29	21.52	 0.77	  0.05	2
168.3651998	  3.6	+22.1737121	  1.8	 0.43	 0.32	 0.55	 0.25	25.86	25.39	 0.47	 -0.09	3
168.3652010	  2.5	+22.1749219	  1.8	-0.03	 0.26	 0.37	 0.26	25.33	24.80	 0.53	  0.05	3
168.3652030	  0.4	+22.1621577	  0.7	-0.07	 0.06	 0.04	 0.08	22.34	21.52	 0.82	  0.09	2
168.3652155	  2.9	+22.1505270	  1.4	-0.16	 0.29	 0.01	 0.19	25.47	25.09	 0.38	 -0.05	2
168.3652274	  1.8	+22.1495085	  1.8	-0.13	 0.24	-0.13	 0.26	25.76	25.21	 0.55	  0.06	2
168.3652274	  2.2	+22.1725833	  0.7	-0.65	 0.17	 0.03	 0.11	24.73	23.90	 0.83	  0.21	3
168.3652283	  4.0	+22.1476667	  2.2	-0.11	 0.34	 0.39	 0.31	26.00	25.45	 0.55	 -0.04	2
168.3652435	  1.8	+22.1546415	  1.8	-0.74	 0.23	 0.02	 0.24	25.54	24.91	 0.63	  0.16	2
168.3652441	 12.6	+22.1686069	  1.1	 0.34	 0.63	-0.34	 0.15	26.45	25.88	 0.57	  0.29	3
168.3652518	  3.2	+22.1480019	  1.4	-3.68	 0.33	-0.04	 0.23	25.63	25.27	 0.36	  0.11	2
168.3652668	  5.0	+22.1682314	  1.4	-0.66	 0.40	 0.56	 0.21	25.42	25.00	 0.43	  0.09	3
168.3652701	  1.4	+22.1654323	  2.2	 0.14	 0.19	 0.16	 0.31	25.97	25.41	 0.55	 -0.13	3
168.3652708	  2.2	+22.1634837	  1.8	-0.07	 0.26	 0.12	 0.23	24.78	24.79	-0.01	 -0.27	2
168.3652737	  0.7	+22.1751438	  1.4	 0.28	 0.13	-0.18	 0.24	25.20	24.53	 0.67	 -0.01	3
168.3652767	  4.0	+22.1758009	  3.2	-0.95	 0.48	 0.77	 0.45	26.15	25.61	 0.54	  0.15	3
168.3652889	  1.4	+22.1731709	  0.4	-0.05	 0.12	-0.14	 0.07	23.36	22.51	 0.86	  0.09	3
168.3653000	  4.0	+22.1833319	  3.6	-0.56	 0.38	 0.50	 0.48	26.12	25.47	 0.65	 -0.06	3
168.3653103	  1.4	+22.1617312	  1.8	-0.52	 0.18	 0.25	 0.26	25.55	25.20	 0.35	  0.18	2
168.3653123	  1.4	+22.1530167	  0.7	-1.23	 0.15	 0.35	 0.09	24.00	23.20	 0.80	  0.25	2
168.3653130	  1.1	+22.1530167	  0.7	-1.70	 0.11	 0.55	 0.09	24.00	23.10	 0.90	  0.25	2
168.3653224	  3.2	+22.1550569	  1.1	 0.30	 0.24	 0.07	 0.17	25.22	24.69	 0.53	  0.03	2
168.3653282	  1.1	+22.1702457	  1.1	-0.15	 0.13	 0.16	 0.23	19.75	18.56	 1.19	  0.07	3
168.3653381	  0.4	+22.1612686	  0.4	-0.05	 0.04	 0.03	 0.05	22.41	21.51	 0.90	  0.04	2
168.3653418	  1.8	+22.1776662	  1.1	 0.03	 0.30	-0.16	 0.22	19.79	18.56	 1.23	  0.08	3
168.3653611	  4.3	+22.1662214	  0.7	-0.01	 0.27	 0.76	 0.13	25.32	24.79	 0.53	  0.15	3
168.3653623	  9.0	+22.1653843	  1.8	 1.10	 0.57	-0.43	 0.29	26.06	25.45	 0.61	 -0.01	3
168.3653687	  1.4	+22.1458761	  1.8	 0.10	 0.14	 0.28	 0.28	25.26	25.00	 0.26	  0.05	2
168.3653730	  2.2	+22.1496159	  1.8	-0.58	 0.25	 0.26	 0.27	25.74	25.29	 0.45	 -0.04	2
168.3653795	  2.5	+22.1646508	  1.4	-0.25	 0.25	-0.04	 0.21	25.36	24.91	 0.45	  0.06	3
168.3653833	  3.2	+22.1466707	  2.2	 0.16	 0.34	 1.82	 0.32	26.34	25.75	 0.59	 -0.04	2
168.3653945	  1.4	+22.1573385	  1.1	 0.47	 0.11	 0.29	 0.15	24.97	24.64	 0.32	  0.12	2
168.3653995	  0.7	+22.1528907	  2.2	-0.01	 0.17	-0.43	 0.29	25.45	25.13	 0.32	  0.14	2
168.3654141	  2.2	+22.1535535	  0.7	 0.23	 0.18	 0.42	 0.12	24.92	24.22	 0.70	  0.00	2
168.3654152	  2.9	+22.1522441	  1.8	 0.05	 0.30	-0.35	 0.27	25.34	25.14	 0.20	  0.03	2
168.3654217	  0.4	+22.1651939	  0.7	-0.07	 0.06	-0.01	 0.10	22.31	21.36	 0.95	  0.04	3
168.3654275	  1.1	+22.1524399	  2.5	 0.43	 0.16	-0.29	 0.37	25.39	25.11	 0.28	 -0.26	2
168.3654280	  0.4	+22.1779569	  1.4	-0.08	 0.09	-0.20	 0.20	24.18	24.10	 0.08	 -0.02	3
168.3654333	  5.4	+22.1473903	  3.6	-1.34	 0.57	-2.22	 0.49	26.60	25.98	 0.62	  0.06	2
168.3654386	  2.9	+22.1599709	  1.1	-0.20	 0.29	-0.17	 0.16	25.54	25.02	 0.52	  0.09	2
168.3654394	  5.0	+22.1677271	  3.2	-0.82	 0.54	 0.39	 0.45	26.15	25.52	 0.64	  0.08	3
168.3654657	  1.4	+22.1542964	  2.5	-0.24	 0.22	-1.08	 0.36	25.57	25.02	 0.55	  0.01	2
168.3654712	  6.1	+22.1800816	  2.5	-1.00	 0.57	 0.12	 0.37	25.88	25.26	 0.62	  0.09	3
168.3654724	  4.3	+22.1481525	  3.6	-0.68	 0.54	-1.35	 0.52	26.31	25.77	 0.54	 -0.14	2
168.3654756	  2.9	+22.1728720	  1.8	 0.12	 0.31	 0.06	 0.26	25.06	24.57	 0.49	  0.08	3
168.3654777	  4.0	+22.1679989	  3.2	 0.42	 0.54	-0.59	 0.45	26.03	26.13	-0.10	  0.17	3
168.3654793	  6.8	+22.1761632	  2.5	 0.38	 0.63	 0.21	 0.36	25.93	25.57	 0.36	 -0.11	3
168.3654799	  1.8	+22.1644792	  1.4	-0.33	 0.22	-1.06	 0.27	24.76	24.28	 0.48	  0.12	3
168.3654879	  4.0	+22.1507265	  0.7	-0.12	 0.21	 0.37	 0.09	24.88	24.46	 0.42	  0.02	2
168.3654949	  2.9	+22.1739480	  3.2	 0.38	 0.38	-0.14	 0.50	26.18	25.78	 0.39	  0.25	3
168.3655062	  5.0	+22.1586997	  2.9	-0.48	 0.34	-0.64	 0.44	25.77	25.33	 0.44	 -0.19	2
168.3655087	  3.6	+22.1471536	  1.1	 0.46	 0.28	 0.02	 0.13	24.91	24.36	 0.56	  0.05	2
168.3655093	  0.7	+22.1612778	  0.7	-0.03	 0.10	-0.28	 0.11	24.31	23.86	 0.45	  0.13	2
168.3655164	  1.1	+22.1470399	  1.1	-0.23	 0.09	 0.25	 0.16	24.86	24.42	 0.44	  0.09	2
168.3655272	  2.5	+22.1698613	  1.8	 0.77	 0.31	 0.15	 0.26	25.71	25.52	 0.19	 -0.13	3
168.3655665	  7.2	+22.1493632	  1.4	-0.46	 0.50	-0.52	 0.22	26.05	25.43	 0.62	  0.07	2
168.3655694	 12.2	+22.1726637	  2.2	 0.13	 0.90	-0.02	 0.32	25.84	25.39	 0.46	 -0.09	3
168.3655736	  2.5	+22.1584519	  2.9	-0.06	 0.30	-0.63	 0.45	26.33	25.82	 0.51	 -0.17	2
168.3655745	  8.6	+22.1587756	  3.6	 0.02	 0.69	-2.36	 0.58	26.61	26.04	 0.57	 -0.06	2
168.3655759	  1.1	+22.1581765	  1.1	-0.21	 0.14	-0.50	 0.15	24.96	24.43	 0.53	 -0.07	2
168.3655822	  1.4	+22.1693767	  1.1	 0.26	 0.20	 0.33	 0.18	25.09	24.53	 0.55	 -0.05	3
168.3655923	  1.1	+22.1679031	  1.1	 0.09	 0.14	 0.11	 0.14	25.01	24.63	 0.38	  0.25	3
168.3656009	  3.6	+22.1689133	  1.4	-0.18	 0.25	-0.33	 0.19	25.19	24.77	 0.42	  0.11	3
168.3656027	  0.7	+22.1453887	  0.4	 0.12	 0.08	 0.09	 0.07	23.38	22.48	 0.89	  0.03	2
168.3656063	  2.9	+22.1749622	  1.8	 0.55	 0.24	 0.66	 0.28	25.17	25.08	 0.09	  0.01	3
168.3656064	 10.8	+22.1732498	  2.5	 1.03	 0.79	 2.52	 0.36	26.19	25.76	 0.43	  0.03	3
168.3656136	  5.4	+22.1648906	  1.1	 0.24	 0.35	-0.22	 0.16	25.59	25.27	 0.32	  0.06	3
168.3656362	  4.0	+22.1827658	  1.1	-0.92	 0.31	 0.11	 0.16	25.05	24.34	 0.70	  0.08	3
168.3656406	  2.2	+22.1516277	  1.8	-1.07	 0.24	 0.87	 0.23	25.81	25.05	 0.76	 -0.03	2
168.3656558	  2.9	+22.1490274	  3.6	-0.09	 0.31	-0.51	 0.53	26.29	25.34	 0.95	  0.04	2
168.3656625	  1.1	+22.1533946	  0.7	 0.04	 0.11	-0.08	 0.11	24.27	23.53	 0.74	  0.02	2
168.3656694	  2.2	+22.1617666	  1.4	 0.26	 0.26	 0.80	 0.22	26.01	25.20	 0.81	  0.12	2
168.3656756	  2.5	+22.1598747	  3.6	-0.51	 0.33	 1.24	 0.49	26.20	25.88	 0.32	  0.17	2
168.3656898	  0.7	+22.1477904	  1.8	-0.44	 0.16	 0.11	 0.27	24.96	24.36	 0.59	  0.02	2
168.3657011	  1.4	+22.1578596	  2.2	-0.61	 0.21	 0.38	 0.35	25.70	25.23	 0.47	 -0.19	2
168.3657047	  1.1	+22.1531013	  1.8	 0.36	 0.18	-0.23	 0.23	25.61	25.34	 0.27	 -0.15	2
168.3657146	  4.0	+22.1658732	  1.1	-0.58	 0.31	-0.59	 0.15	24.96	24.48	 0.48	  0.01	3
168.3657238	  4.3	+22.1771113	  3.2	 0.74	 0.44	 0.01	 0.42	25.87	25.38	 0.48	  0.06	3
168.3657257	  4.0	+22.1514787	  2.9	-0.04	 0.42	-1.05	 0.46	25.88	25.16	 0.72	  0.01	2
168.3657296	  1.1	+22.1757125	  0.7	-0.20	 0.12	-0.17	 0.09	23.76	22.95	 0.81	  0.05	3
168.3657396	  7.2	+22.1645721	  2.2	-0.18	 0.47	-1.03	 0.33	26.43	26.08	 0.35	  0.13	3
168.3657419	  1.1	+22.1648463	  1.1	 0.33	 0.15	-0.13	 0.16	24.82	24.06	 0.76	  0.01	3
168.3657420	  1.1	+22.1689908	  0.7	-0.46	 0.13	-0.27	 0.12	24.85	24.22	 0.63	 -0.01	3
168.3657447	  3.6	+22.1486868	  2.2	-0.92	 0.24	-0.29	 0.35	25.69	25.04	 0.65	 -0.13	2
168.3657572	  5.0	+22.1683260	  2.2	 0.45	 0.48	 0.39	 0.32	26.22	25.43	 0.79	 -0.16	3
168.3657584	  3.2	+22.1591055	  1.8	-0.49	 0.35	-0.61	 0.27	26.24	25.65	 0.59	 -0.24	2
168.3657589	  1.8	+22.1598087	  2.5	-0.33	 0.27	-0.05	 0.35	25.15	24.61	 0.54	  0.13	2
168.3657676	  2.9	+22.1475802	  1.4	-0.63	 0.30	-0.55	 0.18	25.57	25.10	 0.47	  0.13	2
168.3657691	  3.2	+22.1764105	  3.2	 0.06	 0.36	 0.32	 0.43	26.13	25.63	 0.51	  0.10	3
168.3657710	  1.4	+22.1646743	  1.1	 0.29	 0.14	-0.24	 0.14	24.91	24.33	 0.57	  0.03	3
168.3657799	  2.5	+22.1666237	  6.5	 2.25	 0.46	-1.94	 1.00	27.10	26.56	 0.54	 -1.38	3
168.3657966	  0.4	+22.1510864	  0.4	-0.01	 0.07	-0.12	 0.07	22.85	21.92	 0.93	  0.05	2
168.3658011	  1.1	+22.1696705	  0.4	-0.20	 0.07	-0.24	 0.03	22.06	21.13	 0.93	  0.06	3
168.3658044	  0.4	+22.1694601	  0.4	-0.24	 0.04	-0.40	 0.06	22.44	21.64	 0.80	  0.03	3
168.3658164	  5.4	+22.1628357	  2.5	-0.20	 0.55	 0.23	 0.33	26.18	25.71	 0.47	 -0.05	2
168.3658172	  0.4	+22.1741228	  0.4	 0.24	 0.05	 0.16	 0.06	22.18	21.18	 1.00	  0.05	3
168.3658197	 10.4	+22.1555778	  1.1	 0.98	 0.52	 0.47	 0.20	24.95	24.46	 0.49	  0.21	2
168.3658217	  0.4	+22.1710892	  0.4	 0.04	 0.05	 0.13	 0.05	20.43	19.25	 1.19	  0.03	3
168.3658270	  0.4	+22.1780673	  0.4	 0.00	 0.04	-0.29	 0.06	21.94	21.00	 0.94	  0.04	3
168.3658315	  1.1	+22.1532403	  1.1	-0.06	 0.14	 0.04	 0.14	23.96	23.06	 0.90	  0.00	2
168.3658430	  1.4	+22.1720942	  0.4	-0.03	 0.08	-0.07	 0.06	22.44	21.67	 0.77	  0.04	3
168.3658572	  1.1	+22.1493989	  1.1	-0.04	 0.14	 0.31	 0.17	25.37	24.87	 0.50	 -0.05	2
168.3658603	  1.4	+22.1484438	  0.4	-0.17	 0.10	-0.01	 0.05	22.50	21.58	 0.92	  0.04	2
168.3658664	  1.1	+22.1574957	  0.7	 0.30	 0.10	 0.05	 0.11	24.23	24.20	 0.04	 -0.01	2
168.3658707	  5.4	+22.1634124	  2.5	-0.09	 0.53	 0.00	 0.36	25.52	25.06	 0.45	  0.05	2
168.3658732	  3.6	+22.1472128	  2.2	 0.48	 0.42	-0.22	 0.32	25.88	25.39	 0.48	 -0.03	2
168.3658735	  5.4	+22.1786165	  1.8	-0.23	 0.48	 0.26	 0.27	25.49	25.03	 0.46	  0.25	3
168.3658758	  6.5	+22.1548728	  2.2	 0.38	 0.31	-0.44	 0.39	26.10	25.54	 0.56	  0.00	2
168.3658761	  3.2	+22.1680564	  1.4	-0.62	 0.30	-0.03	 0.19	25.09	24.64	 0.45	  0.13	3
168.3658789	  1.8	+22.1477990	  2.5	-0.41	 0.23	-0.05	 0.36	25.61	25.14	 0.47	  0.23	2
168.3658857	  3.6	+22.1447197	  1.4	-0.69	 0.29	-0.20	 0.18	25.70	25.34	 0.36	  0.17	2
168.3658940	  3.2	+22.1602831	  2.2	-0.14	 0.37	-1.92	 0.32	25.78	25.17	 0.61	 -0.05	2
168.3658944	  3.6	+22.1477074	  1.8	 0.10	 0.31	 0.36	 0.26	25.68	25.16	 0.52	  0.15	2
168.3658988	  0.4	+22.1540983	  1.4	 0.27	 0.05	-0.11	 0.20	25.13	24.71	 0.43	 -0.04	2
168.3659030	  2.9	+22.1475278	  1.8	-0.27	 0.26	-0.21	 0.26	25.67	25.27	 0.40	 -0.11	2
168.3659044	  0.7	+22.1757758	  0.4	 0.33	 0.05	-0.25	 0.06	22.11	21.13	 0.97	  0.04	3
168.3659079	  5.0	+22.1765658	  2.5	-0.62	 0.50	 0.25	 0.38	25.91	25.51	 0.40	  0.03	3
168.3659148	  0.7	+22.1459681	  1.1	-0.18	 0.11	 0.00	 0.18	25.03	24.40	 0.63	  0.12	2
168.3659165	  1.8	+22.1713963	  3.6	-0.17	 0.29	 0.18	 0.55	25.07	24.62	 0.45	  0.21	3
168.3659207	  2.2	+22.1626901	  2.5	-0.56	 0.34	-0.04	 0.35	25.63	25.06	 0.57	  0.14	2
168.3659221	  3.6	+22.1665219	  6.8	 0.60	 0.55	-0.09	 0.96	26.67	26.23	 0.44	 -0.09	3
168.3659262	  3.2	+22.1576223	  2.2	-0.04	 0.36	-0.28	 0.33	25.72	25.21	 0.51	 -0.04	2
168.3659429	  1.4	+22.1827998	  1.8	 0.02	 0.18	-0.01	 0.24	24.39	23.54	 0.85	  0.21	3
168.3659476	  2.9	+22.1659252	  1.1	 0.00	 0.22	-0.42	 0.13	25.08	24.64	 0.43	  0.27	3
168.3659496	  1.1	+22.1804395	  0.4	 0.21	 0.07	 0.08	 0.08	22.04	21.08	 0.95	  0.09	3
168.3659536	  4.3	+22.1555597	  2.9	-0.24	 0.47	 0.57	 0.44	26.32	26.18	 0.14	 -0.14	2
168.3659641	  1.1	+22.1792450	  1.4	 0.14	 0.13	 0.24	 0.18	25.09	24.46	 0.63	  0.04	3
168.3659649	 13.0	+22.1572579	  1.4	-1.77	 0.82	 0.73	 0.22	26.48	26.03	 0.45	 -0.09	2
168.3659782	  0.7	+22.1454047	  1.4	 1.34	 0.10	 0.38	 0.21	25.22	24.79	 0.43	  0.07	2
168.3659866	  0.4	+22.1525395	  0.4	-0.03	 0.05	-0.13	 0.07	23.19	22.26	 0.92	 -0.02	2
168.3659877	  9.4	+22.1652411	  3.6	 0.01	 0.58	-1.02	 0.54	26.26	25.77	 0.49	  0.20	3
168.3659918	  0.7	+22.1698572	  0.4	-0.16	 0.05	-0.12	 0.04	21.35	20.83	 0.53	  0.03	3
168.3660001	  6.5	+22.1593083	  0.7	-0.60	 0.30	 0.89	 0.08	25.40	24.92	 0.48	  0.07	2
168.3660019	  1.1	+22.1761916	  1.1	-0.20	 0.10	-0.33	 0.16	25.16	24.42	 0.74	  0.28	3
168.3660043	  9.7	+22.1778037	  1.8	-0.33	 0.63	 0.34	 0.28	25.93	25.36	 0.57	  0.24	3
168.3660136	  5.8	+22.1703752	  3.6	 0.07	 0.62	-0.20	 0.52	26.71	25.79	 0.92	  0.03	3
168.3660239	  1.1	+22.1657040	  1.1	-0.10	 0.16	-0.22	 0.18	24.63	24.38	 0.24	  0.04	3
168.3660246	  1.4	+22.1546721	  3.2	-0.41	 0.25	-0.38	 0.51	25.57	25.07	 0.50	  0.03	2
168.3660246	 29.5	+22.1683836	  2.5	 2.64	 1.24	 0.10	 0.41	26.42	25.76	 0.66	  0.21	3
168.3660303	  1.1	+22.1472083	  1.1	 0.22	 0.14	-0.07	 0.17	24.98	24.45	 0.53	  0.05	2
168.3660366	  2.2	+22.1524120	  4.7	-1.06	 0.36	 0.25	 0.61	26.22	25.91	 0.31	 -1.75	2
168.3660378	  1.8	+22.1533458	  1.1	 0.00	 0.18	-0.29	 0.14	25.14	24.75	 0.39	  0.06	2
168.3660518	  6.8	+22.1705003	  0.7	-0.63	 0.48	-0.65	 0.12	25.04	24.61	 0.43	  0.09	3
168.3660524	  4.0	+22.1675527	  2.2	 0.55	 0.34	-0.17	 0.32	26.05	25.52	 0.53	 -0.20	3
168.3660580	  2.5	+22.1711806	  0.7	 0.14	 0.18	-0.01	 0.11	25.05	24.34	 0.71	 -0.14	3
168.3660658	  2.9	+22.1779959	  2.2	-0.77	 0.33	 0.80	 0.38	25.87	25.31	 0.56	 -0.19	3
168.3660659	  5.4	+22.1572632	  1.4	 0.22	 0.36	-0.56	 0.21	25.80	25.08	 0.72	  0.21	2
168.3660713	  1.1	+22.1489256	  0.4	 0.10	 0.07	-0.13	 0.05	23.17	22.28	 0.89	  0.02	2
168.3660872	  0.4	+22.1540303	  1.8	 0.23	 0.08	-0.31	 0.24	25.36	24.75	 0.61	  0.07	2
168.3660931	  1.4	+22.1757616	  2.5	-0.24	 0.21	 0.40	 0.36	25.16	24.84	 0.32	  0.14	3
168.3661092	  3.2	+22.1668954	  4.3	-1.22	 0.49	 0.26	 0.67	26.65	25.84	 0.81	  0.22	3
168.3661227	  2.2	+22.1462204	  5.0	 0.07	 0.47	 1.22	 0.74	26.61	26.23	 0.39	 -1.06	2
168.3661227	  4.3	+22.1677394	  1.4	-0.17	 0.39	 0.19	 0.24	25.48	24.95	 0.53	  0.04	3
168.3661295	  2.2	+22.1737096	  3.2	 0.42	 0.37	-1.55	 0.45	25.97	25.54	 0.43	  0.07	3
168.3661299	  6.5	+22.1597038	  4.0	-0.94	 0.69	-1.54	 0.55	25.92	25.43	 0.49	  0.29	2
168.3661300	  4.0	+22.1803246	  2.5	-0.29	 0.39	-0.05	 0.32	25.78	25.09	 0.69	 -0.09	3
168.3661312	  4.7	+22.1771045	  2.5	-0.45	 0.42	 0.51	 0.39	26.10	25.63	 0.47	  0.01	3
168.3661337	  1.1	+22.1477302	  1.8	-0.07	 0.19	-0.28	 0.28	25.11	24.65	 0.46	  0.28	2
168.3661400	  1.1	+22.1797803	  0.7	 0.04	 0.12	 0.29	 0.12	24.13	23.35	 0.78	  0.20	3
168.3661449	  0.7	+22.1557339	  0.7	 0.28	 0.10	 0.05	 0.10	24.07	23.24	 0.83	  0.06	2
168.3661511	  0.4	+22.1584088	  0.4	 0.00	 0.06	 0.06	 0.06	20.68	19.62	 1.06	  0.03	2
168.3661546	  1.8	+22.1721728	  2.2	-0.42	 0.20	 0.27	 0.36	25.58	25.09	 0.49	 -0.02	3
168.3661581	  2.5	+22.1779577	  2.9	-1.04	 0.39	 0.65	 0.39	26.33	25.71	 0.62	  0.02	3
168.3661723	  3.2	+22.1602986	  4.0	 0.66	 0.45	 0.63	 0.59	26.38	25.83	 0.55	  0.00	2
168.3661815	  1.1	+22.1655201	  3.2	 0.40	 0.23	 0.60	 0.44	25.93	25.32	 0.61	  0.10	3
168.3661818	  0.7	+22.1472697	  1.8	 1.67	 0.13	-0.35	 0.24	25.70	25.17	 0.52	  0.06	2
168.3661837	  1.4	+22.1576071	  0.7	 0.40	 0.17	-0.16	 0.13	24.79	24.11	 0.68	  0.13	2
168.3661928	  1.4	+22.1774535	  0.7	-0.22	 0.14	-0.52	 0.11	24.79	24.33	 0.45	  0.08	3
168.3661959	  5.0	+22.1531209	  2.2	-1.15	 0.48	 0.53	 0.30	26.15	25.37	 0.78	  0.16	2
168.3662003	  2.5	+22.1621571	  2.5	-0.69	 0.34	-0.25	 0.34	25.92	25.46	 0.46	 -0.08	2
168.3662022	  1.1	+22.1700500	  1.1	-0.02	 0.14	 0.58	 0.15	25.38	24.88	 0.50	  0.18	3
168.3662222	  1.4	+22.1695914	  1.1	 0.04	 0.12	 0.22	 0.17	24.73	24.09	 0.64	  0.17	3
168.3662262	  1.8	+22.1497089	  1.1	 0.12	 0.17	-0.28	 0.14	25.00	24.25	 0.74	  0.07	2
168.3662270	  3.6	+22.1822323	  5.8	 0.75	 0.57	-0.12	 0.94	26.78	26.17	 0.61	 -0.05	3
168.3662275	 22.0	+22.1480544	  3.6	 0.50	 1.98	-0.97	 0.48	26.50	25.67	 0.83	 -0.14	2
168.3662339	  0.7	+22.1658240	  1.1	 0.38	 0.11	-0.62	 0.14	24.52	24.10	 0.42	  0.07	3
168.3662392	  0.7	+22.1492426	  1.1	-0.22	 0.08	 0.17	 0.15	24.52	24.30	 0.22	  0.05	2
168.3662450	  0.4	+22.1689998	  0.4	 0.09	 0.05	-0.07	 0.07	20.39	19.28	 1.11	  0.04	3
168.3662601	  1.1	+22.1720841	  1.8	-0.70	 0.16	 0.06	 0.24	25.57	25.17	 0.40	 -0.01	3
168.3662616	  1.1	+22.1712962	  1.4	 0.05	 0.11	 0.52	 0.20	24.70	24.11	 0.59	  0.16	3
168.3662801	  2.5	+22.1500344	  2.9	 0.36	 0.37	-0.26	 0.43	25.66	25.21	 0.46	  0.26	2
168.3662806	  1.8	+22.1456659	  6.5	-0.29	 0.35	-2.22	 0.87	26.35	26.00	 0.34	  0.20	2
168.3662838	  2.9	+22.1554098	  1.8	-0.02	 0.27	 0.03	 0.26	25.42	24.93	 0.49	 -0.04	2
168.3663026	  1.1	+22.1448377	  0.4	-0.19	 0.08	 0.34	 0.05	22.41	21.82	 0.60	  0.08	2
168.3663029	  3.6	+22.1782465	  1.1	-0.55	 0.25	 0.69	 0.16	25.62	25.09	 0.53	 -0.02	3
168.3663059	  0.7	+22.1642023	  0.4	 0.54	 0.06	 2.58	 0.03	22.07	21.16	 0.91	  0.15	3
168.3663076	  3.6	+22.1540689	  1.8	-0.29	 0.32	-0.48	 0.31	26.08	25.34	 0.74	  0.06	2
168.3663290	  1.1	+22.1592598	  1.1	 0.24	 0.13	-0.08	 0.18	24.90	24.48	 0.43	  0.09	2
168.3663319	  2.5	+22.1705622	  0.7	-0.16	 0.21	 0.22	 0.13	24.55	24.02	 0.52	  0.08	3
168.3663453	  0.7	+22.1506079	  0.4	-0.24	 0.07	-0.07	 0.08	22.27	21.43	 0.84	  0.05	2
168.3663463	  4.0	+22.1748606	  2.5	-0.52	 0.36	 0.12	 0.33	26.04	25.48	 0.56	  0.02	3
168.3663488	  0.7	+22.1666935	  0.4	 1.19	 0.05	-0.83	 0.08	22.80	22.11	 0.70	  0.04	3
168.3663519	  1.1	+22.1491514	  2.5	 0.77	 0.18	-0.41	 0.32	26.21	25.58	 0.63	  0.09	2
168.3663594	  2.5	+22.1481976	  2.5	-0.24	 0.28	 0.75	 0.37	25.73	25.20	 0.53	  0.13	2
168.3663678	  3.2	+22.1733637	  2.5	 0.84	 0.42	-0.16	 0.35	25.57	24.92	 0.65	  0.05	3
168.3663859	  3.6	+22.1596347	  4.0	-0.05	 0.49	-0.10	 0.55	26.46	26.04	 0.42	 -0.03	2
168.3663877	  2.5	+22.1622712	  1.1	 0.16	 0.25	-0.27	 0.15	25.38	24.82	 0.56	  0.01	2
168.3663902	  1.4	+22.1483687	  1.4	-0.03	 0.20	 0.42	 0.22	26.02	25.59	 0.43	 -0.10	2
168.3663931	  2.2	+22.1535289	  2.2	 0.09	 0.24	-0.33	 0.30	26.11	25.61	 0.50	 -0.07	2
168.3663942	  1.4	+22.1561887	  1.1	 0.22	 0.17	 0.64	 0.16	25.25	24.78	 0.47	  0.30	2
168.3663992	  6.8	+22.1701896	  2.2	 0.27	 0.55	 1.06	 0.28	26.44	25.86	 0.58	 -0.05	3
168.3664114	  4.7	+22.1754645	  4.3	-0.41	 0.51	-1.41	 0.63	26.57	25.97	 0.60	  0.19	3
168.3664157	  1.1	+22.1612244	  1.8	-1.44	 0.13	 0.87	 0.24	25.05	24.54	 0.51	  0.13	2
168.3664198	  1.4	+22.1743347	  4.3	-1.76	 0.31	 0.89	 0.62	26.52	25.83	 0.69	  0.04	3
168.3664238	 13.7	+22.1673263	  3.2	 2.97	 1.05	 0.52	 0.47	26.64	25.96	 0.68	  0.04	3
168.3664296	  1.8	+22.1678803	  1.1	-0.20	 0.13	-0.16	 0.18	25.13	25.03	 0.10	 -0.14	3
168.3664484	  0.4	+22.1805294	  0.4	-0.12	 0.07	 0.13	 0.07	22.39	21.62	 0.78	  0.03	3
168.3664598	  1.1	+22.1763059	  0.7	 0.25	 0.11	-0.30	 0.11	24.73	24.08	 0.65	  0.07	3
168.3664665	  1.4	+22.1461899	  1.4	 0.09	 0.20	-0.12	 0.18	24.83	24.22	 0.61	  0.11	2
168.3664701	  4.0	+22.1682186	  2.9	-0.03	 0.46	 0.20	 0.48	26.11	25.60	 0.52	  0.22	3
168.3664712	  1.8	+22.1748403	  1.1	 0.18	 0.17	 0.36	 0.17	25.20	24.71	 0.48	  0.03	3
168.3664894	  1.8	+22.1687485	  1.4	-0.36	 0.21	-0.29	 0.19	25.09	24.45	 0.64	  0.26	3
168.3664901	  3.6	+22.1568816	  2.5	 0.50	 0.40	 1.73	 0.38	26.41	26.03	 0.38	 -0.28	2
168.3664907	  0.4	+22.1665441	  1.1	 0.32	 0.08	-0.07	 0.15	24.23	23.49	 0.73	  0.11	3
168.3664938	 10.1	+22.1813832	  1.4	 0.02	 0.60	 0.09	 0.22	25.46	25.02	 0.43	  0.12	3
168.3664942	  2.5	+22.1607242	  1.1	 0.15	 0.24	 0.07	 0.18	25.63	25.06	 0.57	 -0.03	2
168.3664959	  2.2	+22.1544660	  1.1	-0.01	 0.18	-0.45	 0.12	24.89	24.27	 0.62	  0.04	2
168.3664976	  5.0	+22.1624792	  2.9	-0.11	 0.51	-1.74	 0.39	26.47	25.69	 0.78	  0.02	2
168.3665033	  0.4	+22.1586775	  0.7	-0.15	 0.08	-0.02	 0.10	23.57	22.70	 0.88	  0.12	2
168.3665073	  4.0	+22.1680480	  1.8	 0.15	 0.38	-0.23	 0.23	25.87	25.45	 0.42	 -0.19	3
168.3665166	  2.2	+22.1491811	  3.2	 1.10	 0.33	-0.94	 0.52	26.10	25.58	 0.51	  0.00	2
168.3665234	  1.8	+22.1550888	  0.7	-0.32	 0.18	-0.05	 0.12	25.08	24.47	 0.61	  0.00	2
168.3665333	  4.7	+22.1810546	  0.7	-0.24	 0.29	-0.08	 0.10	25.07	24.60	 0.47	  0.02	3
168.3665351	  4.3	+22.1671304	  1.8	-0.33	 0.43	-1.10	 0.26	26.23	25.86	 0.37	 -0.02	3
168.3665387	  0.7	+22.1562042	  0.4	-0.27	 0.07	 2.12	 0.07	23.67	22.86	 0.81	 -0.01	2
168.3665526	  1.4	+22.1448063	  1.4	-0.57	 0.17	 0.87	 0.22	25.21	24.77	 0.43	 -0.08	2
168.3665532	  1.8	+22.1553682	  2.2	-0.81	 0.26	-0.82	 0.29	25.75	25.36	 0.39	 -0.05	2
168.3665636	  2.9	+22.1751984	  2.5	-0.31	 0.34	-0.02	 0.37	26.03	25.57	 0.46	 -0.09	3
168.3665703	  2.5	+22.1780541	  3.2	 0.21	 0.33	-0.18	 0.45	26.78	26.45	 0.34	 -0.02	3
168.3665707	  2.2	+22.1528313	  1.1	 0.07	 0.18	 0.32	 0.18	24.87	24.37	 0.50	  0.09	2
168.3665711	  0.7	+22.1718071	  0.4	-0.14	 0.07	 0.14	 0.06	22.02	21.03	 0.98	  0.04	3
168.3665712	  1.1	+22.1522801	  0.4	 0.17	 0.10	-0.13	 0.06	21.06	20.02	 1.03	  0.03	2
168.3665752	  1.4	+22.1650967	  2.9	 0.03	 0.23	-0.42	 0.43	25.62	25.16	 0.46	  0.02	3
168.3665755	  1.1	+22.1652661	  0.7	-0.14	 0.15	 0.15	 0.12	24.44	24.18	 0.26	  0.19	3
168.3665866	  2.2	+22.1632640	  5.8	-0.42	 0.35	-0.41	 0.95	25.82	25.38	 0.44	  0.29	2
168.3665873	  5.4	+22.1539700	  3.6	 2.75	 0.52	-0.20	 0.47	25.97	25.30	 0.67	  0.23	2
168.3666038	  0.7	+22.1469271	  0.4	-0.04	 0.07	 0.09	 0.05	22.16	21.22	 0.93	  0.04	2
168.3666052	  0.4	+22.1772484	  0.7	-0.01	 0.08	-0.07	 0.09	23.23	22.38	 0.85	  0.12	3
168.3666150	  1.8	+22.1737663	  1.8	 0.21	 0.23	-0.01	 0.25	25.05	24.44	 0.60	  0.12	3
168.3666191	  4.0	+22.1467088	  0.7	-0.33	 0.16	 0.55	 0.08	25.22	24.89	 0.33	  0.04	2
168.3666251	  2.5	+22.1560129	  0.7	 0.65	 0.20	 0.36	 0.10	25.29	24.84	 0.45	 -0.01	2
168.3666329	  2.2	+22.1697274	  1.1	-0.40	 0.24	 0.37	 0.17	25.64	25.21	 0.42	 -0.01	3
168.3666385	  6.5	+22.1810018	  1.4	-1.07	 0.47	 0.06	 0.21	25.98	25.47	 0.51	 -0.15	3
168.3666458	  2.5	+22.1713964	  3.2	-0.36	 0.28	 0.20	 0.51	26.28	25.64	 0.64	 -0.20	3
168.3666567	  2.2	+22.1461249	  1.4	-0.29	 0.20	-0.13	 0.21	25.51	25.03	 0.48	 -0.01	2
168.3666585	  2.2	+22.1446562	  2.9	-0.55	 0.34	-0.01	 0.43	25.75	25.22	 0.53	  0.10	2
168.3666691	  2.5	+22.1505758	  2.5	 0.08	 0.28	-1.78	 0.33	26.16	25.64	 0.53	 -0.19	2
168.3666726	  0.4	+22.1526508	  0.7	-0.07	 0.06	-0.08	 0.12	24.22	23.45	 0.77	  0.00	2
168.3666864	  5.4	+22.1484449	  3.2	-0.65	 0.44	-0.11	 0.47	26.41	25.94	 0.48	  0.24	2
168.3666959	  2.9	+22.1726395	  1.8	-0.27	 0.29	-0.07	 0.26	25.89	25.42	 0.47	 -0.06	3
168.3667024	  0.7	+22.1716037	  0.4	-0.08	 0.07	 0.03	 0.07	21.88	21.07	 0.81	  0.04	3
168.3667108	  1.8	+22.1661764	  0.7	 0.15	 0.14	-0.42	 0.10	24.56	23.78	 0.78	  0.24	3
168.3667159	  1.1	+22.1504403	  2.9	-0.19	 0.24	 0.81	 0.49	25.80	25.47	 0.33	  0.25	2
168.3667237	  1.8	+22.1675370	  1.8	-0.46	 0.20	 0.13	 0.23	25.46	24.86	 0.60	  0.01	3
168.3667394	 14.0	+22.1638552	  9.4	-2.25	 2.36	 1.21	 2.02	25.70	26.23	-0.54	  0.02	2
168.3667395	  2.2	+22.1589054	  1.4	-0.13	 0.23	 0.19	 0.22	25.29	24.72	 0.57	  0.03	2
168.3667444	  2.5	+22.1611505	  2.5	-0.17	 0.29	 0.80	 0.39	25.46	24.85	 0.61	  0.05	2
168.3667612	  1.8	+22.1758576	  2.5	-0.35	 0.31	 0.49	 0.34	25.83	25.36	 0.47	  0.02	3
168.3667621	  0.7	+22.1654584	  0.4	-0.10	 0.06	-0.09	 0.05	22.50	21.85	 0.65	  0.03	3
168.3667703	  0.7	+22.1519784	  0.7	 0.05	 0.11	 0.07	 0.11	23.82	23.89	-0.08	  0.20	2
168.3667762	  0.4	+22.1499166	  0.4	-0.12	 0.04	 0.04	 0.05	22.00	21.14	 0.86	  0.04	2
168.3667921	  2.2	+22.1834335	  2.9	 1.17	 0.30	 1.25	 0.40	26.14	25.51	 0.63	  0.01	3
168.3667937	  2.2	+22.1619611	  1.8	-1.11	 0.24	 1.33	 0.28	25.62	25.15	 0.47	  0.26	2
168.3667956	  0.4	+22.1684034	  0.4	 0.19	 0.05	-0.24	 0.07	21.07	20.00	 1.07	  0.03	3
168.3668268	  1.8	+22.1615808	  2.2	-1.01	 0.17	 0.84	 0.33	25.42	24.74	 0.67	  0.22	2
168.3668326	  0.7	+22.1708578	  2.2	 0.37	 0.16	-0.51	 0.32	24.88	24.28	 0.60	  0.20	3
168.3668327	 12.6	+22.1487986	  2.2	 0.22	 0.66	-0.95	 0.29	26.68	26.11	 0.57	  0.23	2
168.3668363	  1.4	+22.1600992	  1.1	-0.30	 0.14	 0.32	 0.14	24.50	23.79	 0.71	  0.04	2
168.3668363	  2.2	+22.1600987	  0.7	-0.26	 0.18	 0.21	 0.07	24.50	23.78	 0.72	  0.02	2
168.3668392	  1.4	+22.1525429	  1.4	-0.16	 0.18	-0.07	 0.18	25.00	24.53	 0.47	 -0.04	2
168.3668411	  0.4	+22.1642264	  4.0	 1.40	 0.06	 0.24	 0.59	26.05	24.26	 1.78	  0.29	3
168.3668472	  2.2	+22.1738392	  2.2	 1.63	 0.29	 0.18	 0.32	25.86	25.33	 0.53	  0.22	3
168.3668527	  2.2	+22.1771131	  0.7	 0.20	 0.14	-0.52	 0.11	24.65	23.81	 0.84	  0.14	3
168.3668627	  1.4	+22.1727840	  1.4	 0.17	 0.16	-0.04	 0.24	25.29	24.82	 0.46	 -0.04	3
168.3668653	  1.1	+22.1553003	  1.4	 0.28	 0.14	 0.89	 0.18	25.23	24.95	 0.28	  0.10	2
168.3668664	  2.5	+22.1489191	  1.8	-0.49	 0.28	-0.14	 0.23	25.18	24.98	 0.19	 -0.08	2
168.3668695	  4.3	+22.1518418	  1.8	 0.13	 0.39	 0.58	 0.26	25.58	25.12	 0.46	  0.18	2
168.3668822	  0.7	+22.1547200	  1.8	 0.00	 0.15	 0.06	 0.27	24.88	24.32	 0.56	  0.06	2
168.3668891	  0.4	+22.1520724	  0.4	 0.17	 0.04	 0.00	 0.06	22.31	21.49	 0.82	  0.03	2
168.3669029	  0.7	+22.1651234	  0.7	 0.02	 0.09	-0.05	 0.09	23.83	23.09	 0.74	  0.04	3
168.3669034	  1.8	+22.1474096	  2.5	-0.57	 0.28	-0.22	 0.38	25.77	25.34	 0.44	  0.19	2
168.3669039	  1.1	+22.1628836	  1.1	-0.07	 0.09	 0.32	 0.13	24.78	24.14	 0.64	  0.11	2
168.3669058	  2.2	+22.1508176	  1.4	 0.34	 0.24	-0.38	 0.23	25.68	25.11	 0.57	  0.06	2
168.3669157	  2.9	+22.1503300	  0.7	-0.40	 0.17	-0.28	 0.14	25.25	24.65	 0.60	 -0.05	2
168.3669167	  2.2	+22.1577918	  1.8	 0.39	 0.24	-0.85	 0.24	25.06	24.27	 0.79	  0.13	2
168.3669200	  1.4	+22.1590418	  0.4	 0.37	 0.12	 0.07	 0.07	23.81	23.01	 0.80	  0.05	2
168.3669203	  2.5	+22.1768559	  2.9	-0.27	 0.36	-1.11	 0.40	26.25	25.73	 0.52	 -0.23	3
168.3669305	  1.8	+22.1574550	  0.7	-0.10	 0.17	-0.36	 0.11	24.30	23.47	 0.83	  0.07	2
168.3669333	  1.8	+22.1636574	  1.4	 0.26	 0.21	 0.49	 0.23	25.31	24.83	 0.47	  0.00	2
168.3669369	  1.8	+22.1594358	  2.9	-0.09	 0.29	-0.04	 0.40	26.33	25.83	 0.49	  0.05	2
168.3669437	  2.9	+22.1566152	  1.4	 0.42	 0.28	-0.07	 0.19	25.80	25.26	 0.54	 -0.06	2
168.3669496	  1.8	+22.1454567	  5.8	-0.62	 0.24	 0.46	 0.83	26.71	26.11	 0.60	  0.08	2
168.3669523	  3.6	+22.1452743	  1.1	-0.89	 0.29	 0.98	 0.16	25.49	24.80	 0.68	  0.11	2
168.3669533	  1.8	+22.1580795	  1.1	-0.34	 0.17	-0.08	 0.14	24.63	23.93	 0.69	  0.11	2
168.3669542	  4.3	+22.1602792	  2.5	-0.50	 0.49	-1.40	 0.40	26.20	25.98	 0.22	 -0.24	2
168.3669588	  0.7	+22.1522845	  1.1	-0.21	 0.12	-0.01	 0.16	24.64	23.89	 0.75	  0.03	2
168.3669607	  1.4	+22.1572887	  1.8	 0.26	 0.21	-0.68	 0.26	25.58	25.07	 0.52	  0.22	2
168.3669622	 18.4	+22.1835965	  1.1	-0.81	 0.87	-0.17	 0.14	26.02	25.41	 0.61	  0.09	3
168.3669669	  1.8	+22.1645280	  1.8	-0.04	 0.24	 1.01	 0.24	25.51	25.05	 0.46	  0.18	3
168.3669688	  1.8	+22.1569890	  1.8	-0.38	 0.23	 0.65	 0.25	25.93	25.43	 0.50	 -0.04	2
168.3669733	  3.2	+22.1603583	  1.8	-0.84	 0.32	 0.04	 0.26	26.12	25.50	 0.63	 -0.07	2
168.3669786	  1.4	+22.1597035	  0.7	-0.23	 0.12	-0.16	 0.13	24.77	24.11	 0.65	  0.06	2
168.3669796	  1.1	+22.1571041	  1.8	 0.57	 0.19	 0.79	 0.25	25.93	25.50	 0.43	  0.00	2
168.3669798	  1.4	+22.1489019	  1.4	-0.01	 0.16	 0.41	 0.19	25.44	24.84	 0.60	  0.04	2
168.3669838	  8.3	+22.1455425	  3.2	-1.00	 0.79	-0.88	 0.46	26.59	25.90	 0.69	  0.18	2
168.3669893	  1.4	+22.1664684	  1.1	 0.21	 0.15	-0.03	 0.14	25.38	24.79	 0.59	  0.10	3
168.3669905	  5.0	+22.1525047	  2.2	-0.91	 0.49	-0.34	 0.31	26.03	25.39	 0.64	 -0.09	2
168.3669919	  1.8	+22.1795015	  2.2	-0.85	 0.23	-0.46	 0.32	25.88	25.33	 0.55	  0.17	3
168.3670101	  4.0	+22.1632783	  2.2	 0.04	 0.35	 0.44	 0.36	25.85	25.28	 0.57	 -0.07	2
168.3670240	  1.8	+22.1713784	  2.5	-0.85	 0.28	 0.26	 0.34	25.99	25.55	 0.43	  0.13	3
168.3670294	  5.4	+22.1705168	  1.8	-0.13	 0.46	 0.26	 0.27	25.51	24.97	 0.54	  0.08	3
168.3670345	  4.0	+22.1799494	  1.8	-0.55	 0.32	-0.98	 0.24	26.21	25.70	 0.51	 -0.18	3
168.3670393	  4.0	+22.1495524	  2.5	-0.72	 0.38	 0.57	 0.34	25.83	25.16	 0.67	  0.22	2
168.3670399	  1.1	+22.1673187	  0.7	-0.15	 0.11	-0.39	 0.08	24.22	23.38	 0.85	  0.06	3
168.3670415	  1.4	+22.1527937	  1.8	-0.46	 0.21	-0.14	 0.23	25.43	24.82	 0.61	  0.20	2
168.3670421	  1.1	+22.1768213	  3.2	 0.21	 0.22	-0.39	 0.50	25.76	25.42	 0.34	 -0.09	3
168.3670591	  1.8	+22.1564372	  3.2	 0.52	 0.27	-0.50	 0.48	25.77	25.09	 0.68	  0.16	2
168.3670651	  2.2	+22.1584988	  1.1	-0.02	 0.21	 0.33	 0.18	25.16	24.50	 0.66	  0.07	2
168.3670714	  5.4	+22.1764943	  2.5	 0.19	 0.53	-0.19	 0.35	26.23	25.66	 0.56	 -0.14	3
168.3670716	  3.2	+22.1524222	  1.1	-0.09	 0.25	 0.12	 0.13	25.28	24.78	 0.50	 -0.11	2
168.3670767	  1.4	+22.1793058	  2.9	-0.21	 0.26	-0.49	 0.37	25.92	25.25	 0.67	  0.02	3
168.3670889	  1.4	+22.1474064	  2.9	-0.02	 0.23	 0.51	 0.37	26.12	25.47	 0.66	 -0.09	2
168.3670900	  5.4	+22.1727489	  2.9	 0.30	 0.52	-0.78	 0.41	26.67	26.18	 0.49	 -0.04	3
168.3670955	  1.8	+22.1670226	  1.4	 0.01	 0.19	-0.37	 0.22	25.45	25.10	 0.34	 -0.12	3
168.3670956	  1.1	+22.1630132	  1.1	-0.12	 0.13	 0.25	 0.16	24.90	24.39	 0.52	  0.02	2
168.3671264	  2.2	+22.1654710	  1.1	 0.18	 0.20	 0.02	 0.17	25.06	24.65	 0.41	  0.30	3
168.3671297	  1.8	+22.1709593	  1.8	 0.23	 0.21	-0.18	 0.26	25.89	25.41	 0.48	 -0.01	3
168.3671398	  0.7	+22.1675679	  1.1	-0.08	 0.14	 0.11	 0.16	25.50	25.06	 0.44	  0.06	3
168.3671479	  6.1	+22.1831608	  4.0	-0.13	 0.86	 0.95	 0.60	26.25	25.81	 0.44	 -0.14	3
168.3671503	  0.7	+22.1541478	  0.4	-0.11	 0.09	-0.14	 0.06	21.94	20.98	 0.96	  0.03	2
168.3671504	  3.2	+22.1695135	  1.8	-0.27	 0.31	-0.35	 0.23	25.66	25.12	 0.54	  0.09	3
168.3671541	  3.2	+22.1833159	  1.8	-0.09	 0.31	 0.32	 0.28	25.61	25.07	 0.54	 -0.08	3
168.3671548	  6.5	+22.1757940	  2.2	-1.02	 0.44	-0.09	 0.38	26.14	25.64	 0.50	  0.25	3
168.3671550	  2.5	+22.1663256	  1.1	-0.10	 0.17	 0.00	 0.17	25.04	24.49	 0.55	  0.12	3
168.3671592	  1.4	+22.1530438	  3.6	-1.49	 0.24	 1.38	 0.50	26.35	25.84	 0.52	 -0.07	2
168.3671606	  2.2	+22.1501766	  0.7	-0.17	 0.20	 0.00	 0.11	24.96	24.71	 0.26	  0.02	2
168.3671716	  2.2	+22.1805534	  2.2	-1.02	 0.30	 0.22	 0.30	25.68	25.29	 0.39	 -0.03	3
168.3671754	 13.7	+22.1543660	  0.4	-0.36	 0.50	 0.27	 0.05	24.89	24.22	 0.67	  0.16	2
168.3671760	  0.7	+22.1648883	  1.8	-0.46	 0.14	 0.28	 0.24	25.58	25.03	 0.55	 -0.10	3
168.3671877	  2.9	+22.1526967	  3.6	-0.30	 0.34	-0.85	 0.57	26.13	25.39	 0.74	 -0.10	2
168.3671902	  0.7	+22.1471488	  1.1	-0.03	 0.11	 0.02	 0.19	23.85	23.05	 0.80	  0.06	2
168.3672004	  5.0	+22.1777863	  1.4	 0.16	 0.38	 0.44	 0.18	25.68	25.09	 0.59	  0.12	3
168.3672033	  1.1	+22.1798648	  1.1	 0.08	 0.12	 0.29	 0.18	24.86	24.31	 0.55	  0.05	3
168.3672080	  1.1	+22.1644777	  1.8	-0.17	 0.19	 0.54	 0.25	25.88	25.35	 0.54	 -0.08	3
168.3672095	  1.4	+22.1766515	  0.7	-0.21	 0.16	 0.08	 0.09	23.52	22.64	 0.87	  0.09	3
168.3672194	  2.5	+22.1512685	  2.5	 0.00	 0.27	 0.12	 0.34	25.68	25.22	 0.45	 -0.12	2
168.3672223	  0.7	+22.1823328	  2.9	 0.02	 0.20	-0.20	 0.39	25.38	24.89	 0.49	  0.08	3
168.3672258	  4.0	+22.1567708	  2.5	-1.51	 0.43	-0.60	 0.35	26.08	25.66	 0.42	  0.24	2
168.3672284	  3.2	+22.1500435	  3.2	-0.57	 0.33	 0.05	 0.51	25.58	25.13	 0.45	  0.01	2
168.3672452	  4.0	+22.1694176	  0.4	-0.25	 0.23	-0.20	 0.07	24.75	23.93	 0.82	  0.07	3
168.3672512	  1.8	+22.1725911	  1.1	-0.24	 0.18	-0.18	 0.13	25.04	24.39	 0.64	  0.03	3
168.3672519	  1.4	+22.1819130	  1.4	 0.23	 0.16	 0.04	 0.18	24.92	24.13	 0.80	  0.08	3
168.3672606	  3.2	+22.1529828	  2.5	-0.70	 0.29	 0.83	 0.41	25.96	25.33	 0.64	 -0.07	2
168.3672716	  2.9	+22.1577825	  2.9	 0.68	 0.32	 0.13	 0.45	25.82	25.31	 0.51	  0.02	2
168.3672740	  2.2	+22.1807445	  1.8	-0.32	 0.27	-0.44	 0.24	25.25	24.68	 0.57	  0.08	3
168.3672823	  2.2	+22.1589435	  1.1	 0.06	 0.15	-0.30	 0.15	24.75	24.22	 0.52	  0.11	2
168.3672827	  2.9	+22.1611020	  4.7	-1.23	 0.47	 0.25	 0.80	26.13	25.38	 0.75	 -0.05	2
168.3672912	  9.4	+22.1795644	  1.4	 0.04	 0.62	-0.60	 0.21	25.96	25.44	 0.52	 -0.03	3
168.3673043	  4.0	+22.1537909	  1.1	-1.33	 0.30	-0.41	 0.17	24.63	24.11	 0.52	  0.19	2
168.3673043	  0.7	+22.1554216	  1.1	-0.23	 0.11	 0.35	 0.14	24.75	24.26	 0.49	  0.25	2
168.3673090	  3.6	+22.1465241	  1.8	-1.57	 0.33	 0.30	 0.24	25.76	25.16	 0.59	  0.15	2
168.3673107	  1.1	+22.1666524	  2.5	-0.46	 0.22	 0.09	 0.37	25.85	25.36	 0.49	 -0.08	3
168.3673120	  1.1	+22.1533938	  0.4	-0.09	 0.07	-0.26	 0.03	23.50	22.65	 0.85	  0.06	2
168.3673134	  1.1	+22.1670246	  2.2	-0.12	 0.20	 0.04	 0.30	25.69	25.24	 0.45	 -0.11	3
168.3673273	  2.2	+22.1799288	  2.9	 0.80	 0.31	-0.27	 0.37	25.94	25.52	 0.42	 -0.04	3
168.3673320	  0.4	+22.1584620	  0.7	 0.32	 0.06	 0.11	 0.08	23.64	23.49	 0.14	  0.06	2
168.3673352	  2.5	+22.1681044	  1.4	-0.44	 0.25	 0.22	 0.20	25.25	24.76	 0.48	 -0.08	3
168.3673388	  4.7	+22.1645186	  2.5	 1.23	 0.45	-0.56	 0.35	25.71	25.17	 0.55	  0.00	3
168.3673394	  2.5	+22.1462354	  0.7	-0.13	 0.19	-0.16	 0.10	25.21	24.77	 0.45	 -0.09	2
168.3673414	  1.1	+22.1718637	  2.5	 0.52	 0.19	 0.46	 0.35	25.55	25.15	 0.40	  0.06	3
168.3673418	  9.4	+22.1786295	  2.5	-0.21	 0.67	 1.92	 0.42	26.06	25.45	 0.61	  0.20	3
168.3673530	  9.7	+22.1518649	  1.1	 1.05	 0.57	 0.19	 0.16	25.84	25.33	 0.50	  0.28	2
168.3673563	  4.3	+22.1761422	  1.1	-0.40	 0.30	 0.12	 0.16	25.71	25.18	 0.53	 -0.06	3
168.3673648	  1.8	+22.1618211	  3.6	 0.41	 0.29	-1.94	 0.52	26.25	25.68	 0.57	  0.02	2
168.3673856	  1.4	+22.1815824	  2.2	-0.34	 0.18	 1.50	 0.33	25.62	25.20	 0.42	  0.03	3
168.3673884	  1.1	+22.1609225	  0.7	-0.27	 0.11	-0.24	 0.12	25.17	24.63	 0.54	 -0.02	2
168.3673885	  1.8	+22.1466486	  1.1	 0.26	 0.17	 0.83	 0.16	24.82	24.18	 0.64	  0.10	2
168.3673938	  1.1	+22.1629403	  0.4	-0.18	 0.11	-0.11	 0.08	24.15	23.30	 0.85	  0.06	2
168.3673951	  2.2	+22.1832686	  2.9	-0.47	 0.24	-1.01	 0.42	25.86	25.36	 0.51	  0.29	3
168.3673959	  2.5	+22.1495866	  1.4	-0.22	 0.21	 0.20	 0.20	25.50	24.86	 0.64	 -0.10	2
168.3673984	  4.3	+22.1493434	  4.0	 1.08	 0.51	 1.35	 0.58	26.47	25.98	 0.49	  0.02	2
168.3673987	  0.7	+22.1549715	  0.4	 0.08	 0.10	-0.10	 0.06	22.30	21.72	 0.58	  0.06	2
168.3674025	  0.7	+22.1613549	  0.7	 0.29	 0.09	-0.17	 0.12	24.29	23.53	 0.75	  0.07	2
168.3674037	  7.9	+22.1817532	  5.0	 0.62	 1.06	-0.66	 0.78	26.96	26.01	 0.95	  0.04	3
168.3674088	  2.5	+22.1740036	  1.1	-0.06	 0.22	 0.80	 0.17	25.07	24.40	 0.67	  0.10	3
168.3674096	  3.2	+22.1724655	  4.0	-2.04	 0.44	-0.62	 0.58	26.58	25.92	 0.66	 -0.11	3
168.3674242	  0.7	+22.1471422	  0.4	 0.20	 0.07	 0.16	 0.07	23.41	22.50	 0.91	  0.03	2
168.3674262	  0.4	+22.1552554	  0.4	 0.11	 0.04	-0.10	 0.06	23.44	22.55	 0.89	  0.07	2
168.3674347	  7.9	+22.1667158	  0.7	-0.46	 0.54	 0.37	 0.13	25.32	24.75	 0.57	  0.07	3
168.3674387	  0.4	+22.1460286	  0.4	-0.03	 0.05	 0.12	 0.05	22.38	21.62	 0.75	  0.04	2
168.3674447	  0.4	+22.1566358	  0.4	 0.12	 0.05	-0.16	 0.06	22.25	21.95	 0.30	  0.09	2
168.3674485	  6.8	+22.1505055	  2.2	 0.04	 0.53	 0.24	 0.30	26.42	26.20	 0.22	 -0.21	2
168.3674487	  0.7	+22.1512893	  0.7	-0.07	 0.11	-0.10	 0.10	24.34	23.82	 0.52	  0.05	2
168.3674489	  1.4	+22.1810742	  1.8	-0.69	 0.19	 0.48	 0.22	25.69	25.19	 0.50	  0.14	3
168.3674596	  0.7	+22.1451155	  0.7	-0.21	 0.08	 0.08	 0.12	24.22	23.44	 0.78	  0.06	2
168.3674681	  0.7	+22.1594001	  0.7	-0.37	 0.10	-0.05	 0.09	23.19	22.34	 0.85	  0.05	2
168.3674760	  1.4	+22.1686366	  2.5	 0.12	 0.25	 0.15	 0.37	26.06	25.73	 0.33	 -0.05	3
168.3674822	  3.2	+22.1474318	  1.1	 1.07	 0.26	-0.57	 0.15	25.93	25.27	 0.66	  0.05	2
168.3674975	  3.6	+22.1538639	  4.7	-0.36	 0.52	-0.29	 0.67	26.67	26.43	 0.25	 -0.12	2
168.3674990	  2.5	+22.1802790	  1.1	-0.09	 0.23	 0.57	 0.18	24.86	24.43	 0.42	  0.09	3
168.3675008	  2.5	+22.1671085	 10.4	-0.41	 0.51	-0.39	 1.67	26.51	25.93	 0.58	  0.15	3
168.3675067	  0.7	+22.1630865	  1.1	 0.39	 0.13	-0.57	 0.20	25.22	24.81	 0.41	 -0.11	2
168.3675101	  1.1	+22.1613985	  0.4	-0.15	 0.11	 0.13	 0.07	24.01	23.15	 0.87	  0.09	2
168.3675123	  1.8	+22.1720663	  2.9	-0.81	 0.30	 0.87	 0.44	25.85	25.27	 0.58	  0.28	3
168.3675140	  1.1	+22.1797009	  4.7	 1.06	 0.24	-0.15	 0.67	26.32	25.51	 0.81	 -0.08	3
168.3675191	  1.1	+22.1755442	  1.4	-0.06	 0.17	-0.15	 0.20	24.83	24.31	 0.52	  0.09	3
168.3675251	  5.4	+22.1580968	  2.5	-0.38	 0.46	 0.61	 0.39	25.84	25.32	 0.53	  0.03	2
168.3675318	  0.0	+22.1698598	  0.4	-0.01	 0.03	-0.09	 0.04	21.91	20.91	 0.99	  0.03	3
168.3675321	  1.8	+22.1480704	  1.4	 0.00	 0.23	 0.16	 0.18	25.15	24.56	 0.59	  0.17	2
168.3675325	  5.4	+22.1579137	  2.5	 0.48	 0.39	 0.12	 0.40	26.29	25.68	 0.61	 -0.16	2
168.3675511	  0.4	+22.1531432	  0.4	 0.24	 0.07	-0.17	 0.07	21.36	20.37	 0.99	  0.05	2
168.3675544	  1.1	+22.1540362	  1.4	 0.18	 0.16	-0.32	 0.22	25.11	24.76	 0.34	 -0.09	2
168.3675589	  9.0	+22.1829421	  3.6	 0.02	 0.80	 1.62	 0.57	26.25	25.61	 0.65	  0.11	3
168.3675595	  0.7	+22.1655153	  1.1	-0.28	 0.11	 0.17	 0.13	24.78	24.06	 0.72	  0.14	3
168.3675596	  3.2	+22.1748982	  1.4	-0.02	 0.32	-0.26	 0.23	25.58	24.88	 0.70	  0.17	3
168.3675762	  5.8	+22.1544759	  2.2	-0.19	 0.45	-2.77	 0.38	25.96	25.45	 0.51	  0.08	2
168.3675884	  0.7	+22.1456194	  0.4	-0.26	 0.07	 0.13	 0.07	22.43	22.20	 0.23	  0.05	2
168.3675889	  5.4	+22.1665746	  2.5	-0.54	 0.51	-0.92	 0.40	25.48	25.04	 0.43	  0.24	3
168.3675890	  3.2	+22.1589490	  1.4	 0.12	 0.34	-0.14	 0.23	26.34	25.71	 0.63	  0.09	2
168.3675924	  0.4	+22.1490164	  0.4	-0.41	 0.06	-0.09	 0.05	22.92	22.10	 0.82	  0.04	2
168.3675971	  1.1	+22.1731163	  1.1	-0.28	 0.13	-0.05	 0.19	24.66	24.15	 0.51	  0.06	3
168.3675987	  1.4	+22.1740234	  1.1	-0.56	 0.17	 0.13	 0.14	24.98	24.21	 0.77	  0.13	3
168.3675996	  7.2	+22.1446014	  1.4	-0.44	 0.51	-0.16	 0.19	26.31	25.86	 0.46	 -0.04	2
168.3676227	  1.8	+22.1676777	  0.7	 0.33	 0.17	-0.12	 0.10	24.96	24.37	 0.59	  0.03	3
168.3676290	  3.6	+22.1745944	  2.5	 0.05	 0.35	 0.63	 0.37	25.98	25.51	 0.47	 -0.07	3
168.3676333	  1.1	+22.1747269	  0.7	 0.17	 0.11	 0.08	 0.11	24.32	23.83	 0.49	  0.03	3
168.3676340	  1.4	+22.1620127	  1.1	-0.09	 0.16	 0.03	 0.16	25.02	24.39	 0.63	 -0.07	2
168.3676369	  9.4	+22.1668005	  1.1	 0.46	 0.58	-0.08	 0.15	25.58	25.27	 0.30	 -0.23	3
168.3676424	  2.2	+22.1586282	  1.1	 0.08	 0.18	-0.58	 0.18	24.58	24.50	 0.08	  0.02	2
168.3676479	  4.0	+22.1577615	  2.5	 0.49	 0.39	-0.33	 0.39	26.07	25.53	 0.54	 -0.10	2
168.3676500	  3.2	+22.1552573	  2.2	 0.69	 0.32	-1.48	 0.32	26.11	25.42	 0.69	  0.05	2
168.3676532	  1.1	+22.1699913	  1.8	 0.05	 0.12	-0.94	 0.25	25.75	25.14	 0.61	  0.14	3
168.3676690	 10.8	+22.1517699	  4.0	-0.58	 0.86	 1.83	 0.53	26.38	26.07	 0.32	  0.23	2
168.3676715	  2.5	+22.1606748	  2.2	-0.86	 0.26	 0.38	 0.27	25.69	25.22	 0.47	  0.13	2
168.3676749	  2.9	+22.1516204	  2.9	 0.03	 0.35	 0.20	 0.40	26.13	25.54	 0.58	 -0.03	2
168.3676922	  4.7	+22.1687873	  1.1	-0.72	 0.33	-0.19	 0.15	25.59	25.09	 0.49	 -0.10	3
168.3676925	  1.1	+22.1610959	  1.8	-0.20	 0.18	-0.21	 0.27	25.08	24.93	 0.15	  0.13	2
168.3677003	  2.5	+22.1570430	  2.9	-1.06	 0.34	 0.20	 0.40	26.14	25.60	 0.54	  0.20	2
168.3677041	  0.7	+22.1583390	  0.7	-0.09	 0.10	-0.10	 0.09	23.12	22.23	 0.88	  0.03	2
168.3677054	  3.2	+22.1487476	  2.2	 0.26	 0.35	-1.30	 0.32	26.13	25.68	 0.45	 -0.09	2
168.3677071	  4.0	+22.1520998	  1.4	-0.26	 0.31	 0.12	 0.21	25.60	25.07	 0.53	  0.18	2
168.3677073	  4.0	+22.1521002	  1.1	-0.14	 0.30	 0.36	 0.16	25.60	24.99	 0.61	  0.12	2
168.3677102	  2.5	+22.1814330	  1.4	-1.43	 0.26	 0.73	 0.19	26.25	25.76	 0.49	  0.17	3
168.3677139	  2.2	+22.1629279	  0.7	-0.21	 0.20	 0.13	 0.12	25.34	24.78	 0.56	  0.12	2
168.3677230	  2.2	+22.1549432	  1.4	-0.28	 0.23	-0.85	 0.20	25.84	25.45	 0.39	 -0.24	2
168.3677230	  2.9	+22.1811605	  2.5	-0.49	 0.25	-0.58	 0.39	25.67	25.27	 0.40	 -0.04	3
168.3677294	  6.5	+22.1555114	  1.8	-0.02	 0.53	 0.04	 0.28	26.31	25.77	 0.54	 -0.21	2
168.3677294	  3.2	+22.1787081	  1.4	-0.26	 0.30	-0.13	 0.21	25.79	25.16	 0.63	 -0.15	3
168.3677300	  1.4	+22.1705273	  2.2	-0.05	 0.21	-0.16	 0.29	25.70	25.26	 0.44	  0.11	3
168.3677327	  2.5	+22.1622516	  1.8	 0.37	 0.27	 0.56	 0.22	25.58	24.95	 0.63	  0.01	2
168.3677328	  2.5	+22.1677688	  2.2	-0.29	 0.25	-0.32	 0.32	26.07	25.41	 0.66	  0.02	3
168.3677332	  4.3	+22.1740806	  0.7	 0.12	 0.23	 0.05	 0.11	24.87	24.51	 0.36	  0.02	3
168.3677406	  1.4	+22.1648957	  2.9	 0.26	 0.25	 0.44	 0.43	25.89	25.58	 0.31	 -0.10	3
168.3677455	  2.2	+22.1523453	  1.4	-0.22	 0.21	-0.36	 0.17	25.69	25.07	 0.62	 -0.08	2
168.3677474	  2.5	+22.1628142	  1.4	-0.38	 0.29	 0.33	 0.24	25.39	24.91	 0.48	 -0.04	2
168.3677542	  5.4	+22.1663098	  1.1	 0.75	 0.32	-0.81	 0.14	25.75	25.36	 0.40	  0.21	3
168.3677765	  3.2	+22.1575790	  4.3	 0.03	 0.53	-1.08	 0.72	26.24	25.56	 0.69	  0.01	2
168.3677767	  1.4	+22.1529703	  2.9	-0.35	 0.21	-0.56	 0.42	26.10	25.37	 0.73	  0.05	2
168.3677776	  2.5	+22.1507952	  2.9	 0.20	 0.36	 1.21	 0.41	25.96	25.57	 0.39	  0.12	2
168.3677805	  6.5	+22.1518057	  2.2	-0.52	 0.48	 0.28	 0.32	25.52	24.98	 0.54	  0.13	2
168.3677951	  1.8	+22.1571874	  2.9	-0.23	 0.27	-0.08	 0.39	26.18	25.57	 0.61	 -0.08	2
168.3678062	  1.4	+22.1474729	  1.1	-0.04	 0.16	-0.08	 0.15	24.39	23.60	 0.80	  0.02	2
168.3678101	  2.9	+22.1669657	  0.7	 0.05	 0.21	-0.24	 0.10	24.61	23.78	 0.83	  0.13	3
168.3678128	  1.8	+22.1753217	  2.5	 0.04	 0.24	 0.48	 0.41	25.98	25.37	 0.61	  0.03	3
168.3678281	  1.4	+22.1744411	  2.9	-0.38	 0.27	-0.16	 0.44	26.28	25.80	 0.48	 -0.13	3
168.3678345	  1.1	+22.1615537	  1.4	 0.49	 0.15	-0.04	 0.21	25.29	24.67	 0.62	  0.09	2
168.3678362	  6.1	+22.1525254	  1.4	-0.43	 0.50	-1.13	 0.20	25.90	25.52	 0.38	 -0.01	2
168.3678367	  1.4	+22.1471143	  1.4	-0.19	 0.19	-0.09	 0.18	25.62	25.28	 0.34	  0.06	2
168.3678391	  0.4	+22.1595863	  0.4	-0.18	 0.05	-0.23	 0.05	22.31	21.55	 0.76	  0.04	2
168.3678413	  1.4	+22.1547723	  0.4	 0.05	 0.11	 0.00	 0.04	22.25	21.48	 0.77	  0.05	2
168.3678532	  5.8	+22.1511353	  2.5	-0.44	 0.61	-0.04	 0.36	26.26	25.80	 0.47	 -0.05	2
168.3678556	  1.8	+22.1782680	  1.8	-0.31	 0.25	 0.21	 0.25	25.15	24.54	 0.61	  0.03	3
168.3678583	 16.2	+22.1447354	  3.6	-0.38	 1.08	 0.92	 0.64	26.49	26.04	 0.46	  0.00	2
168.3678652	  4.3	+22.1665977	  1.8	 0.10	 0.39	 0.16	 0.25	26.13	25.50	 0.63	 -0.10	3
168.3678657	  1.1	+22.1466388	  1.1	-0.13	 0.16	 0.47	 0.15	25.20	24.73	 0.47	  0.05	2
168.3678723	  3.6	+22.1716183	  3.6	-0.90	 0.41	-0.59	 0.50	26.27	25.76	 0.51	  0.00	3
168.3678797	  2.5	+22.1823197	  5.0	-1.04	 0.33	-0.11	 0.73	26.40	25.76	 0.64	  0.00	3
168.3678804	  3.6	+22.1534953	  1.1	-0.36	 0.28	-0.22	 0.15	25.28	24.92	 0.36	  0.01	2
168.3678823	  2.5	+22.1685743	  2.9	-0.37	 0.37	 0.45	 0.42	25.06	23.91	 1.15	  0.17	3
168.3678853	  2.2	+22.1465122	  1.4	-0.07	 0.24	 0.20	 0.20	24.81	24.25	 0.56	  0.03	2
168.3678933	  1.8	+22.1537688	  1.1	-4.10	 0.17	-0.51	 0.16	25.03	24.59	 0.45	  0.27	2
168.3679028	 15.1	+22.1497334	  2.5	-1.46	 0.97	 1.57	 0.32	26.36	25.98	 0.38	  0.16	2
168.3679033	  5.4	+22.1791536	  2.9	-0.03	 0.40	 0.19	 0.47	26.04	25.67	 0.37	  0.13	3
168.3679210	  2.9	+22.1493391	  3.2	-0.49	 0.33	 0.12	 0.52	26.13	25.57	 0.56	  0.10	2
168.3679262	  2.2	+22.1768317	  1.8	 0.01	 0.20	-0.13	 0.24	25.74	25.28	 0.46	  0.04	3
168.3679298	  2.9	+22.1712203	  1.4	 0.15	 0.26	-0.20	 0.19	25.29	24.72	 0.57	 -0.05	3
168.3679530	  1.1	+22.1727010	  1.1	-0.37	 0.11	-0.03	 0.16	24.88	24.25	 0.64	  0.04	3
168.3679578	  1.4	+22.1785677	  1.4	 0.61	 0.18	 0.04	 0.21	25.05	24.40	 0.65	  0.28	3
168.3679637	  2.2	+22.1535584	  1.1	 0.01	 0.19	 0.04	 0.15	24.99	24.84	 0.15	 -0.04	2
168.3679680	  3.2	+22.1508303	  1.4	-1.09	 0.38	-0.50	 0.24	25.69	25.23	 0.46	  0.02	2
168.3679680	  0.7	+22.1620907	  0.4	-0.25	 0.08	 0.15	 0.05	21.48	20.52	 0.96	  0.04	2
168.3679696	  4.3	+22.1587966	  2.2	-0.92	 0.34	 0.20	 0.31	25.67	25.09	 0.58	  0.21	2
168.3679977	  2.5	+22.1521511	  2.2	-0.57	 0.30	-0.18	 0.32	25.41	25.04	 0.37	  0.11	2
168.3679984	  1.4	+22.1474651	  0.7	-0.39	 0.14	-0.32	 0.10	24.88	24.36	 0.52	 -0.06	2
168.3680009	  6.1	+22.1721716	  1.8	-0.79	 0.51	 0.03	 0.25	25.92	25.41	 0.51	  0.06	3
168.3680013	  2.9	+22.1496469	  1.1	-0.23	 0.26	 0.34	 0.16	24.97	24.27	 0.70	  0.07	2
168.3680046	  0.4	+22.1730307	  0.4	-0.18	 0.05	-0.17	 0.07	23.16	22.26	 0.89	  0.03	3
168.3680234	 13.0	+22.1652053	  1.4	 0.34	 0.69	 1.66	 0.17	26.24	25.67	 0.58	  0.01	3
168.3680303	  1.1	+22.1530693	  2.2	-0.32	 0.19	 0.64	 0.33	25.62	25.16	 0.46	  0.21	2
168.3680313	  0.7	+22.1481144	  1.4	-0.81	 0.11	-0.22	 0.20	25.09	24.60	 0.49	 -0.09	2
168.3680340	  0.7	+22.1751313	  0.7	-0.15	 0.10	 0.14	 0.09	23.93	23.16	 0.77	  0.07	3
168.3680425	  2.5	+22.1731969	  2.5	 0.02	 0.29	 0.26	 0.36	25.31	24.76	 0.55	  0.14	3
168.3680456	 10.4	+22.1525131	  1.8	 0.86	 0.71	-0.13	 0.25	25.87	25.34	 0.53	  0.12	2
168.3680473	  2.2	+22.1831388	  2.5	 0.03	 0.24	 0.26	 0.40	25.36	24.84	 0.52	  0.15	3
168.3680474	  0.7	+22.1615306	  0.7	 0.13	 0.07	 0.23	 0.08	25.13	24.58	 0.55	 -0.01	2
168.3680701	  3.2	+22.1603695	  2.9	 0.12	 0.40	-0.85	 0.44	25.49	24.92	 0.57	  0.12	2
168.3680735	  2.2	+22.1463486	  1.1	 0.39	 0.21	 0.10	 0.17	25.51	24.93	 0.58	 -0.06	2
168.3680838	  2.5	+22.1541542	  4.0	 0.72	 0.40	 0.04	 0.58	26.06	25.60	 0.46	 -0.01	2
168.3680879	  2.5	+22.1462148	  1.1	 0.24	 0.24	 0.30	 0.15	25.08	24.61	 0.47	  0.18	2
168.3680954	  1.8	+22.1468688	  1.1	-0.28	 0.18	 0.18	 0.16	25.17	24.55	 0.61	 -0.03	2
168.3680996	  0.4	+22.1565407	  0.7	 0.10	 0.05	-0.33	 0.08	24.41	23.61	 0.81	  0.06	2
168.3681018	 10.1	+22.1637722	  4.3	 0.77	 1.15	-0.27	 0.63	26.80	27.82	-1.02	  0.04	2
168.3681205	  3.6	+22.1788710	  4.0	-0.39	 0.48	-1.04	 0.52	26.41	25.89	 0.52	 -0.22	3
168.3681280	  0.4	+22.1737258	  0.4	 0.35	 0.05	-0.17	 0.04	21.14	20.04	 1.10	  0.05	3
168.3681304	  3.2	+22.1823257	  1.8	-0.28	 0.31	 0.01	 0.27	25.95	25.45	 0.50	 -0.21	3
168.3681321	  2.9	+22.1514853	  3.2	-0.25	 0.40	-0.12	 0.48	25.92	25.36	 0.56	  0.10	2
168.3681352	  2.5	+22.1663329	  4.3	 0.41	 0.41	 0.20	 0.58	26.43	25.91	 0.52	 -0.08	3
168.3681396	  2.5	+22.1806702	  2.2	-0.25	 0.36	-0.56	 0.34	25.28	24.87	 0.41	  0.12	3
168.3681397	  1.1	+22.1678687	  2.2	-0.69	 0.11	 0.30	 0.30	25.89	25.43	 0.47	  0.00	3
168.3681417	  4.7	+22.1766270	  0.7	 0.79	 0.31	 0.44	 0.12	24.80	24.02	 0.78	  0.18	3
168.3681548	  3.6	+22.1727240	  3.6	-0.02	 0.46	-0.20	 0.53	26.45	26.04	 0.41	 -0.07	3
168.3681563	  3.2	+22.1731481	  2.9	 0.17	 0.31	-0.27	 0.42	25.91	25.42	 0.49	 -0.09	3
168.3681718	  5.0	+22.1474912	  1.8	 0.47	 0.43	 1.03	 0.27	25.72	25.41	 0.31	 -0.18	2
168.3681882	  1.4	+22.1452620	  0.7	 0.19	 0.12	 0.16	 0.12	23.92	23.00	 0.92	  0.22	2
168.3681885	  1.4	+22.1729629	  2.2	-0.08	 0.20	 0.32	 0.36	25.34	24.74	 0.60	 -0.04	3
168.3681914	  2.9	+22.1700660	  1.4	 0.60	 0.29	-0.54	 0.21	25.66	25.15	 0.51	  0.23	3
168.3681991	  0.4	+22.1608043	  0.4	 0.18	 0.05	-0.05	 0.08	23.86	22.99	 0.87	  0.08	2
168.3682038	  0.4	+22.1710120	  0.4	 0.08	 0.04	-0.03	 0.06	21.00	19.93	 1.07	  0.03	3
168.3682051	  2.2	+22.1576955	  2.5	-0.40	 0.26	-0.61	 0.37	25.87	25.25	 0.62	  0.07	2
168.3682069	  7.9	+22.1659091	  1.1	 0.03	 0.43	-0.02	 0.15	26.02	25.45	 0.57	 -0.08	3
168.3682075	  1.4	+22.1724857	  0.7	-0.61	 0.13	 0.15	 0.13	24.28	24.30	-0.01	  0.06	3
168.3682083	  5.0	+22.1656680	  4.0	-0.39	 0.66	 0.52	 0.54	26.52	26.20	 0.32	  0.10	3
168.3682105	  2.2	+22.1664248	  2.9	-0.19	 0.26	-0.68	 0.42	25.59	25.10	 0.49	  0.09	3
168.3682204	  1.1	+22.1479324	  0.4	-0.16	 0.09	-0.16	 0.07	22.26	21.44	 0.82	  0.03	2
168.3682276	  3.2	+22.1477409	  0.4	-0.46	 0.19	-0.15	 0.07	24.33	23.58	 0.75	  0.04	2
168.3682292	  1.4	+22.1486163	  1.1	 0.07	 0.16	 0.16	 0.17	25.05	24.46	 0.59	  0.30	2
168.3682328	  1.4	+22.1818186	  2.2	 0.97	 0.19	 0.28	 0.34	25.94	25.43	 0.51	 -0.09	3
168.3682368	  4.3	+22.1831329	  2.5	 0.88	 0.46	-0.04	 0.40	25.94	25.50	 0.45	  0.05	3
168.3682379	  2.2	+22.1594442	  1.8	 0.56	 0.31	 0.39	 0.32	25.18	24.70	 0.48	  0.29	2
168.3682403	  1.1	+22.1675999	  1.1	 1.13	 0.14	-0.23	 0.17	25.12	24.75	 0.37	  0.10	3
168.3682445	  7.2	+22.1766606	  2.5	-0.02	 0.59	-0.64	 0.35	26.22	25.59	 0.63	  0.18	3
168.3682452	 14.0	+22.1715524	  2.5	 1.72	 0.78	-1.39	 0.36	26.57	25.86	 0.71	 -0.01	3
168.3682572	  1.1	+22.1806106	  1.4	-0.01	 0.14	-0.05	 0.19	25.13	24.88	 0.25	  0.23	3
168.3682745	  2.5	+22.1630136	  0.7	 0.52	 0.15	-0.40	 0.08	25.21	24.57	 0.64	 -0.09	2
168.3682764	  6.5	+22.1581321	  1.4	-0.31	 0.38	 0.10	 0.24	25.73	25.31	 0.42	 -0.03	2
168.3682811	  2.2	+22.1582588	  1.8	 0.20	 0.28	-0.64	 0.30	25.52	24.97	 0.56	  0.30	2
168.3682924	  0.4	+22.1472299	  0.4	 0.13	 0.04	 0.19	 0.04	21.76	20.95	 0.81	  0.04	2
168.3682976	  2.9	+22.1653207	  4.3	-0.21	 0.43	 0.18	 0.57	26.78	25.95	 0.83	  0.19	3
168.3683007	  0.4	+22.1521310	  0.7	-0.06	 0.06	-0.08	 0.08	22.50	21.58	 0.93	  0.06	2
168.3683020	  5.0	+22.1468853	  1.8	-1.34	 0.39	 0.15	 0.25	25.68	25.16	 0.53	  0.15	2
168.3683076	  5.0	+22.1657234	  2.2	 0.23	 0.45	-0.84	 0.31	26.15	25.82	 0.33	 -0.03	3
168.3683118	  1.8	+22.1774897	  2.2	-0.59	 0.22	 0.47	 0.34	25.73	25.26	 0.47	  0.02	3
168.3683238	  5.0	+22.1575679	  1.8	 0.04	 0.45	 0.09	 0.27	25.50	25.11	 0.39	  0.20	2
168.3683325	 11.5	+22.1724881	  2.9	-1.46	 0.83	-0.82	 0.44	26.61	25.73	 0.88	  0.19	3
168.3683350	  0.7	+22.1508839	  1.4	-0.38	 0.13	-0.07	 0.20	25.01	24.59	 0.42	  0.08	2
168.3683388	  0.7	+22.1756869	  0.7	-0.04	 0.11	-0.06	 0.12	24.32	23.56	 0.77	  0.09	3
168.3683444	  2.2	+22.1530584	  0.7	 0.27	 0.18	 0.12	 0.10	24.99	24.56	 0.42	 -0.12	2
168.3683467	  2.2	+22.1707406	  1.1	 0.42	 0.21	-0.29	 0.16	25.14	24.62	 0.52	  0.28	3
168.3683474	  2.5	+22.1533435	  2.9	-1.18	 0.31	 0.42	 0.39	25.87	25.42	 0.44	  0.00	2
168.3683534	  4.3	+22.1721955	  2.5	 1.09	 0.42	 0.26	 0.33	26.14	25.69	 0.45	 -0.09	3
168.3683622	  2.5	+22.1626021	  2.2	-0.45	 0.35	 0.28	 0.33	25.55	24.94	 0.61	  0.09	2
168.3683629	  1.8	+22.1683624	  0.4	 0.05	 0.12	-0.15	 0.07	24.77	23.98	 0.79	  0.05	3
168.3683821	  0.4	+22.1453671	  0.4	 0.00	 0.04	 0.27	 0.08	20.01	18.75	 1.26	  0.04	2
168.3683903	  5.4	+22.1678058	  2.9	-0.01	 0.43	-0.04	 0.41	26.57	25.91	 0.66	 -0.06	3
168.3683969	  0.4	+22.1789197	  2.2	-0.18	 0.09	 1.17	 0.31	23.67	22.80	 0.87	  0.26	3
168.3684017	  1.1	+22.1588555	  1.1	 0.43	 0.12	-0.16	 0.17	24.72	24.00	 0.72	  0.20	2
168.3684147	  1.4	+22.1831326	  1.8	 0.14	 0.18	-0.37	 0.26	24.92	24.20	 0.72	  0.11	3
168.3684317	  2.2	+22.1829604	  1.4	-0.09	 0.23	 0.42	 0.20	25.25	25.02	 0.23	  0.06	3
168.3684387	  1.4	+22.1723758	  1.4	-1.00	 0.17	-0.37	 0.22	25.13	24.62	 0.51	 -0.01	3
168.3684472	  1.1	+22.1549900	  0.7	-0.14	 0.13	-0.16	 0.10	24.49	23.73	 0.76	  0.04	2
168.3684508	  9.0	+22.1761521	  2.9	-0.61	 0.93	-1.06	 0.42	26.52	26.09	 0.43	 -0.09	3
168.3684580	  2.9	+22.1741410	  3.2	 1.08	 0.37	 0.28	 0.47	25.91	25.51	 0.40	  0.16	3
168.3684609	  2.9	+22.1487152	  0.7	 0.68	 0.19	 0.07	 0.09	24.91	24.63	 0.28	  0.10	2
168.3684615	  3.6	+22.1491170	  1.1	-0.12	 0.31	 0.03	 0.15	25.59	25.01	 0.58	  0.17	2
168.3684811	  1.1	+22.1528021	  0.4	-0.17	 0.09	 0.09	 0.04	21.24	20.19	 1.05	  0.04	2
168.3684918	  2.9	+22.1783115	  2.9	-0.28	 0.31	-0.51	 0.44	25.84	25.44	 0.41	  0.10	3
168.3684950	  0.4	+22.1445976	  1.1	-0.11	 0.07	 0.21	 0.15	24.20	23.37	 0.83	  0.06	2
168.3684964	  4.0	+22.1610622	  2.9	-0.34	 0.43	 1.55	 0.37	26.35	25.79	 0.56	 -0.16	2
168.3684966	  1.8	+22.1699863	  2.2	-0.63	 0.24	-1.25	 0.34	27.07	26.74	 0.33	 -0.14	3
168.3684986	  1.4	+22.1538459	  0.4	 0.12	 0.13	-0.13	 0.05	22.70	21.81	 0.89	  0.07	2
168.3685021	  1.8	+22.1683405	  2.5	 0.35	 0.24	-1.34	 0.37	26.07	25.42	 0.64	  0.05	3
168.3685126	  3.6	+22.1727194	  1.4	 0.59	 0.31	-0.20	 0.18	25.95	25.55	 0.40	  0.05	3
168.3685348	  1.8	+22.1813079	  1.8	-0.40	 0.21	 0.69	 0.23	25.24	25.30	-0.06	  0.00	3
168.3685510	  0.7	+22.1476301	  1.4	-0.28	 0.13	-0.14	 0.22	24.18	23.36	 0.83	  0.07	2
168.3685531	  1.1	+22.1571911	  3.6	 0.17	 0.17	 0.14	 0.59	25.70	25.32	 0.38	 -0.09	2
168.3685547	  2.9	+22.1564350	  2.2	 0.88	 0.24	 0.30	 0.30	25.83	25.25	 0.58	 -0.02	2
168.3685571	  7.9	+22.1723750	  2.2	 0.31	 0.61	 0.61	 0.28	26.09	25.43	 0.66	  0.25	3
168.3685591	  1.1	+22.1568248	  1.8	 0.19	 0.17	-0.19	 0.24	25.20	24.79	 0.41	  0.10	2
168.3685718	  4.7	+22.1662934	  2.9	 0.40	 0.47	-0.79	 0.40	26.35	25.63	 0.72	 -0.02	3
168.3685759	  2.2	+22.1470691	  2.2	-0.75	 0.23	-0.34	 0.34	25.73	25.31	 0.42	 -0.03	2
168.3685945	  4.0	+22.1776626	  2.9	-0.07	 0.38	 0.41	 0.40	26.05	25.61	 0.45	  0.03	3
168.3685997	 10.8	+22.1675425	  2.2	-1.60	 0.76	-0.68	 0.28	24.78	24.11	 0.66	  0.23	3
168.3686108	  1.1	+22.1552710	  1.1	 0.07	 0.11	-0.30	 0.15	24.54	24.37	 0.17	  0.18	2
168.3686181	  4.7	+22.1598152	  3.2	 0.47	 0.51	-1.01	 0.54	26.09	25.56	 0.53	  0.03	2
168.3686183	  2.5	+22.1711400	  2.9	-0.59	 0.28	 0.07	 0.43	25.86	25.47	 0.39	 -0.06	3
168.3686195	  1.8	+22.1772726	  3.2	-0.14	 0.25	-0.07	 0.48	25.55	25.01	 0.53	  0.22	3
168.3686220	  1.8	+22.1735255	  2.2	 0.82	 0.21	 0.22	 0.28	26.03	25.36	 0.68	 -0.08	3
168.3686421	  1.4	+22.1625879	  1.1	 0.45	 0.17	-0.23	 0.13	25.26	24.71	 0.55	 -0.03	2
168.3686459	 10.1	+22.1647508	  2.5	 0.39	 0.76	 0.24	 0.37	26.45	25.94	 0.51	 -0.03	3
168.3686562	  2.2	+22.1548210	  2.5	-0.82	 0.31	 1.09	 0.34	25.95	25.33	 0.62	  0.18	2
168.3686692	  2.2	+22.1522099	  0.4	 0.09	 0.13	-0.08	 0.07	24.51	24.39	 0.12	  0.02	2
168.3686757	  4.0	+22.1651535	  6.8	-2.65	 0.57	 1.57	 0.92	26.81	25.96	 0.84	  0.13	3
168.3686812	  5.4	+22.1538038	  2.5	 0.91	 0.47	 0.04	 0.35	26.01	25.48	 0.54	  0.22	2
168.3686880	  2.5	+22.1514885	  3.6	-0.41	 0.40	 0.93	 0.53	26.02	25.53	 0.49	  0.01	2
168.3687026	  4.3	+22.1671930	  4.7	-1.25	 0.48	-2.22	 0.71	26.79	26.14	 0.66	  0.17	3
168.3687031	  4.7	+22.1714000	  2.9	 0.08	 0.37	-0.61	 0.40	25.95	25.55	 0.41	 -0.72	3
168.3687159	  2.5	+22.1646650	  1.4	 1.10	 0.18	-0.54	 0.21	25.55	25.13	 0.42	  0.19	3
168.3687247	  1.1	+22.1700401	  0.7	 0.00	 0.14	-0.02	 0.11	24.85	24.31	 0.53	  0.07	3
168.3687271	  4.0	+22.1826114	  1.1	 0.00	 0.29	-0.59	 0.14	25.33	24.95	 0.39	  0.24	3
168.3687274	  4.7	+22.1705666	  3.6	-0.61	 0.49	-0.08	 0.55	26.40	26.11	 0.29	 -0.32	3
168.3687421	  0.7	+22.1744554	  2.2	-0.87	 0.15	-0.18	 0.29	25.76	25.36	 0.40	 -0.05	3
168.3687463	  1.4	+22.1780880	  1.1	-0.09	 0.14	 0.26	 0.17	25.23	24.51	 0.71	  0.01	3
168.3687520	  1.1	+22.1655731	  1.4	-0.21	 0.18	-0.35	 0.21	25.25	24.67	 0.59	  0.18	3
168.3687561	  0.7	+22.1521355	  2.2	-0.12	 0.16	-0.03	 0.30	24.79	24.34	 0.45	  0.21	2
168.3687566	  4.0	+22.1482299	  0.7	 0.37	 0.28	 0.07	 0.11	25.67	25.37	 0.30	  0.05	2
168.3687609	  1.8	+22.1469287	  1.4	-0.61	 0.19	 0.74	 0.21	25.22	24.65	 0.57	  0.17	2
168.3687812	  2.2	+22.1723104	  2.9	 0.31	 0.33	 0.06	 0.39	25.91	25.48	 0.43	 -0.14	3
168.3687844	  0.7	+22.1599991	  0.7	-0.23	 0.09	-0.18	 0.11	23.99	23.14	 0.85	  0.22	2
168.3687976	  8.3	+22.1778711	  3.2	-0.87	 0.71	 1.02	 0.44	26.57	26.17	 0.40	  0.23	3
168.3688110	  3.2	+22.1513248	  3.2	 0.20	 0.42	 1.16	 0.41	26.65	26.00	 0.65	 -0.10	2
168.3688118	  4.0	+22.1812199	  3.2	-0.10	 0.40	 0.80	 0.45	26.07	25.54	 0.53	  0.25	3
168.3688175	  1.8	+22.1558246	  2.2	-0.28	 0.27	 0.27	 0.29	25.35	24.97	 0.38	  0.14	2
168.3688287	  1.1	+22.1528457	  1.4	 0.67	 0.15	-0.03	 0.20	25.34	24.70	 0.64	 -0.13	2
168.3688374	  1.4	+22.1621159	  1.8	-0.24	 0.17	-0.29	 0.27	25.63	25.23	 0.41	  0.05	2
168.3688450	  4.3	+22.1760587	  2.2	-0.22	 0.40	-0.04	 0.32	26.23	25.46	 0.76	 -0.01	3
168.3688501	  9.4	+22.1592699	  1.4	 0.09	 0.55	 0.14	 0.22	26.42	25.90	 0.52	 -0.12	2
168.3688695	  3.2	+22.1510325	  2.5	 0.01	 0.37	 0.25	 0.40	25.83	25.32	 0.52	 -0.08	2
168.3688763	  8.3	+22.1824733	  1.8	 0.22	 0.61	 0.28	 0.29	25.75	25.34	 0.41	  0.19	3
168.3688787	  0.7	+22.1680995	  1.8	 0.14	 0.16	 0.51	 0.26	25.93	25.44	 0.48	  0.08	3
168.3688845	  7.6	+22.1629207	  2.2	 0.57	 0.58	-0.42	 0.31	26.43	25.64	 0.79	  0.04	2
168.3688867	  1.1	+22.1682636	  1.4	 0.25	 0.18	 0.69	 0.21	25.04	24.61	 0.43	  0.16	3
168.3688932	  1.8	+22.1655792	  0.4	 0.41	 0.15	-0.12	 0.07	24.05	23.23	 0.83	  0.07	3
168.3688989	  0.4	+22.1601486	  0.4	 0.03	 0.04	-0.07	 0.07	22.42	21.61	 0.80	  0.05	2
168.3689201	  4.7	+22.1502314	  1.1	 0.02	 0.20	 0.32	 0.22	24.49	24.37	 0.12	  0.07	2
168.3689217	  1.1	+22.1703746	  1.4	 0.28	 0.10	-0.36	 0.21	24.79	24.25	 0.54	  0.05	3
168.3689308	  2.5	+22.1685094	  2.2	 0.44	 0.34	-0.08	 0.29	25.71	25.27	 0.45	 -0.06	3
168.3689416	  1.1	+22.1504942	  1.8	 0.06	 0.17	-0.13	 0.25	24.86	24.82	 0.03	  0.04	2
168.3689510	  2.9	+22.1544772	  1.8	 0.30	 0.27	-0.58	 0.23	25.48	25.00	 0.49	  0.23	2
168.3689549	  1.4	+22.1790669	  1.1	 0.20	 0.16	-0.09	 0.15	24.86	24.43	 0.43	  0.24	3
168.3689573	  0.4	+22.1473880	  0.7	-0.14	 0.07	-0.03	 0.12	23.77	22.95	 0.81	  0.07	2
168.3689598	  0.4	+22.1570148	  1.8	 0.11	 0.10	-0.45	 0.23	25.03	24.31	 0.72	  0.17	2
168.3689604	  1.4	+22.1785233	  3.2	-0.33	 0.27	-0.29	 0.51	25.76	25.42	 0.35	 -0.02	3
168.3689604	  0.7	+22.1803916	  2.5	-0.69	 0.08	 0.45	 0.33	25.93	25.40	 0.53	  0.01	3
168.3689630	  4.7	+22.1518691	  0.7	-0.89	 0.30	 0.91	 0.13	25.86	25.45	 0.41	 -0.06	2
168.3689644	  0.7	+22.1539841	  2.2	 0.28	 0.12	-0.18	 0.31	25.21	24.54	 0.67	  0.06	2
168.3689672	  1.1	+22.1552139	  0.7	 0.02	 0.12	-0.01	 0.13	24.27	23.41	 0.86	  0.06	2
168.3689757	  1.8	+22.1457732	  1.4	-0.08	 0.21	 0.46	 0.21	24.83	24.17	 0.65	  0.10	2
168.3689794	  1.1	+22.1607770	  0.4	 0.25	 0.09	-0.07	 0.07	22.46	21.74	 0.72	  0.04	2
168.3689824	  0.7	+22.1660179	  1.4	-0.60	 0.10	 0.01	 0.25	25.02	24.65	 0.37	  0.23	3
168.3689857	  2.2	+22.1701670	  1.8	-0.26	 0.24	 0.98	 0.26	25.81	25.21	 0.60	 -0.06	3
168.3690115	  5.8	+22.1695182	  1.8	 0.81	 0.49	-1.08	 0.29	25.78	25.23	 0.56	  0.22	3
168.3690402	  2.5	+22.1550324	  3.2	 0.18	 0.31	-0.21	 0.47	25.91	25.38	 0.53	  0.05	2
168.3690435	  1.1	+22.1792745	  1.1	 0.45	 0.13	 0.27	 0.17	24.94	24.51	 0.43	  0.06	3
168.3690500	  6.5	+22.1535491	  1.8	 0.37	 0.62	-1.65	 0.25	26.35	26.22	 0.13	  0.24	2
168.3690621	  2.5	+22.1509204	  2.9	-1.16	 0.35	 0.59	 0.40	25.93	25.33	 0.60	  0.29	2
168.3690703	  1.1	+22.1565680	  0.4	 0.23	 0.10	 0.06	 0.06	22.73	21.80	 0.93	  0.05	2
168.3690844	  6.5	+22.1655801	  2.5	 0.16	 0.55	-0.29	 0.34	26.36	25.88	 0.48	 -0.05	3
168.3690858	  5.8	+22.1586119	  2.2	 0.96	 0.41	 0.23	 0.31	26.49	25.97	 0.53	 -0.16	2
168.3690887	  3.2	+22.1708851	  1.8	 0.10	 0.28	-0.31	 0.28	25.98	25.54	 0.45	 -0.09	3
168.3690980	  2.2	+22.1677235	  2.5	-0.22	 0.31	 1.28	 0.37	26.18	25.58	 0.60	 -0.20	3
168.3691024	  3.2	+22.1834705	  6.1	-0.39	 0.58	-0.53	 0.88	26.75	26.23	 0.51	 -0.10	3
168.3691040	  3.2	+22.1666937	  6.1	-0.86	 0.51	 1.11	 1.03	26.05	25.46	 0.59	  0.27	3
168.3691092	  0.4	+22.1498343	  0.4	-0.02	 0.04	 0.10	 0.04	22.57	21.68	 0.90	  0.03	2
168.3691105	  1.4	+22.1520064	  1.1	-0.10	 0.18	 0.03	 0.16	24.67	23.87	 0.80	  0.03	2
168.3691164	  4.7	+22.1668028	  3.2	 0.52	 0.55	-0.74	 0.43	25.95	25.58	 0.38	  0.20	3
168.3691238	  0.7	+22.1530677	  1.4	 0.16	 0.13	 0.52	 0.20	24.11	23.53	 0.58	  0.11	2
168.3691303	  0.7	+22.1574990	  0.7	 0.27	 0.10	-0.22	 0.10	24.05	23.27	 0.77	  0.19	2
168.3691356	  7.2	+22.1730815	  3.2	 0.75	 0.71	 0.38	 0.45	26.36	25.84	 0.53	  0.30	3
168.3691491	  0.4	+22.1453057	  0.7	 0.02	 0.08	 0.11	 0.09	21.06	20.01	 1.05	  0.04	2
168.3691533	  1.8	+22.1559098	  0.7	 0.00	 0.13	-0.24	 0.15	24.93	24.32	 0.61	  0.04	2
168.3691587	  3.2	+22.1589130	  4.0	 0.20	 0.41	-0.23	 0.58	26.51	26.01	 0.50	  0.01	2
168.3691753	  2.2	+22.1548072	  0.4	-0.04	 0.13	 0.05	 0.03	22.56	21.67	 0.89	  0.07	2
168.3691783	  2.5	+22.1513342	  1.1	-0.64	 0.21	 0.13	 0.14	24.88	24.28	 0.60	  0.08	2
168.3691870	  2.2	+22.1605736	  1.4	-0.13	 0.24	-0.17	 0.22	25.30	24.72	 0.58	  0.14	2
168.3691895	  6.8	+22.1445297	  1.4	-0.63	 0.43	-0.37	 0.23	25.62	24.97	 0.65	  0.01	2
168.3691919	  0.4	+22.1622819	  1.1	-0.18	 0.06	 0.02	 0.14	25.27	24.64	 0.62	 -0.02	2
168.3691946	  9.0	+22.1493096	  2.5	 0.16	 0.65	 0.86	 0.40	25.50	25.07	 0.43	 -0.03	2
168.3691950	  1.1	+22.1739663	  2.9	 0.86	 0.15	-0.49	 0.42	25.47	24.85	 0.62	  0.20	3
168.3692084	  2.9	+22.1758074	  1.8	 0.25	 0.30	 0.96	 0.27	25.50	25.09	 0.41	  0.15	3
168.3692086	  0.4	+22.1699901	  1.1	 0.11	 0.07	 0.16	 0.17	24.84	24.08	 0.76	  0.07	3
168.3692149	  2.2	+22.1554024	  1.1	 0.10	 0.21	-0.10	 0.15	24.72	24.16	 0.57	  0.08	2
168.3692180	  4.0	+22.1463147	  4.7	 0.17	 0.57	 0.19	 0.64	26.07	25.46	 0.60	  0.16	2
168.3692250	  0.4	+22.1499591	  0.7	 0.04	 0.08	 0.15	 0.10	23.25	22.39	 0.86	  0.03	2
168.3692374	  5.0	+22.1742611	  2.9	 0.54	 0.54	-0.87	 0.39	26.11	25.67	 0.44	 -0.06	3
168.3692550	  0.4	+22.1672731	  1.1	 0.26	 0.05	-0.19	 0.15	24.26	23.61	 0.65	  0.18	3
168.3692557	  2.2	+22.1474552	  2.5	 0.42	 0.29	 0.58	 0.35	26.17	25.75	 0.41	  0.03	2
168.3692665	  0.7	+22.1626963	  2.2	 0.26	 0.13	-0.24	 0.33	24.95	24.37	 0.57	  0.12	2
168.3692709	  3.2	+22.1668230	  2.2	-0.05	 0.28	-0.77	 0.33	25.76	25.27	 0.49	 -0.08	3
168.3692780	  2.5	+22.1654385	  1.8	 0.00	 0.31	 0.57	 0.25	25.77	25.28	 0.49	 -0.09	3
168.3692781	  1.1	+22.1797105	  0.7	-0.05	 0.13	-0.50	 0.11	24.88	24.17	 0.71	  0.16	3
168.3692891	  1.8	+22.1675298	  1.1	 0.30	 0.17	-0.40	 0.15	25.34	24.88	 0.46	  0.17	3
168.3692905	  0.7	+22.1614818	  1.1	-0.11	 0.14	-0.01	 0.17	24.63	24.08	 0.55	  0.24	2
168.3693149	  1.1	+22.1660304	  0.7	-0.35	 0.12	 0.26	 0.12	25.05	24.44	 0.61	  0.29	3
168.3693246	  5.0	+22.1671239	  4.0	-0.87	 0.60	-0.42	 0.54	26.59	26.12	 0.47	  0.02	3
168.3693280	  3.2	+22.1525569	  1.4	-0.08	 0.32	-0.04	 0.20	25.38	24.96	 0.42	  0.27	2
168.3693369	  2.9	+22.1745772	  1.8	 0.25	 0.28	 1.51	 0.26	25.34	24.95	 0.38	  0.16	3
168.3693386	  0.7	+22.1509335	  1.8	-0.07	 0.10	-0.54	 0.29	25.13	24.62	 0.51	 -0.01	2
168.3693428	  4.3	+22.1723425	  5.8	-0.18	 0.72	 0.19	 0.92	26.57	25.91	 0.66	  0.26	3
168.3693455	  2.2	+22.1557542	  0.7	 0.41	 0.17	-0.12	 0.14	25.03	24.27	 0.76	  0.07	2
168.3693517	  5.8	+22.1570240	  2.9	 0.55	 0.63	 0.63	 0.44	26.44	25.96	 0.49	 -0.11	2
168.3693519	  1.4	+22.1546236	  0.4	 0.25	 0.13	-0.07	 0.06	24.17	23.38	 0.79	  0.09	2
168.3693528	  0.4	+22.1706048	  0.4	-0.02	 0.04	-0.30	 0.07	21.10	20.08	 1.02	  0.04	3
168.3693535	  1.4	+22.1471781	  1.8	 0.36	 0.20	 0.22	 0.27	25.42	25.08	 0.34	  0.06	2
168.3693574	  3.2	+22.1448397	  1.4	-0.35	 0.33	-0.17	 0.21	25.69	25.33	 0.36	 -0.08	2
168.3693664	  1.1	+22.1534056	  0.7	 0.30	 0.11	-0.12	 0.12	25.07	24.44	 0.63	  0.03	2
168.3693673	 14.4	+22.1489834	  3.2	-0.69	 0.95	-1.14	 0.48	26.48	25.90	 0.58	 -0.13	2
168.3693758	  1.4	+22.1602777	  4.7	 0.60	 0.28	 0.27	 0.62	26.56	25.57	 0.99	  0.06	2
168.3693780	  0.7	+22.1628235	  1.1	 0.44	 0.09	 0.35	 0.14	24.05	23.29	 0.75	  0.05	2
168.3693797	  1.4	+22.1599579	  0.7	-0.06	 0.12	-0.03	 0.11	24.70	24.21	 0.49	  0.07	2
168.3693875	  7.2	+22.1824967	  1.8	 0.50	 0.50	-0.72	 0.22	25.59	25.38	 0.21	  0.17	3
168.3693953	  1.8	+22.1731263	  2.5	-0.86	 0.29	-0.28	 0.39	25.85	25.31	 0.54	  0.02	3
168.3694180	  0.7	+22.1614434	  0.4	 0.01	 0.07	 0.00	 0.06	22.53	22.24	 0.29	  0.06	2
168.3694212	  1.1	+22.1632912	  0.4	 0.23	 0.12	 0.25	 0.07	23.47	23.18	 0.29	  0.03	2
168.3694227	  2.2	+22.1573357	  1.8	-0.16	 0.24	 0.19	 0.22	25.24	24.80	 0.44	  0.05	2
168.3694283	  1.1	+22.1528386	  1.1	 0.06	 0.14	 0.25	 0.18	25.18	24.70	 0.49	  0.25	2
168.3694284	  0.4	+22.1565045	  0.4	 0.09	 0.05	-0.06	 0.04	21.91	20.93	 0.98	  0.04	2
168.3694371	  2.5	+22.1654856	  1.8	 0.50	 0.28	-0.14	 0.24	25.60	25.16	 0.44	  0.11	3
168.3694408	  5.8	+22.1788747	  1.8	 0.76	 0.43	 0.27	 0.26	25.85	25.29	 0.56	  0.04	3
168.3694446	  0.7	+22.1726553	  0.7	 0.02	 0.08	 0.07	 0.13	24.58	23.80	 0.78	  0.09	3
168.3694485	  3.6	+22.1519361	  1.1	-0.15	 0.19	-0.14	 0.15	25.20	24.72	 0.48	  0.00	2
168.3694687	  1.1	+22.1500798	  1.4	 0.09	 0.12	-0.07	 0.18	24.93	24.40	 0.53	 -0.06	2
168.3694706	  3.2	+22.1514694	  1.4	 0.21	 0.21	 0.42	 0.22	24.47	23.93	 0.54	  0.13	2
168.3694731	 10.1	+22.1506939	  4.0	-0.44	 0.96	 2.55	 0.58	26.85	26.17	 0.67	  0.23	2
168.3694874	  0.7	+22.1814019	  1.8	 0.07	 0.14	 0.14	 0.25	24.88	24.65	 0.23	  0.04	3
168.3694939	  0.4	+22.1786519	  0.4	 0.01	 0.05	 0.07	 0.08	22.25	21.33	 0.92	  0.06	3
168.3694951	  3.6	+22.1547210	  1.1	 0.24	 0.26	 0.37	 0.16	25.21	24.46	 0.74	  0.05	2
168.3694956	  2.2	+22.1797163	  1.1	 0.43	 0.21	-0.06	 0.17	25.39	24.92	 0.47	  0.15	3
168.3695034	  2.2	+22.1653956	  4.0	-0.28	 0.38	 0.02	 0.53	25.95	25.29	 0.66	  0.28	3
168.3695057	  1.4	+22.1534925	  0.4	 0.09	 0.13	-0.01	 0.07	24.70	23.91	 0.79	  0.25	2
168.3695078	  1.4	+22.1663796	  1.1	-0.41	 0.15	 0.13	 0.17	24.77	24.08	 0.68	  0.08	3
168.3695109	  0.4	+22.1455873	  0.4	-0.30	 0.06	-0.01	 0.08	22.88	21.89	 0.99	  0.06	2
168.3695135	  1.8	+22.1482008	  1.4	-0.11	 0.24	 0.05	 0.21	25.52	25.16	 0.36	  0.19	2
168.3695405	  1.4	+22.1503154	  0.4	-0.03	 0.10	 0.18	 0.04	23.37	22.55	 0.82	  0.05	2
168.3695438	  7.9	+22.1485335	  2.9	-0.57	 0.65	-0.20	 0.40	26.09	25.60	 0.48	 -0.08	2
168.3695515	  5.4	+22.1806460	  4.7	 1.35	 0.69	-1.32	 0.68	26.48	25.91	 0.57	  0.08	3
168.3695516	  2.5	+22.1661869	  0.7	 0.07	 0.17	-0.27	 0.09	24.27	24.07	 0.20	  0.14	3
168.3695612	  5.0	+22.1683486	  1.4	 0.23	 0.40	-0.40	 0.19	25.53	25.03	 0.49	  0.03	3
168.3695618	  1.8	+22.1767662	  1.8	-0.17	 0.18	 0.13	 0.26	25.71	25.14	 0.58	 -0.08	3
168.3695733	  2.2	+22.1452289	  1.1	-0.21	 0.23	-0.20	 0.16	25.29	24.91	 0.38	  0.05	2
168.3695773	  5.8	+22.1670126	  2.2	 0.49	 0.49	 0.59	 0.28	26.34	25.72	 0.62	  0.26	3
168.3695800	 32.8	+22.1716915	  4.0	-2.61	 2.42	 1.00	 0.59	26.53	25.87	 0.66	  0.19	3
168.3695867	 12.6	+22.1560042	  0.7	-0.15	 0.48	 0.67	 0.09	25.57	25.13	 0.44	  0.25	2
168.3695897	  1.1	+22.1752812	  0.4	 0.13	 0.09	-0.04	 0.04	22.48	21.74	 0.74	  0.04	3
168.3695942	  1.1	+22.1599184	  0.4	-0.18	 0.11	-0.27	 0.07	24.64	23.91	 0.73	  0.21	2
168.3696025	  4.7	+22.1627583	  3.2	-0.44	 0.48	 1.97	 0.49	27.15	26.75	 0.40	 -5.17	2
168.3696119	  0.4	+22.1611163	  0.4	-0.13	 0.05	 0.03	 0.06	22.09	21.19	 0.90	  0.05	2
168.3696209	  2.5	+22.1728795	  1.8	 0.60	 0.26	-0.62	 0.27	25.29	24.79	 0.50	  0.20	3
168.3696277	  9.0	+22.1543885	  1.8	-0.79	 0.62	-0.04	 0.25	26.31	25.61	 0.70	  0.00	2
168.3696371	  2.9	+22.1499554	  2.2	-0.55	 0.32	 0.57	 0.32	25.98	25.41	 0.57	 -0.27	2
168.3696400	  1.1	+22.1694935	  1.4	-0.30	 0.13	-0.73	 0.22	25.68	25.08	 0.60	 -0.04	3
168.3696410	  1.1	+22.1740996	  1.4	-0.29	 0.15	-0.19	 0.21	24.38	23.66	 0.71	  0.06	3
168.3696511	  1.1	+22.1701067	  1.8	-0.02	 0.19	-0.08	 0.30	25.20	24.88	 0.32	  0.03	3
168.3696546	  3.2	+22.1561491	  2.5	 0.40	 0.38	-0.73	 0.38	25.83	25.44	 0.39	 -0.08	2
168.3696548	  0.7	+22.1803706	  2.2	 0.32	 0.15	-0.02	 0.32	25.12	24.88	 0.24	  0.11	3
168.3696559	  2.2	+22.1655229	  1.4	-0.14	 0.23	-0.25	 0.19	25.75	25.10	 0.64	 -0.06	3
168.3696562	  1.4	+22.1804879	  1.1	 0.89	 0.19	 0.60	 0.17	26.03	25.59	 0.45	  0.23	3
168.3696631	  1.1	+22.1513131	  1.4	-0.06	 0.14	 0.24	 0.23	25.29	24.90	 0.39	  0.13	2
168.3696702	  1.8	+22.1633661	  0.7	 0.60	 0.17	 0.24	 0.10	24.02	23.19	 0.83	  0.17	2
168.3696790	  1.4	+22.1516275	  3.6	 1.63	 0.25	 3.14	 0.51	26.83	26.00	 0.82	 -0.25	2
168.3696827	  3.6	+22.1810321	  1.1	-0.23	 0.29	-0.02	 0.14	25.67	25.07	 0.60	  0.12	3
168.3696868	  0.7	+22.1537356	  0.7	 0.41	 0.09	 0.12	 0.10	23.76	22.91	 0.85	  0.03	2
168.3696913	  4.3	+22.1447930	  2.2	-0.09	 0.42	 0.30	 0.31	25.79	25.35	 0.44	 -0.05	2
168.3697037	  0.7	+22.1756901	  1.4	-0.15	 0.12	 0.76	 0.23	25.08	24.52	 0.56	  0.23	3
168.3697081	  1.1	+22.1540116	  2.2	 0.73	 0.20	 0.62	 0.36	25.48	24.89	 0.59	  0.13	2
168.3697113	  2.9	+22.1476544	  1.4	-0.67	 0.22	-0.19	 0.22	25.90	25.34	 0.56	 -0.21	2
168.3697130	  4.3	+22.1749013	  3.2	 0.50	 0.41	-0.21	 0.53	25.98	25.40	 0.57	 -0.05	3
168.3697325	  2.5	+22.1487424	  1.1	-0.30	 0.21	-0.16	 0.15	24.81	24.75	 0.06	  0.05	2
168.3697379	  2.9	+22.1780143	  1.4	 0.46	 0.29	 0.13	 0.20	25.45	24.91	 0.55	 -0.04	3
168.3697421	  1.4	+22.1607784	  1.1	-0.37	 0.20	-0.03	 0.16	25.19	24.57	 0.61	  0.02	2
168.3697433	  3.2	+22.1623552	  3.2	 0.94	 0.39	-0.91	 0.44	26.25	25.36	 0.89	  0.14	2
168.3697819	  3.2	+22.1470600	  2.2	 0.72	 0.31	-0.63	 0.31	26.40	25.65	 0.75	 -0.08	2
168.3697976	  0.7	+22.1464294	  0.4	-0.12	 0.06	 0.25	 0.06	20.00	18.78	 1.22	  0.04	2
168.3697981	  6.1	+22.1715565	  1.1	 0.49	 0.41	-0.28	 0.14	25.75	25.30	 0.45	  0.07	3
168.3698008	  1.1	+22.1680213	  0.7	-0.05	 0.10	-0.06	 0.10	23.84	23.50	 0.34	  0.08	3
168.3698119	  6.1	+22.1447533	  5.0	-0.03	 0.75	-0.73	 0.77	26.93	26.32	 0.60	 -0.16	2
168.3698177	  2.9	+22.1598346	  5.0	 0.12	 0.45	 0.71	 0.80	26.52	26.25	 0.27	 -0.01	2
168.3698232	  5.0	+22.1547158	  1.8	 0.60	 0.37	 0.38	 0.23	26.39	25.73	 0.66	  0.02	2
168.3698318	 42.1	+22.1636205	  2.5	-0.85	 3.60	-0.37	 0.40	25.98	25.69	 0.29	 -3.64	2
168.3698419	  2.2	+22.1819911	  3.2	 0.50	 0.35	 0.66	 0.47	25.96	25.39	 0.57	 -0.22	3
168.3698457	  2.2	+22.1565837	  0.7	 0.04	 0.14	 0.09	 0.11	25.01	24.53	 0.48	  0.10	2
168.3698479	  1.1	+22.1472514	  1.4	 0.06	 0.12	 0.02	 0.21	25.38	24.77	 0.60	 -0.10	2
168.3698845	  1.1	+22.1766493	  1.4	 0.32	 0.14	 0.15	 0.20	25.26	24.78	 0.48	  0.16	3
168.3698879	  9.4	+22.1830953	  3.2	-0.48	 0.88	-0.94	 0.54	26.44	25.84	 0.61	  0.23	3
168.3698966	  7.2	+22.1793694	  1.8	-0.02	 0.48	 0.00	 0.23	25.68	25.22	 0.46	  0.14	3
168.3698970	  1.1	+22.1529727	  0.7	 0.31	 0.12	 0.38	 0.11	24.09	23.80	 0.28	  0.17	2
168.3699004	  0.7	+22.1567199	  3.2	 0.36	 0.20	-0.46	 0.51	25.68	25.35	 0.33	 -0.07	2
168.3699058	  9.0	+22.1502286	  2.9	 0.73	 0.75	-0.59	 0.42	26.02	25.49	 0.54	  0.02	2
168.3699079	  0.7	+22.1550260	  1.1	 0.31	 0.11	 0.13	 0.15	24.84	24.24	 0.60	  0.27	2
168.3699089	  5.0	+22.1519586	  3.2	 0.42	 0.55	-0.16	 0.48	26.39	25.87	 0.52	  0.08	2
168.3699266	  0.4	+22.1804086	  0.7	-0.04	 0.08	 0.21	 0.10	23.84	22.98	 0.86	  0.05	3
168.3699510	  2.5	+22.1781618	  1.4	 0.04	 0.25	-0.15	 0.20	25.37	24.67	 0.70	  0.00	3
168.3699534	  5.0	+22.1687850	  1.1	 0.82	 0.41	 0.07	 0.16	25.36	24.86	 0.50	  0.26	3
168.3699583	  0.7	+22.1689317	  1.4	-0.54	 0.10	 0.14	 0.20	25.05	24.63	 0.41	  0.28	3
168.3699585	  2.9	+22.1631014	  1.1	 0.85	 0.25	 0.46	 0.14	25.59	24.94	 0.65	 -0.01	2
168.3699618	  1.4	+22.1448111	  1.4	 0.52	 0.19	-0.49	 0.23	25.62	25.04	 0.58	 -0.02	2
168.3699648	  2.9	+22.1451352	  2.5	-0.21	 0.28	 0.44	 0.35	26.24	25.63	 0.61	  0.09	2
168.3699691	  1.1	+22.1713675	  1.8	 0.04	 0.16	-0.39	 0.28	25.19	24.72	 0.47	  0.00	3
168.3699707	  2.5	+22.1790877	  1.8	 0.25	 0.26	 0.45	 0.26	25.59	25.10	 0.49	  0.03	3
168.3700008	  1.1	+22.1462725	  0.4	-0.07	 0.09	 0.05	 0.05	22.22	21.41	 0.80	  0.07	2
168.3700033	  1.4	+22.1731412	  4.0	 0.85	 0.25	-1.00	 0.55	25.90	25.30	 0.60	  0.18	3
168.3700049	  0.7	+22.1504869	  0.4	 0.05	 0.10	 0.13	 0.08	22.76	21.88	 0.89	  0.04	2
168.3700071	 10.4	+22.1538734	  4.3	 2.45	 1.38	-0.50	 0.62	26.79	26.14	 0.66	  0.12	2
168.3700102	  1.1	+22.1607538	  4.0	-0.19	 0.27	 0.48	 0.57	25.31	24.99	 0.32	  0.03	2
168.3700225	  0.7	+22.1536315	  1.1	 0.31	 0.10	-0.12	 0.17	23.84	22.98	 0.86	  0.21	2
168.3700340	  7.9	+22.1581350	  6.5	 0.89	 0.85	 0.12	 0.96	27.06	26.20	 0.86	 -0.64	2
168.3700348	  4.0	+22.1508208	  1.1	-0.03	 0.30	 0.22	 0.17	25.46	24.89	 0.58	  0.03	2
168.3700356	  1.1	+22.1694559	  2.2	-0.07	 0.13	 0.00	 0.31	25.69	25.21	 0.48	  0.00	3
168.3700431	  7.2	+22.1622032	  1.8	-0.79	 0.34	 0.40	 0.31	25.99	25.41	 0.58	 -0.08	2
168.3700527	  9.0	+22.1531111	  3.6	 2.28	 0.90	 0.57	 0.50	25.99	25.56	 0.43	  0.09	2
168.3700555	  0.7	+22.1743238	  1.4	 0.06	 0.09	 0.02	 0.19	25.02	24.35	 0.67	  0.15	3
168.3700672	  3.6	+22.1619010	  0.7	 0.29	 0.29	 0.05	 0.11	24.67	24.22	 0.45	  0.15	2
168.3700684	  1.8	+22.1677434	  1.1	 0.30	 0.17	-0.60	 0.15	25.07	24.56	 0.51	  0.07	3
168.3700708	  0.4	+22.1794245	  0.7	 0.33	 0.06	-0.20	 0.09	22.22	21.30	 0.92	  0.04	3
168.3700751	  1.4	+22.1765561	  5.0	 0.43	 0.34	-1.66	 0.72	26.04	25.59	 0.45	  0.28	3
168.3700816	  3.6	+22.1598834	  3.2	 0.64	 0.44	 0.64	 0.48	26.03	25.46	 0.57	  0.26	2
168.3700870	  2.9	+22.1520630	  1.8	-0.50	 0.28	 0.21	 0.27	25.39	24.65	 0.73	  0.07	2
168.3700924	  2.5	+22.1577113	  2.5	 0.31	 0.34	-0.21	 0.36	26.03	25.47	 0.56	  0.27	2
168.3700951	  0.7	+22.1479317	  0.7	-0.33	 0.12	-0.09	 0.12	24.52	23.68	 0.84	  0.24	2
168.3701024	  1.1	+22.1655263	  1.1	-0.14	 0.13	-0.40	 0.12	25.17	24.78	 0.38	 -0.05	3
168.3701175	  9.7	+22.1787811	  1.4	 0.55	 0.60	 0.08	 0.19	25.91	25.35	 0.56	 -0.11	3
168.3701240	  2.2	+22.1691471	  1.4	 0.25	 0.20	-0.24	 0.23	25.35	24.83	 0.52	  0.18	3
168.3701242	  1.8	+22.1710292	  1.8	 0.30	 0.24	-0.84	 0.25	25.73	25.15	 0.58	  0.05	3
168.3701379	  3.2	+22.1513458	  3.2	 1.56	 0.38	-0.18	 0.50	26.23	25.65	 0.58	  0.21	2
168.3701405	  2.9	+22.1548539	  1.1	 0.14	 0.24	-0.46	 0.14	25.02	24.46	 0.57	  0.09	2
168.3701535	  2.5	+22.1743739	  2.2	 0.53	 0.28	 0.49	 0.33	25.85	25.24	 0.60	  0.28	3
168.3701550	  2.2	+22.1471100	  0.4	 0.07	 0.15	 0.27	 0.05	22.90	21.99	 0.91	  0.06	2
168.3701586	  0.4	+22.1481828	  0.4	 0.15	 0.07	 0.23	 0.07	19.88	18.71	 1.17	  0.04	2
168.3701589	  1.4	+22.1646895	  2.5	 0.11	 0.17	 0.20	 0.37	25.76	25.16	 0.60	 -0.02	3
168.3701627	  2.9	+22.1529913	  0.7	 0.06	 0.21	-0.03	 0.13	24.56	23.84	 0.72	  0.05	2
168.3701657	  2.2	+22.1444568	  2.5	-1.17	 0.32	 0.48	 0.33	25.93	25.36	 0.57	 -0.01	2
168.3701683	  7.9	+22.1456722	  2.9	 1.10	 0.59	-1.07	 0.39	26.17	25.51	 0.65	  0.30	2
168.3701746	  2.5	+22.1551592	  2.9	 0.48	 0.29	 0.14	 0.45	26.06	25.68	 0.39	 -0.07	2
168.3701800	  4.0	+22.1731006	  4.0	 2.26	 0.49	 1.33	 0.61	26.46	25.84	 0.62	 -0.16	3
168.3701836	  0.7	+22.1675623	  2.2	 0.60	 0.13	 0.40	 0.30	25.60	25.16	 0.43	 -0.01	3
168.3701921	  1.4	+22.1747402	  1.4	-0.72	 0.20	-0.07	 0.21	25.34	24.89	 0.45	 -0.01	3
168.3701923	  4.0	+22.1811319	  2.2	 0.30	 0.38	-0.23	 0.31	25.50	25.03	 0.47	  0.20	3
168.3701956	  0.4	+22.1581131	  1.4	 0.22	 0.09	 0.12	 0.21	25.21	24.62	 0.58	  0.04	2
168.3702010	  1.4	+22.1711323	  0.7	-0.09	 0.15	-0.20	 0.14	24.63	23.84	 0.79	  0.10	3
168.3702184	  1.1	+22.1740233	  4.0	 0.39	 0.22	 0.99	 0.55	25.78	25.33	 0.44	  0.23	3
168.3702267	  4.7	+22.1473774	  1.8	 1.10	 0.44	 1.29	 0.28	25.76	25.45	 0.31	 -0.18	2
168.3702301	  3.6	+22.1505840	  2.2	-0.39	 0.38	-0.06	 0.33	26.31	25.74	 0.57	  0.17	2
168.3702360	  1.4	+22.1526278	  1.1	-0.06	 0.13	 0.05	 0.13	25.08	24.54	 0.54	  0.02	2
168.3702387	  0.7	+22.1500768	  2.5	-0.24	 0.14	-0.13	 0.41	25.45	24.86	 0.59	  0.15	2
168.3702396	  2.9	+22.1783494	  1.1	-0.01	 0.23	 0.07	 0.15	22.39	21.90	 0.49	  0.17	3
168.3702414	  0.7	+22.1808675	  0.4	-0.08	 0.07	 0.02	 0.04	22.37	21.58	 0.79	  0.05	3
168.3702487	  3.2	+22.1448521	  1.4	 0.02	 0.26	 1.20	 0.18	25.55	25.06	 0.50	  0.09	2
168.3702605	  0.4	+22.1480332	  0.4	 0.17	 0.05	 0.17	 0.06	20.91	19.83	 1.08	  0.04	2
168.3702617	  2.5	+22.1817831	  2.2	 0.29	 0.22	-0.40	 0.36	25.23	24.62	 0.61	  0.19	3
168.3702792	  3.6	+22.1530479	  2.5	 1.04	 0.45	-0.35	 0.34	25.87	25.42	 0.45	  0.03	2
168.3702880	  4.7	+22.1561356	  1.4	 0.29	 0.34	 0.12	 0.25	25.51	24.86	 0.65	  0.20	2
168.3702906	  0.4	+22.1547950	  0.4	 0.38	 0.05	-0.12	 0.06	22.28	21.45	 0.83	  0.04	2
168.3702925	  4.7	+22.1454942	  2.2	 0.36	 0.44	-0.14	 0.31	25.82	25.13	 0.69	 -0.01	2
168.3702993	  1.8	+22.1624811	  1.1	 0.98	 0.21	 0.85	 0.16	25.32	24.76	 0.56	  0.07	2
168.3703069	  0.7	+22.1447406	  2.2	 0.37	 0.18	 0.12	 0.27	25.10	24.57	 0.53	  0.02	2
168.3703120	  1.8	+22.1532000	  0.7	-0.15	 0.12	-0.03	 0.12	24.98	24.43	 0.55	 -0.01	2
168.3703134	  0.7	+22.1525389	  0.7	 0.09	 0.09	 0.13	 0.09	24.24	23.42	 0.82	  0.08	2
168.3703142	  3.2	+22.1544658	  3.2	 0.63	 0.36	-0.81	 0.44	26.27	25.51	 0.76	  0.00	2
168.3703261	  1.1	+22.1498073	  1.8	 0.84	 0.16	 0.05	 0.31	25.63	25.26	 0.37	 -0.04	2
168.3703309	  3.2	+22.1706836	  3.2	-0.48	 0.34	-0.03	 0.46	26.30	25.59	 0.71	  0.16	3
168.3703342	  3.2	+22.1655655	  1.1	 0.48	 0.19	-0.67	 0.16	25.06	24.46	 0.59	  0.29	3
168.3703368	  2.9	+22.1748149	  2.2	-0.11	 0.31	-0.71	 0.32	25.90	25.57	 0.32	 -0.07	3
168.3703408	  1.1	+22.1728587	  1.4	 0.27	 0.18	 0.19	 0.20	25.34	24.83	 0.51	 -0.15	3
168.3703433	  3.2	+22.1596594	  2.2	-0.60	 0.37	-0.21	 0.34	25.54	25.01	 0.53	  0.28	2
168.3703518	  3.2	+22.1759320	  4.3	 0.39	 0.40	 0.17	 0.56	26.44	26.23	 0.21	 -0.09	3
168.3703541	  6.1	+22.1492361	  2.9	 0.23	 0.54	 0.31	 0.40	25.69	25.16	 0.53	  0.25	2
168.3703572	  3.6	+22.1534083	  4.3	 0.40	 0.49	-0.56	 0.61	26.38	25.95	 0.43	  0.27	2
168.3703620	  0.4	+22.1782863	  0.4	 0.00	 0.05	-0.03	 0.07	21.00	19.98	 1.02	  0.05	3
168.3703656	  1.8	+22.1493328	  1.4	-0.25	 0.18	-0.45	 0.17	25.39	24.80	 0.59	  0.17	2
168.3703714	  1.1	+22.1793629	  2.2	 0.57	 0.17	-0.16	 0.30	24.99	24.23	 0.76	  0.21	3
168.3703736	  2.2	+22.1662011	  1.1	-0.18	 0.24	 0.15	 0.18	24.84	24.12	 0.72	  0.13	3
168.3703751	  2.9	+22.1595049	  1.1	 0.51	 0.33	-0.51	 0.13	25.23	24.68	 0.55	  0.04	2
168.3703804	  2.9	+22.1570540	  0.7	 0.50	 0.21	 0.03	 0.10	24.66	23.88	 0.78	  0.02	2
168.3703804	  1.4	+22.1802012	  2.9	-0.02	 0.25	-0.81	 0.40	25.54	24.97	 0.56	  0.15	3
168.3703828	  1.1	+22.1737943	  0.7	 0.31	 0.13	-0.33	 0.12	25.24	24.62	 0.62	  0.13	3
168.3703918	  1.4	+22.1474407	  3.2	-0.01	 0.26	 0.57	 0.48	25.85	25.37	 0.48	 -0.05	2
168.3703928	  0.4	+22.1693889	  0.4	-0.08	 0.04	-0.29	 0.05	21.65	20.87	 0.79	  0.04	3
168.3703930	  1.8	+22.1578335	  1.1	 0.74	 0.15	 0.47	 0.16	25.50	24.99	 0.50	  0.16	2
168.3704001	  0.7	+22.1696214	  0.4	-0.05	 0.07	-0.05	 0.06	23.79	22.91	 0.88	  0.05	3
168.3704229	  4.0	+22.1750257	  4.3	-2.31	 0.56	 0.45	 0.61	26.13	25.49	 0.64	 -0.02	3
168.3704248	  2.5	+22.1541423	  1.4	-0.19	 0.21	 0.22	 0.18	25.60	25.09	 0.51	  0.11	2
168.3704271	  6.5	+22.1659040	  1.4	 1.76	 0.52	-0.57	 0.23	26.24	25.79	 0.45	  0.01	3
168.3704291	  4.0	+22.1831792	  1.8	 0.15	 0.35	 0.10	 0.25	25.59	24.99	 0.61	  0.14	3
168.3704412	  2.5	+22.1833020	  2.9	 1.06	 0.22	-0.80	 0.43	25.72	25.31	 0.41	  0.03	3
168.3704527	  2.5	+22.1564572	  4.0	-0.36	 0.41	-0.12	 0.65	25.76	25.20	 0.56	  0.16	2
168.3704545	  3.6	+22.1616314	  2.9	-0.35	 0.43	 0.68	 0.41	26.35	25.73	 0.62	 -0.15	2
168.3704647	  2.2	+22.1522443	  0.7	 0.25	 0.19	 0.04	 0.13	24.67	23.99	 0.68	  0.29	2
168.3704657	  1.4	+22.1575188	  4.0	 0.14	 0.29	-0.46	 0.61	26.34	25.86	 0.48	 -0.18	2
168.3704740	 10.1	+22.1544401	  3.2	-0.94	 0.87	-0.21	 0.47	26.64	26.08	 0.56	  0.11	2
168.3704799	  1.4	+22.1617542	  2.5	-0.15	 0.19	 0.15	 0.37	25.89	25.59	 0.29	  0.13	2
168.3704835	  1.4	+22.1598266	  1.8	 0.62	 0.20	-0.22	 0.27	25.81	25.36	 0.45	  0.01	2
168.3704840	  3.6	+22.1817303	  1.4	-0.28	 0.31	 0.88	 0.22	25.43	24.99	 0.45	 -0.10	3
168.3704871	  3.2	+22.1729784	  1.1	-0.31	 0.26	 0.29	 0.17	25.56	24.90	 0.66	 -0.01	3
168.3705104	  2.5	+22.1477426	  1.4	 0.36	 0.31	 0.25	 0.22	25.38	24.59	 0.79	  0.04	2
168.3705123	  1.8	+22.1503823	  1.4	 0.18	 0.18	 0.09	 0.20	25.82	25.42	 0.40	  0.02	2
168.3705195	  0.4	+22.1557578	  1.1	 0.06	 0.09	-0.18	 0.16	24.95	23.94	 1.01	  0.01	2
168.3705206	  1.4	+22.1570750	  2.2	 0.12	 0.24	-0.54	 0.31	26.14	25.50	 0.64	  0.03	2
168.3705320	  7.2	+22.1727894	  1.8	-0.09	 0.35	 0.76	 0.23	25.66	25.17	 0.50	  0.12	3
168.3705353	  3.2	+22.1539201	  2.9	 0.01	 0.27	 0.03	 0.39	25.63	25.18	 0.45	 -0.04	2
168.3705362	  1.4	+22.1484450	  1.8	 0.36	 0.18	 0.36	 0.25	25.03	24.38	 0.65	  0.10	2
168.3705565	  2.9	+22.1640983	  2.2	 0.27	 0.35	 0.20	 0.32	25.45	24.98	 0.47	 -0.08	3
168.3705569	  1.4	+22.1767648	  1.1	-0.05	 0.17	 0.04	 0.15	24.65	24.33	 0.32	  0.04	3
168.3705593	  1.1	+22.1507987	  1.1	 0.27	 0.15	-0.36	 0.15	24.92	24.19	 0.73	  0.06	2
168.3705660	  0.7	+22.1822231	  0.7	 0.02	 0.10	 0.40	 0.12	24.65	23.95	 0.70	  0.06	3
168.3705779	  0.7	+22.1732571	  1.4	 0.40	 0.12	 0.02	 0.19	24.94	24.23	 0.71	 -0.01	3
168.3705798	  1.1	+22.1529887	  1.4	 0.04	 0.11	 0.27	 0.22	25.27	24.66	 0.61	 -0.09	2
168.3705811	  3.2	+22.1770800	  1.8	 0.13	 0.29	 0.42	 0.29	25.50	24.84	 0.66	  0.08	3
168.3705835	  2.2	+22.1528651	  0.4	 0.19	 0.12	 0.02	 0.03	23.65	22.84	 0.82	  0.05	2
168.3705877	  1.8	+22.1765170	  1.8	 0.62	 0.22	-0.27	 0.25	24.65	24.63	 0.02	  0.04	3
168.3706058	 14.0	+22.1486050	  1.1	 1.74	 0.66	-0.06	 0.14	26.37	25.91	 0.46	  0.15	2
168.3706443	  2.2	+22.1833184	  1.1	-0.13	 0.21	-0.26	 0.18	24.67	24.08	 0.59	  0.11	3
168.3706610	  7.9	+22.1667409	  3.2	 0.20	 0.84	 0.02	 0.45	25.67	25.18	 0.49	  0.30	3
168.3706632	  0.4	+22.1551720	  0.7	 0.25	 0.06	-0.15	 0.07	23.40	22.54	 0.85	  0.07	2
168.3706711	  3.6	+22.1770203	  2.2	 0.06	 0.39	-0.84	 0.34	25.77	25.36	 0.41	  0.13	3
168.3706800	  2.9	+22.1601280	  1.1	-0.25	 0.24	 0.52	 0.16	25.74	25.14	 0.60	 -0.02	2
168.3707009	  1.1	+22.1652529	  1.8	 0.62	 0.12	-0.53	 0.24	25.58	25.20	 0.38	  0.01	3
168.3707418	  1.1	+22.1703387	  0.4	 0.18	 0.07	-0.16	 0.05	22.33	21.53	 0.80	  0.07	3
168.3707460	 13.0	+22.1594516	  6.1	-1.29	 1.29	 0.63	 0.86	26.68	26.22	 0.46	  0.11	2
168.3707682	  1.8	+22.1759801	  0.7	 0.62	 0.15	-0.46	 0.14	24.01	23.24	 0.77	  0.06	3
168.3707725	  5.0	+22.1556548	  4.7	 0.03	 0.49	-0.53	 0.65	26.40	25.61	 0.79	  0.08	2
168.3707835	  2.9	+22.1566689	  1.8	 0.85	 0.32	 1.30	 0.23	25.40	25.04	 0.36	 -0.15	2
168.3707895	  3.6	+22.1697587	  2.9	 1.31	 0.35	-0.11	 0.37	26.20	25.63	 0.58	  0.02	3
168.3708004	  1.1	+22.1662066	  1.8	 0.61	 0.12	-0.34	 0.24	25.24	24.89	 0.34	 -0.02	3
168.3708033	  6.5	+22.1822038	  4.3	-0.07	 0.52	 1.14	 0.71	25.93	25.61	 0.32	 -0.01	3
168.3708035	  1.8	+22.1764476	  1.8	 0.16	 0.29	-0.30	 0.32	25.50	25.08	 0.43	  0.00	3
168.3708086	  7.2	+22.1629421	  2.5	 0.49	 0.65	 0.47	 0.38	26.73	26.10	 0.63	 -1.09	2
168.3708119	  2.9	+22.1576348	  3.2	-0.33	 0.39	-0.66	 0.53	26.27	25.75	 0.52	 -0.15	2
168.3708182	  1.1	+22.1686021	  1.1	 0.31	 0.15	 0.11	 0.17	25.01	24.52	 0.48	  0.15	3
168.3708210	  0.7	+22.1803992	  1.1	 0.20	 0.10	-0.25	 0.18	24.73	24.08	 0.65	  0.06	3
168.3708308	  2.5	+22.1729267	  1.1	-0.45	 0.21	 0.20	 0.14	25.28	24.69	 0.59	  0.15	3
168.3708382	  3.6	+22.1754212	  0.7	-0.16	 0.23	-0.14	 0.13	25.43	24.70	 0.73	  0.13	3
168.3708426	  3.6	+22.1615833	  1.4	 0.35	 0.30	-1.12	 0.20	25.64	25.14	 0.50	 -0.09	2
168.3708475	  3.6	+22.1646510	  1.4	-0.30	 0.32	 0.10	 0.19	25.45	25.09	 0.35	  0.12	3
168.3708494	  3.6	+22.1691046	  1.4	-0.31	 0.27	-0.55	 0.19	25.34	24.82	 0.52	 -0.02	3
168.3708495	  7.6	+22.1561772	  0.4	 0.18	 0.28	-0.05	 0.07	25.46	25.02	 0.44	 -0.03	2
168.3708511	  1.4	+22.1789624	  5.0	 1.28	 0.35	 0.07	 0.68	26.05	25.58	 0.47	 -0.15	3
168.3708568	  0.7	+22.1641111	  2.5	 0.92	 0.14	 0.22	 0.41	25.89	25.39	 0.51	  0.07	3
168.3708596	  1.8	+22.1735652	  1.4	-0.16	 0.22	-0.32	 0.25	24.65	23.89	 0.76	  0.07	3
168.3708666	  3.6	+22.1617143	  4.3	 0.51	 0.49	 0.20	 0.66	26.66	26.01	 0.65	  0.14	2
168.3708668	  1.8	+22.1746415	  1.4	-0.53	 0.18	 0.62	 0.19	25.37	24.66	 0.71	  0.27	3
168.3708674	  3.2	+22.1768839	  5.4	 0.10	 0.54	 0.12	 0.87	26.79	26.03	 0.76	 -0.08	3
168.3708812	  0.4	+22.1748018	  1.8	-0.50	 0.09	-0.05	 0.27	24.92	24.71	 0.21	 -0.01	3
168.3708835	 10.4	+22.1538202	  0.7	 1.22	 0.48	 0.40	 0.13	26.17	25.47	 0.70	 -0.12	2
168.3708882	  1.1	+22.1578416	  1.1	 0.51	 0.15	-0.36	 0.18	25.06	24.60	 0.46	  0.02	2
168.3708952	  9.0	+22.1784422	  2.2	 1.11	 0.45	-3.02	 0.33	25.84	25.50	 0.34	  0.13	3
168.3708999	  1.1	+22.1606387	  1.8	 0.41	 0.17	-0.01	 0.27	25.24	24.68	 0.56	  0.13	2
168.3709035	  1.1	+22.1526941	  2.2	 0.47	 0.19	 0.61	 0.33	25.32	24.96	 0.36	 -0.09	2
168.3709421	  5.4	+22.1588959	  1.8	-0.26	 0.49	 0.10	 0.27	26.17	25.81	 0.36	  0.24	2
168.3709467	  2.2	+22.1683530	  3.6	-0.10	 0.39	 0.48	 0.53	25.89	25.66	 0.23	  0.11	3
168.3709754	  1.8	+22.1652737	  2.2	 0.18	 0.18	-0.83	 0.30	25.71	25.34	 0.37	 -0.10	3
168.3709838	  0.4	+22.1626420	  0.7	 0.78	 0.07	-0.04	 0.10	24.14	23.40	 0.74	  0.03	2
168.3709882	  6.5	+22.1561612	  2.5	 0.01	 0.63	 1.08	 0.39	25.97	25.55	 0.42	  0.27	2
168.3709976	  1.1	+22.1756990	  2.9	 0.07	 0.22	 0.95	 0.46	25.44	25.14	 0.30	  0.10	3
168.3710008	  1.4	+22.1816593	  1.8	 0.16	 0.23	 0.15	 0.28	25.48	25.14	 0.35	  0.03	3
168.3710061	  1.4	+22.1650779	  2.9	 0.31	 0.24	-0.44	 0.44	25.68	25.29	 0.40	 -0.03	3
168.3710145	  0.4	+22.1761689	  1.8	 0.58	 0.07	-0.76	 0.29	25.73	25.12	 0.61	 -0.11	3
168.3710209	  2.5	+22.1565628	  2.5	 0.94	 0.36	-0.06	 0.34	26.14	25.55	 0.59	  0.00	2
168.3710211	  1.1	+22.1778946	  0.4	 0.09	 0.07	-0.07	 0.03	22.39	21.60	 0.79	  0.08	3
168.3710323	  0.4	+22.1705092	  0.4	-0.04	 0.06	-0.40	 0.05	21.41	20.45	 0.96	  0.03	3
168.3710388	  1.4	+22.1617476	  1.8	 0.26	 0.21	-0.48	 0.28	25.91	25.42	 0.50	 -0.21	2
168.3710427	  6.1	+22.1788196	  4.0	-1.43	 0.60	-1.01	 0.60	26.54	26.11	 0.43	  0.12	3
168.3710469	  1.1	+22.1721287	  1.8	 0.22	 0.15	-0.41	 0.26	25.50	24.89	 0.60	 -0.02	3
168.3710508	  1.4	+22.1604723	  2.2	 1.34	 0.20	 0.10	 0.32	25.42	24.97	 0.46	  0.06	2
168.3710509	  7.2	+22.1601446	  1.4	 1.16	 0.48	 0.05	 0.19	25.69	25.21	 0.48	  0.06	2
168.3710581	  0.0	+22.1624722	  0.4	 0.64	 0.03	 0.24	 0.07	21.67	20.74	 0.93	  0.04	2
168.3710663	  5.8	+22.1724148	  1.4	-0.53	 0.29	 0.12	 0.22	25.61	25.10	 0.50	  0.07	3
168.3710746	  2.9	+22.1550668	  1.8	 1.63	 0.23	-0.44	 0.25	26.14	25.74	 0.39	 -0.04	2
168.3710804	  1.4	+22.1714554	  2.2	 0.81	 0.20	-0.62	 0.28	25.64	25.11	 0.54	  0.22	3
168.3710851	  2.2	+22.1644789	  2.9	 1.57	 0.33	 0.12	 0.43	26.10	25.47	 0.63	 -0.08	3
168.3710919	  1.8	+22.1596297	  1.8	 0.73	 0.18	-0.80	 0.31	25.24	24.86	 0.38	  0.08	2
168.3711061	  5.8	+22.1708985	  0.7	 0.78	 0.31	 0.08	 0.09	25.00	24.49	 0.51	  0.03	3
168.3711103	  1.1	+22.1631156	  1.4	 1.13	 0.15	-0.13	 0.19	25.20	24.56	 0.63	  0.16	2
168.3711148	  0.4	+22.1732825	  1.1	-0.07	 0.11	 0.20	 0.19	24.63	23.79	 0.84	  0.01	3
168.3711383	  3.2	+22.1822814	  2.5	 0.44	 0.34	-0.71	 0.33	26.04	25.57	 0.47	 -0.01	3
168.3711534	  1.1	+22.1677983	  1.8	 0.12	 0.20	-0.05	 0.27	24.89	24.19	 0.70	  0.23	3
168.3711660	  2.2	+22.1763959	  1.1	-0.20	 0.17	 0.13	 0.18	25.11	24.29	 0.82	 -0.02	3
168.3712026	  1.4	+22.1573452	  2.5	 0.71	 0.22	-0.26	 0.39	25.63	25.20	 0.43	 -0.01	2
168.3712230	  0.4	+22.1762071	  1.4	-0.04	 0.12	 0.10	 0.21	24.89	24.08	 0.80	  0.01	3
168.3712325	  0.7	+22.1682779	  1.4	 0.01	 0.09	-0.09	 0.16	24.87	24.30	 0.57	  0.21	3
168.3712373	  7.6	+22.1831953	  5.0	 0.13	 0.85	 0.12	 0.84	26.52	25.95	 0.57	  0.04	3
168.3712417	  6.8	+22.1612187	  5.0	 0.45	 0.60	 2.55	 0.84	26.98	26.80	 0.18	  0.25	2
168.3712560	  5.0	+22.1620228	  4.7	 1.85	 0.58	 1.46	 0.81	26.36	26.02	 0.34	 -0.09	2
168.3712729	  5.4	+22.1788742	  1.4	 0.17	 0.38	 0.23	 0.19	25.30	24.91	 0.39	  0.11	3
168.3712733	  0.7	+22.1730812	  0.7	-0.06	 0.09	 0.03	 0.09	24.16	23.32	 0.84	  0.06	3
168.3712934	  2.9	+22.1623670	  0.7	-0.01	 0.20	 0.20	 0.08	25.03	24.48	 0.56	  0.04	2
168.3713004	 21.6	+22.1697022	  1.8	 0.06	 1.03	-0.59	 0.28	26.41	25.87	 0.54	 -0.04	3
168.3713046	  3.2	+22.1816475	  2.2	-0.16	 0.32	-0.40	 0.31	25.64	25.15	 0.48	  0.04	3
168.3713095	  0.7	+22.1711841	  0.7	 0.08	 0.11	-0.48	 0.12	24.19	23.42	 0.77	  0.02	3
168.3713228	  0.0	+22.1664518	  0.7	 0.40	 0.02	-0.29	 0.09	22.26	22.23	 0.03	  0.05	3
168.3713306	  7.2	+22.1773079	  3.6	-0.72	 0.72	 1.24	 0.52	26.27	25.92	 0.35	 -0.08	3
168.3713386	  2.5	+22.1618953	  1.8	 0.46	 0.26	 0.10	 0.25	25.30	24.83	 0.47	  0.03	2
168.3713919	  4.0	+22.1790395	  3.6	-0.05	 0.44	 0.33	 0.52	26.16	25.81	 0.35	 -0.04	3
168.3713955	  1.4	+22.1765558	  0.7	-0.11	 0.09	-0.08	 0.08	23.54	22.62	 0.91	  0.13	3
168.3714221	  2.2	+22.1671547	  2.9	 0.31	 0.28	-0.30	 0.40	26.44	25.96	 0.48	  0.00	3
168.3714390	  3.6	+22.1831006	  1.4	-0.27	 0.30	-0.38	 0.19	25.23	24.84	 0.39	 -0.04	3
168.3714446	  1.8	+22.1752854	  2.5	 0.77	 0.28	 0.33	 0.33	25.43	24.94	 0.49	  0.23	3
168.3714742	  1.4	+22.1629604	  1.8	 0.99	 0.17	 0.29	 0.29	25.07	24.49	 0.58	 -0.02	2
168.3714745	  6.1	+22.1694075	  4.0	 1.54	 0.55	 0.01	 0.61	26.34	25.95	 0.40	 -0.06	3
168.3714748	  3.6	+22.1644539	  1.8	-0.02	 0.32	 0.03	 0.24	25.76	25.18	 0.58	 -0.01	3
168.3714763	  3.2	+22.1645646	  2.2	 0.73	 0.36	-0.41	 0.30	25.79	25.51	 0.28	  0.16	3
168.3714814	  2.9	+22.1820947	  1.4	-0.48	 0.25	 0.16	 0.21	25.58	25.23	 0.35	  0.16	3
168.3715074	  1.1	+22.1806412	  1.1	-0.01	 0.13	 0.37	 0.13	25.13	24.67	 0.46	  0.01	3
168.3715203	  1.8	+22.1697255	  0.7	-0.07	 0.17	-0.07	 0.12	24.84	24.01	 0.82	  0.07	3
168.3715572	  3.6	+22.1801857	  0.7	 0.69	 0.26	-0.16	 0.11	25.42	24.86	 0.56	 -0.05	3
168.3715587	  1.1	+22.1725104	  1.8	 0.04	 0.14	-0.31	 0.24	25.12	24.30	 0.82	  0.14	3
168.3715633	  4.7	+22.1650268	  2.5	 0.69	 0.49	-0.46	 0.34	25.85	25.11	 0.74	  0.24	3
168.3715868	  2.2	+22.1808029	  1.1	-0.03	 0.17	-0.05	 0.17	25.06	24.59	 0.47	  0.21	3
168.3715905	  1.8	+22.1678504	  0.7	-0.30	 0.14	-0.44	 0.10	24.51	24.38	 0.13	  0.15	3
168.3715925	  3.2	+22.1818096	  2.2	 0.14	 0.31	 0.38	 0.28	25.80	25.44	 0.36	  0.06	3
168.3716154	  0.7	+22.1829635	  0.7	 0.09	 0.07	 0.10	 0.10	23.50	22.64	 0.86	  0.12	3
168.3716162	  2.2	+22.1689716	  5.4	-0.92	 0.27	 0.54	 0.83	26.27	26.01	 0.26	  0.13	3
168.3716177	  1.8	+22.1631392	  1.8	 0.91	 0.22	 0.40	 0.31	25.26	24.77	 0.49	  0.08	2
168.3716327	  5.8	+22.1651032	  2.9	 0.21	 0.40	 0.84	 0.41	25.85	25.44	 0.41	 -0.10	3
168.3716584	  1.4	+22.1824252	  1.1	-0.13	 0.16	 0.05	 0.14	24.54	23.67	 0.87	  0.10	3
168.3716825	  1.1	+22.1727450	  1.8	 0.40	 0.18	 1.28	 0.30	25.04	24.44	 0.60	  0.15	3
168.3716878	  0.7	+22.1721771	  1.8	-0.30	 0.14	-0.43	 0.26	24.92	24.20	 0.72	  0.05	3
168.3716906	  0.7	+22.1737908	  1.4	 0.70	 0.13	-0.25	 0.18	25.27	24.79	 0.48	  0.00	3
168.3717035	  2.9	+22.1665190	  1.1	-0.50	 0.24	-0.79	 0.17	25.69	25.13	 0.56	 -0.04	3
168.3717196	  3.2	+22.1670170	  3.2	 0.09	 0.44	-0.16	 0.44	26.25	25.70	 0.54	  0.02	3
168.3717703	  1.8	+22.1751862	  2.2	 0.29	 0.23	 0.26	 0.33	25.28	24.78	 0.50	  0.18	3
168.3717704	  1.1	+22.1751866	  1.8	 0.37	 0.19	 0.77	 0.27	25.28	24.73	 0.55	  0.14	3
168.3717712	  3.6	+22.1757640	  1.8	-0.33	 0.40	-0.31	 0.33	19.62	18.25	 1.37	  0.17	3
168.3717766	  3.2	+22.1739835	  4.7	-0.82	 0.21	 0.49	 0.63	26.54	26.11	 0.42	  0.12	3
168.3718039	  1.1	+22.1763010	  2.5	 0.45	 0.24	 0.14	 0.39	25.85	25.08	 0.77	  0.22	3
168.3718509	  9.7	+22.1697192	  5.8	-0.44	 1.05	-3.03	 0.85	27.10	25.85	 1.25	  0.21	3
168.3718598	  6.5	+22.1766618	  2.2	 0.13	 0.44	-0.16	 0.30	26.07	25.37	 0.69	  0.05	3
168.3719006	  1.4	+22.1784485	  2.5	 0.14	 0.21	 0.59	 0.32	25.48	25.01	 0.47	 -0.02	3
168.3719526	  2.2	+22.1703054	  1.8	-0.74	 0.21	 0.24	 0.25	25.28	24.58	 0.70	  0.10	3
168.3720218	  1.1	+22.1774537	  0.4	 0.05	 0.10	 0.13	 0.06	24.08	23.30	 0.78	  0.12	3
168.3720530	  2.9	+22.1777769	  2.9	 0.40	 0.37	-1.22	 0.46	26.20	25.86	 0.35	  0.07	3
168.3720548	  2.9	+22.1811701	  1.1	 0.15	 0.26	 0.65	 0.16	25.55	25.14	 0.41	  0.15	3
168.3720905	  2.2	+22.1791433	  2.2	-0.31	 0.28	 1.13	 0.29	25.36	24.81	 0.55	  0.08	3
168.3721093	  4.7	+22.1719033	  4.3	 0.24	 0.59	-1.62	 0.61	26.55	26.18	 0.37	  0.19	3
168.3721479	  0.7	+22.1789459	  1.4	-0.15	 0.13	-0.14	 0.19	25.42	24.93	 0.49	 -0.11	3
168.3722474	  0.7	+22.1729653	  2.9	 0.08	 0.18	-0.08	 0.41	25.87	25.25	 0.62	  0.09	3
168.3722581	  5.4	+22.1815984	  2.2	 0.09	 0.41	-0.17	 0.32	25.76	25.22	 0.54	  0.11	3
168.3722759	  4.3	+22.1803427	  4.3	-0.28	 0.63	 2.86	 0.70	26.47	25.74	 0.73	  0.11	3
168.3722825	  5.4	+22.1787357	  3.6	-0.73	 0.63	-0.07	 0.50	26.26	25.81	 0.45	  0.02	3
168.3722908	  3.6	+22.1825933	  2.9	 0.27	 0.41	 0.53	 0.44	26.10	25.37	 0.73	  0.06	3
168.3722910	  8.3	+22.1746346	  1.1	 0.54	 0.46	-0.20	 0.14	25.88	25.51	 0.37	 -0.01	3
168.3723119	  2.5	+22.1762813	  2.2	-0.30	 0.29	-0.57	 0.28	25.86	25.35	 0.51	  0.00	3
168.3723310	  0.7	+22.1788813	  0.7	 0.19	 0.07	-0.18	 0.11	24.15	23.40	 0.74	  0.08	3
168.3723360	  9.0	+22.1741874	  1.8	-0.28	 0.58	-0.15	 0.28	26.05	25.52	 0.53	 -0.18	3
168.3723463	  3.2	+22.1765068	  2.9	 0.14	 0.38	 0.45	 0.38	25.84	25.28	 0.56	 -0.10	3
168.3723522	  6.1	+22.1809696	  2.2	 0.53	 0.49	-1.77	 0.38	26.65	25.77	 0.88	  0.02	3
168.3723778	  2.2	+22.1786961	  1.1	 0.31	 0.20	 0.12	 0.15	25.19	24.72	 0.46	  0.23	3
168.3723952	  3.2	+22.1813563	  1.4	 0.39	 0.28	 0.08	 0.19	25.29	25.07	 0.22	  0.08	3
168.3724745	  4.3	+22.1818928	  3.2	-0.74	 0.52	-0.65	 0.44	26.02	25.81	 0.21	  0.18	3
168.3724935	  5.8	+22.1793433	  2.2	 0.93	 0.46	-0.52	 0.30	26.10	25.43	 0.67	  0.17	3
168.3725052	  2.5	+22.1814307	  0.7	 0.28	 0.17	-0.18	 0.08	24.47	23.64	 0.83	  0.06	3
168.3725134	  1.8	+22.1807485	  1.4	-0.33	 0.19	-0.21	 0.22	25.56	25.23	 0.33	  0.01	3
168.3726079	  1.4	+22.1793168	  1.4	 2.45	 0.15	-0.11	 0.19	25.24	24.64	 0.59	  0.09	3
168.3726588	  2.9	+22.1791314	  2.2	-0.44	 0.31	-0.02	 0.30	25.00	24.41	 0.59	  0.22	3
168.3726611	  0.4	+22.1802027	  0.7	 1.04	 0.05	-0.42	 0.10	22.38	21.63	 0.75	  0.06	3
168.3726994	  1.8	+22.1818195	  2.2	-0.06	 0.25	 0.35	 0.30	25.57	25.30	 0.27	  0.20	3
168.3727114	  2.2	+22.1811123	  0.4	 1.63	 0.14	-0.07	 0.08	23.97	23.22	 0.75	  0.11	3
168.3727882	  1.4	+22.1824410	  1.4	 0.52	 0.18	 0.04	 0.21	24.95	24.19	 0.76	  0.07	3
168.3728390	  0.7	+22.1806441	  0.7	 0.39	 0.09	-0.08	 0.11	22.49	21.75	 0.74	  0.04	3
168.3783405	  2.5	+22.1652502	  1.8	-0.23	 0.30	 0.33	 0.28	25.02	24.61	 0.42	  0.03	4
168.3784280	  3.6	+22.1660185	  4.3	 0.55	 0.38	 0.61	 0.59	26.18	25.69	 0.49	  0.08	4
168.3786810	  5.0	+22.1699687	  1.4	-0.17	 0.38	 1.14	 0.21	26.03	25.68	 0.34	  0.22	4
168.3787862	  1.4	+22.1675342	  1.8	-0.26	 0.22	 0.34	 0.28	25.34	24.81	 0.53	  0.08	4
168.3787903	  5.0	+22.1676788	  1.1	-0.44	 0.34	 0.47	 0.14	25.78	25.41	 0.37	  0.27	4
168.3788914	  1.8	+22.1677839	  1.1	 0.29	 0.18	-0.16	 0.15	25.18	24.74	 0.44	  0.09	4
168.3788978	  5.4	+22.1644070	  2.2	-0.21	 0.50	-0.89	 0.34	25.95	25.38	 0.57	  0.05	4
168.3789831	  3.6	+22.1695544	  4.3	 0.50	 0.61	-0.44	 0.63	26.13	25.81	 0.33	  0.07	4
168.3790187	  4.0	+22.1706581	  1.8	 0.03	 0.36	 0.33	 0.26	25.92	25.49	 0.42	 -0.13	4
168.3790189	  2.9	+22.1727626	  2.2	-0.65	 0.32	-0.17	 0.27	26.15	25.73	 0.41	  0.16	4
168.3790226	  2.2	+22.1740995	  2.2	-0.06	 0.24	 0.33	 0.31	25.62	25.36	 0.26	 -0.03	4
168.3790495	  1.4	+22.1685042	  1.4	-0.45	 0.19	-0.78	 0.20	25.35	25.03	 0.33	  0.19	4
168.3790800	  2.5	+22.1737987	  2.5	-0.32	 0.32	 0.29	 0.38	25.56	25.23	 0.33	  0.06	4
168.3791019	  1.8	+22.1693177	  2.2	 0.31	 0.18	 0.12	 0.34	25.91	25.52	 0.38	 -0.05	4
168.3791293	  2.2	+22.1727861	  5.4	 0.50	 0.36	-0.86	 0.71	26.05	25.65	 0.40	 -0.08	4
168.3791424	  2.2	+22.1755533	  1.4	-0.09	 0.21	 0.30	 0.19	24.92	24.38	 0.54	  0.20	4
168.3791947	  4.0	+22.1703778	  3.6	-0.64	 0.52	 0.28	 0.50	26.66	25.97	 0.69	  0.02	4
168.3792210	  4.0	+22.1721274	  1.1	 0.21	 0.27	-0.04	 0.12	25.21	24.70	 0.52	  0.08	4
168.3792790	  8.3	+22.1658202	  3.2	-0.35	 0.68	 0.17	 0.42	26.02	25.57	 0.45	 -0.19	4
168.3793020	  1.4	+22.1740657	  2.5	 0.00	 0.23	 0.41	 0.34	25.49	25.14	 0.35	 -0.09	4
168.3793107	  5.4	+22.1770360	  4.0	-0.27	 0.62	 1.54	 0.58	26.57	25.80	 0.77	  0.29	4
168.3793150	  4.3	+22.1753478	  1.1	 0.08	 0.31	 0.16	 0.12	24.77	24.36	 0.41	  0.07	4
168.3793503	  2.9	+22.1763684	  1.8	-0.06	 0.32	-0.01	 0.27	25.76	25.39	 0.37	 -0.02	4
168.3793658	  7.6	+22.1647783	  3.6	-0.76	 0.81	-0.25	 0.52	26.49	25.77	 0.72	  0.12	4
168.3793732	  1.1	+22.1744786	  2.9	-1.74	 0.24	 0.21	 0.46	26.27	24.89	 1.38	  0.04	4
168.3794032	  4.7	+22.1653126	  1.8	-0.12	 0.36	 0.42	 0.26	26.08	25.64	 0.45	  0.17	4
168.3794035	  1.1	+22.1735030	  0.7	-0.39	 0.12	-0.04	 0.13	24.33	23.53	 0.80	  0.15	4
168.3794140	  0.7	+22.1662093	  0.7	 0.02	 0.07	 0.00	 0.12	22.36	21.60	 0.76	  0.08	4
168.3794251	  3.6	+22.1739843	  2.2	 0.48	 0.35	 0.83	 0.28	25.86	25.45	 0.41	  0.02	4
168.3794637	  0.7	+22.1669832	  0.7	 0.00	 0.09	-0.42	 0.16	22.28	21.53	 0.75	  0.05	4
168.3795719	  3.6	+22.1799779	  3.2	-1.42	 0.33	 0.79	 0.52	26.46	25.76	 0.70	 -0.10	4
168.3795778	  1.4	+22.1795037	  1.4	 0.10	 0.16	 0.67	 0.19	24.29	24.24	 0.06	  0.08	4
168.3795847	  0.7	+22.1662153	  0.4	-0.03	 0.07	 0.15	 0.07	24.05	23.48	 0.57	  0.22	4
168.3795998	  0.7	+22.1672838	  0.7	-0.30	 0.10	-0.23	 0.10	24.32	23.88	 0.44	  0.11	4
168.3796157	  0.7	+22.1738754	  0.7	-0.30	 0.08	 0.23	 0.10	22.13	21.36	 0.76	  0.05	4
168.3796269	  2.5	+22.1762065	  4.0	 0.07	 0.36	-0.35	 0.57	26.25	25.74	 0.51	 -0.04	4
168.3796275	  1.8	+22.1667546	  1.1	-0.30	 0.17	-0.47	 0.15	25.71	25.46	 0.25	 -0.12	4
168.3796319	  3.2	+22.1754364	  2.5	 0.81	 0.36	-0.39	 0.37	26.11	25.72	 0.39	 -0.15	4
168.3796387	  2.2	+22.1681233	  4.0	-0.47	 0.39	 1.52	 0.60	26.16	25.76	 0.40	 -0.11	4
168.3796460	  1.8	+22.1733225	  2.5	-0.54	 0.24	-0.50	 0.45	25.80	25.28	 0.52	  0.13	4
168.3796517	  2.5	+22.1796652	  1.8	 0.26	 0.26	 0.08	 0.23	25.40	25.12	 0.27	 -0.02	4
168.3796576	  1.1	+22.1704034	  1.4	 0.42	 0.16	 0.01	 0.24	24.57	24.46	 0.11	  0.16	4
168.3796779	  1.8	+22.1756429	  1.4	-0.06	 0.20	 0.17	 0.17	24.93	24.34	 0.59	  0.20	4
168.3796949	  1.4	+22.1669285	  1.1	 0.13	 0.19	-0.91	 0.19	25.32	24.82	 0.49	  0.19	4
168.3796966	  4.0	+22.1644975	  1.4	 0.04	 0.34	-0.10	 0.22	25.53	24.95	 0.58	  0.23	4
168.3797146	  4.0	+22.1760375	  2.2	 0.41	 0.41	 0.14	 0.32	25.67	25.25	 0.43	  0.08	4
168.3797147	  1.4	+22.1726504	  2.9	-0.86	 0.24	 0.56	 0.40	26.01	25.55	 0.46	  0.15	4
168.3797672	  0.7	+22.1722975	  0.7	-0.17	 0.11	-0.10	 0.10	24.24	23.56	 0.68	  0.08	4
168.3797811	  4.3	+22.1677285	  2.5	 0.42	 0.45	-0.49	 0.35	26.07	25.48	 0.59	 -0.05	4
168.3797902	  2.9	+22.1653753	  2.9	-0.64	 0.36	 0.37	 0.40	25.98	25.37	 0.62	  0.14	4
168.3797930	  4.3	+22.1795358	  4.0	 0.00	 0.58	-0.67	 0.59	26.02	25.45	 0.57	  0.29	4
168.3798235	  1.1	+22.1661908	  1.4	 0.07	 0.17	 0.07	 0.24	25.23	24.78	 0.45	  0.17	4
168.3798244	  4.0	+22.1750466	  6.5	-0.74	 0.56	-0.82	 0.93	26.32	26.38	-0.06	  0.05	4
168.3798615	 12.2	+22.1645083	  1.1	-1.51	 0.71	 0.35	 0.17	25.86	25.50	 0.36	 -0.10	4
168.3798735	  7.2	+22.1745184	  2.2	 0.19	 0.68	 0.83	 0.39	26.42	26.16	 0.26	  0.10	4
168.3798860	  4.3	+22.1647275	  1.4	-0.65	 0.41	 0.16	 0.24	25.57	25.12	 0.44	 -0.21	4
168.3799234	  4.3	+22.1667150	  1.4	 0.42	 0.36	 0.59	 0.19	25.66	25.10	 0.56	  0.04	4
168.3799307	  3.6	+22.1786881	  1.4	-0.16	 0.36	-0.14	 0.23	25.04	24.40	 0.64	  0.15	4
168.3799361	  3.2	+22.1703008	  1.1	-0.68	 0.22	-0.09	 0.16	25.39	24.95	 0.44	  0.06	4
168.3799507	  1.8	+22.1660189	  3.2	-0.75	 0.32	-0.55	 0.48	25.98	25.66	 0.32	  0.05	4
168.3799525	  2.2	+22.1748045	  1.8	-0.95	 0.26	 0.41	 0.27	25.82	25.36	 0.46	  0.18	4
168.3799581	  0.7	+22.1680070	  1.4	-0.13	 0.11	-0.06	 0.20	24.93	24.37	 0.55	  0.05	4
168.3799642	  2.2	+22.1752263	  1.4	 0.06	 0.20	-0.06	 0.20	25.49	25.10	 0.39	 -0.06	4
168.3799735	  1.4	+22.1645917	  1.4	-0.11	 0.17	-0.23	 0.20	25.22	24.68	 0.54	  0.06	4
168.3800068	  1.1	+22.1765149	  1.8	 0.19	 0.21	-0.32	 0.29	25.10	24.57	 0.53	 -0.03	4
168.3800218	  2.9	+22.1784445	  3.2	 0.15	 0.29	-0.67	 0.46	25.55	25.21	 0.34	  0.12	4
168.3800430	  1.8	+22.1696039	  1.1	-0.31	 0.16	-0.03	 0.14	24.95	24.38	 0.57	  0.03	4
168.3800670	  4.7	+22.1763114	  3.2	-0.03	 0.57	-0.58	 0.48	25.93	25.34	 0.59	  0.08	4
168.3800708	  0.7	+22.1771222	  0.4	-0.35	 0.08	 0.00	 0.07	22.17	21.28	 0.89	  0.04	4
168.3800865	  2.9	+22.1665071	  1.4	-0.32	 0.21	 0.04	 0.20	24.92	24.41	 0.50	  0.25	4
168.3800956	  1.4	+22.1659280	  1.8	 0.00	 0.22	-0.10	 0.29	24.99	24.43	 0.56	  0.01	4
168.3801096	  0.7	+22.1719986	  0.7	-0.02	 0.10	-0.34	 0.10	23.23	22.41	 0.81	  0.08	4
168.3801433	  8.3	+22.1793619	  3.2	 0.01	 0.79	-0.26	 0.49	26.34	25.93	 0.41	  0.18	4
168.3801433	  1.1	+22.1639103	  0.4	-0.30	 0.10	-0.08	 0.06	23.09	22.24	 0.85	  0.09	4
168.3801720	  7.2	+22.1819340	  2.9	-0.14	 0.65	-0.42	 0.42	26.44	25.68	 0.76	 -0.26	4
168.3801782	  3.2	+22.1811361	  3.6	-0.05	 0.42	-0.86	 0.53	26.11	25.54	 0.57	  0.08	4
168.3802088	  3.2	+22.1660937	  2.9	 0.24	 0.40	 0.08	 0.43	25.54	25.03	 0.51	  0.19	4
168.3802112	  2.5	+22.1821974	  1.4	-0.78	 0.27	 0.70	 0.22	25.77	25.42	 0.34	  0.05	4
168.3802211	  1.8	+22.1685558	  2.5	-0.18	 0.28	 0.83	 0.35	26.07	25.51	 0.56	  0.15	4
168.3802306	  0.0	+22.1637505	  0.7	 0.21	 0.03	 0.02	 0.10	21.60	20.87	 0.73	  0.07	4
168.3802816	  1.8	+22.1734594	  1.4	-0.62	 0.23	-0.03	 0.23	24.98	24.41	 0.58	  0.27	4
168.3803057	  4.3	+22.1742446	  1.8	-0.36	 0.38	 0.45	 0.27	25.89	25.50	 0.39	 -0.04	4
168.3803274	  2.5	+22.1727980	  1.4	 0.61	 0.28	-0.75	 0.21	25.94	25.44	 0.50	 -0.08	4
168.3803378	  0.7	+22.1685801	  2.5	-0.08	 0.16	-0.47	 0.38	25.17	24.57	 0.60	  0.03	4
168.3803391	  1.1	+22.1716526	  1.1	 0.08	 0.11	-0.18	 0.13	24.76	23.96	 0.80	  0.12	4
168.3803579	  1.1	+22.1783601	  0.7	-0.29	 0.14	 0.25	 0.12	24.35	23.61	 0.74	  0.15	4
168.3803610	  1.1	+22.1659790	  0.4	-0.36	 0.09	-0.05	 0.08	22.39	21.63	 0.76	  0.07	4
168.3803897	  1.8	+22.1634455	  0.7	 0.21	 0.13	 0.17	 0.11	24.66	24.17	 0.49	  0.13	4
168.3804333	  4.3	+22.1644833	  3.6	 0.46	 0.49	-0.27	 0.52	26.27	25.92	 0.35	 -0.04	4
168.3804676	  6.1	+22.1685179	  2.9	 0.05	 0.53	-0.17	 0.41	26.41	26.11	 0.31	  0.02	4
168.3804733	  4.3	+22.1638183	  2.2	-0.30	 0.36	-0.58	 0.33	25.76	25.20	 0.56	  0.15	4
168.3804947	  5.8	+22.1821928	  3.2	-0.69	 0.51	 1.09	 0.51	26.53	26.00	 0.54	 -0.06	4
168.3804974	  3.2	+22.1684077	  3.6	-0.65	 0.43	-0.90	 0.52	26.15	25.76	 0.40	 -0.09	4
168.3804980	  3.6	+22.1805170	  1.1	-0.41	 0.28	 0.59	 0.15	25.82	25.26	 0.56	 -0.03	4
168.3805043	  4.7	+22.1729788	  1.8	-1.20	 0.37	-0.36	 0.27	25.83	25.51	 0.32	  0.09	4
168.3805196	  1.4	+22.1769250	  3.2	-0.29	 0.22	 0.27	 0.49	25.83	25.29	 0.54	  0.17	4
168.3805270	  1.1	+22.1772847	  0.7	-0.17	 0.13	-0.42	 0.10	24.08	23.26	 0.81	  0.05	4
168.3805395	  2.9	+22.1691946	  2.9	 0.29	 0.36	 0.10	 0.40	25.72	25.19	 0.54	  0.11	4
168.3805464	  2.9	+22.1637413	  1.4	 0.35	 0.27	 0.25	 0.23	25.42	24.87	 0.55	  0.19	4
168.3805844	  4.3	+22.1763746	  2.2	-0.41	 0.42	 0.01	 0.31	25.52	25.19	 0.32	  0.21	4
168.3806411	  1.8	+22.1661949	  3.2	-0.22	 0.30	-0.14	 0.46	25.48	25.20	 0.27	  0.05	4
168.3806545	  4.7	+22.1801375	  3.2	-1.09	 0.48	 0.02	 0.45	25.98	25.57	 0.41	 -0.07	4
168.3806834	  6.5	+22.1715683	  4.0	 1.31	 0.69	 0.38	 0.53	26.35	25.83	 0.52	  0.26	4
168.3806909	  7.6	+22.1821376	  2.5	-0.68	 0.68	 0.56	 0.39	25.72	25.20	 0.52	 -0.04	4
168.3807192	  3.2	+22.1713497	  2.2	 0.16	 0.32	-0.97	 0.31	26.26	25.79	 0.47	 -0.07	4
168.3807340	  4.0	+22.1696336	  1.4	-0.14	 0.29	-0.62	 0.23	25.43	24.97	 0.46	  0.18	4
168.3807345	  4.0	+22.1646357	  2.2	 0.18	 0.39	 0.13	 0.28	25.89	25.40	 0.49	 -0.08	4
168.3807419	  7.6	+22.1718540	  5.8	-3.10	 0.92	-2.23	 0.88	26.66	26.19	 0.46	 -0.08	4
168.3807569	  1.8	+22.1707930	  2.2	-0.54	 0.23	-0.34	 0.30	25.49	24.99	 0.50	  0.08	4
168.3807610	  1.1	+22.1722709	  0.4	-0.15	 0.07	 0.07	 0.06	21.53	20.61	 0.92	  0.06	4
168.3807711	  1.8	+22.1810740	  1.4	-0.36	 0.21	 0.22	 0.20	24.97	24.22	 0.74	  0.10	4
168.3807881	  1.1	+22.1679145	  3.2	-1.33	 0.19	 2.21	 0.44	26.14	25.49	 0.65	  0.29	4
168.3808032	  1.1	+22.1789115	  0.7	-0.25	 0.12	-0.03	 0.10	24.18	23.63	 0.56	  0.05	4
168.3808163	  1.1	+22.1641286	  1.1	 0.00	 0.14	-0.09	 0.15	24.91	24.44	 0.47	  0.06	4
168.3808286	  9.4	+22.1716125	  1.4	-0.40	 0.53	-0.28	 0.18	25.61	25.19	 0.42	 -0.14	4
168.3808313	  1.1	+22.1677485	  1.4	-0.14	 0.12	-0.24	 0.24	24.65	23.93	 0.71	  0.03	4
168.3809234	  4.3	+22.1678645	  0.7	 0.13	 0.26	-0.13	 0.08	24.65	24.14	 0.51	  0.08	4
168.3809552	  2.2	+22.1812421	  1.1	-0.48	 0.19	 0.36	 0.13	25.33	25.12	 0.21	  0.13	4
168.3809562	  2.2	+22.1751954	  1.4	-0.07	 0.24	 0.72	 0.24	25.46	24.99	 0.47	  0.23	4
168.3809576	  2.2	+22.1696577	  1.1	 0.07	 0.23	 0.15	 0.15	25.01	24.52	 0.50	  0.02	4
168.3809746	  0.7	+22.1637875	  0.7	 0.08	 0.05	 0.44	 0.11	24.03	23.30	 0.73	  0.10	4
168.3809757	  5.8	+22.1740894	  1.4	 0.44	 0.38	-0.36	 0.20	26.42	25.70	 0.71	  0.01	4
168.3810246	  2.2	+22.1666429	  3.2	 0.32	 0.37	-0.21	 0.44	25.85	25.33	 0.52	  0.10	4
168.3810255	  0.7	+22.1641906	  1.1	 0.10	 0.12	 0.50	 0.16	24.59	23.83	 0.76	  0.04	4
168.3810500	  2.9	+22.1718119	  3.2	-0.49	 0.38	-0.25	 0.59	25.96	25.50	 0.45	  0.09	4
168.3810680	  1.1	+22.1685213	  0.7	-0.45	 0.14	-0.19	 0.09	23.42	22.60	 0.82	  0.13	4
168.3811475	  1.8	+22.1723594	  1.4	-0.79	 0.20	-0.39	 0.21	25.19	24.87	 0.32	  0.06	4
168.3811619	  1.1	+22.1636084	  1.4	-0.50	 0.15	 0.10	 0.20	24.82	24.10	 0.72	  0.04	4
168.3812273	  1.4	+22.1735692	  1.1	-1.09	 0.17	 0.46	 0.15	24.64	24.07	 0.57	  0.12	4
168.3812458	  1.4	+22.1746495	  2.9	-0.38	 0.26	-0.34	 0.42	26.04	25.52	 0.52	  0.29	4
168.3812760	  0.4	+22.1683823	  0.4	-0.19	 0.03	-0.09	 0.06	23.18	22.34	 0.84	  0.06	4
168.3812827	  5.4	+22.1633931	  1.8	-0.45	 0.39	 0.87	 0.22	26.03	25.46	 0.57	 -0.16	4
168.3813025	 19.4	+22.1737041	  1.8	-0.24	 1.18	 0.52	 0.24	26.35	26.03	 0.33	  0.17	4
168.3813053	  2.5	+22.1749116	  2.5	-0.26	 0.25	 0.41	 0.36	25.62	25.14	 0.49	  0.22	4
168.3813407	 13.0	+22.1805047	  0.7	-1.05	 0.55	-0.33	 0.09	25.65	25.24	 0.42	  0.28	4
168.3813603	  6.5	+22.1658865	  4.7	-1.62	 0.60	 0.14	 0.64	26.71	26.03	 0.68	  0.27	4
168.3813795	  1.4	+22.1739686	  1.4	-0.03	 0.19	-0.17	 0.17	24.98	24.43	 0.55	  0.15	4
168.3814050	  1.1	+22.1665388	  1.1	-0.29	 0.12	-0.31	 0.17	25.15	24.75	 0.40	  0.18	4
168.3814238	  0.7	+22.1771955	  1.4	-0.21	 0.14	 0.25	 0.22	25.21	24.68	 0.52	  0.22	4
168.3814623	  4.7	+22.1669003	  3.6	 0.62	 0.46	 0.75	 0.64	26.72	26.08	 0.64	  0.05	4
168.3814964	  0.4	+22.1765126	  0.4	-0.40	 0.08	-0.16	 0.07	21.80	20.89	 0.91	  0.04	4
168.3815101	  2.5	+22.1808924	  1.8	-0.47	 0.25	 0.41	 0.23	25.24	24.87	 0.37	  0.03	4
168.3815267	  1.8	+22.1758791	  1.8	-1.19	 0.17	 0.38	 0.22	25.69	25.36	 0.33	  0.00	4
168.3815284	  1.1	+22.1696124	  0.7	-0.11	 0.11	-0.30	 0.13	24.32	24.24	 0.08	  0.26	4
168.3815411	  1.8	+22.1684277	  1.1	 0.19	 0.17	-0.72	 0.15	25.57	25.18	 0.39	  0.03	4
168.3815425	  0.7	+22.1702574	  2.5	-0.86	 0.15	 0.13	 0.41	25.68	25.27	 0.41	  0.06	4
168.3815474	  2.5	+22.1728943	  1.4	-0.43	 0.25	 0.08	 0.18	25.14	24.47	 0.67	  0.23	4
168.3815598	  1.4	+22.1726690	  0.7	-0.34	 0.14	-0.11	 0.10	23.64	22.90	 0.73	  0.14	4
168.3815813	  0.7	+22.1771232	  0.4	-0.19	 0.09	-0.15	 0.07	22.30	21.65	 0.65	  0.10	4
168.3816053	  1.8	+22.1784148	  4.0	 0.04	 0.35	-0.73	 0.59	26.08	25.66	 0.42	  0.28	4
168.3816723	  3.6	+22.1815032	  0.4	-0.64	 0.27	-0.18	 0.04	23.79	22.98	 0.81	  0.05	4
168.3816839	  2.5	+22.1693887	  2.2	 0.10	 0.30	 1.06	 0.26	25.79	25.38	 0.41	  0.19	4
168.3816983	  0.7	+22.1711924	  2.2	-0.01	 0.12	 0.49	 0.31	25.81	25.43	 0.38	  0.00	4
168.3817276	  1.8	+22.1732904	  0.7	-0.43	 0.18	 0.23	 0.10	25.06	24.35	 0.71	  0.10	4
168.3817366	  2.5	+22.1743398	  1.1	-0.86	 0.25	 0.31	 0.15	25.21	24.59	 0.63	  0.06	4
168.3817424	  0.7	+22.1779520	  0.7	-0.50	 0.08	-0.13	 0.09	22.48	21.81	 0.67	  0.05	4
168.3817705	  0.7	+22.1799180	  1.8	-0.21	 0.14	 0.19	 0.26	24.96	24.57	 0.39	  0.12	4
168.3817755	  3.2	+22.1638451	  2.5	 0.31	 0.31	-0.21	 0.43	25.71	25.23	 0.48	  0.25	4
168.3817840	  1.4	+22.1668149	  0.7	-0.42	 0.12	-0.48	 0.10	25.06	24.53	 0.53	  0.12	4
168.3817943	  2.5	+22.1647619	  4.0	 0.13	 0.33	-0.61	 0.57	26.30	25.69	 0.61	 -0.14	4
168.3817994	  6.5	+22.1749985	  1.1	-0.14	 0.43	-0.04	 0.13	24.94	24.49	 0.45	  0.07	4
168.3818036	  4.7	+22.1785725	  2.2	-0.40	 0.43	 0.03	 0.30	25.59	25.10	 0.49	  0.13	4
168.3818057	  2.2	+22.1634137	  1.1	-0.33	 0.20	-0.21	 0.14	24.62	24.06	 0.56	  0.28	4
168.3818599	  1.4	+22.1650547	  1.1	-0.10	 0.15	-0.54	 0.14	23.57	23.63	-0.06	  0.06	4
168.3818815	  1.4	+22.1668613	  2.5	-1.03	 0.23	-0.63	 0.43	25.64	25.25	 0.40	  0.08	4
168.3818983	  2.2	+22.1744460	  1.4	-0.54	 0.21	 0.31	 0.17	25.33	24.85	 0.48	  0.24	4
168.3818988	  1.8	+22.1670051	  1.4	-0.21	 0.21	-0.29	 0.20	25.20	24.65	 0.56	  0.11	4
168.3819034	  2.9	+22.1634069	  1.4	 0.27	 0.30	 0.04	 0.24	25.14	24.70	 0.44	  0.30	4
168.3819154	  4.7	+22.1697124	  2.9	-0.74	 0.59	-0.22	 0.47	25.83	25.27	 0.56	  0.14	4
168.3819344	  1.1	+22.1707249	  1.4	-0.44	 0.18	 0.24	 0.22	24.87	24.39	 0.48	  0.23	4
168.3819778	 11.5	+22.1748994	  3.6	-0.20	 0.90	 1.54	 0.51	26.65	25.99	 0.66	 -0.01	4
168.3819798	  1.8	+22.1712820	  1.4	-0.50	 0.22	 0.31	 0.20	25.27	24.88	 0.39	  0.03	4
168.3819922	  2.2	+22.1664327	  1.1	-0.63	 0.21	-0.04	 0.15	25.23	24.76	 0.47	  0.04	4
168.3819958	  1.8	+22.1645540	  1.8	-0.08	 0.25	 0.09	 0.22	25.10	24.70	 0.40	  0.27	4
168.3820234	  2.2	+22.1667413	  3.2	 1.44	 0.27	-0.48	 0.44	26.38	25.74	 0.64	  0.19	4
168.3820428	  2.2	+22.1752873	  0.7	 0.10	 0.14	 0.42	 0.08	24.81	24.08	 0.73	  0.11	4
168.3820894	  9.4	+22.1761374	  2.5	-1.00	 0.62	-0.63	 0.35	26.45	25.86	 0.59	 -0.39	4
168.3820920	  0.7	+22.1758282	  1.4	-0.30	 0.08	 0.16	 0.20	25.02	24.67	 0.35	  0.21	4
168.3820922	  0.7	+22.1701092	  0.7	-0.05	 0.08	-0.07	 0.09	23.73	22.92	 0.81	  0.16	4
168.3821159	  4.0	+22.1800965	  2.2	 0.57	 0.42	-0.10	 0.33	25.88	25.43	 0.45	  0.10	4
168.3821321	  1.4	+22.1748354	  3.2	-0.55	 0.23	-0.04	 0.42	25.70	25.18	 0.52	  0.04	4
168.3821325	  8.6	+22.1692251	  4.0	-1.98	 0.75	 1.33	 0.57	26.30	25.88	 0.42	 -0.14	4
168.3821349	  7.9	+22.1823816	  0.7	-1.27	 0.37	 0.44	 0.09	25.39	25.04	 0.35	  0.10	4
168.3821367	  2.5	+22.1714357	  1.8	 0.00	 0.27	-0.14	 0.23	25.72	25.19	 0.53	 -0.13	4
168.3821423	  1.8	+22.1715923	  2.2	-0.42	 0.25	-1.03	 0.29	26.17	25.43	 0.74	  0.01	4
168.3821659	  4.0	+22.1818937	  2.5	-0.50	 0.46	 0.43	 0.36	26.06	25.84	 0.22	  0.03	4
168.3821867	  2.2	+22.1704439	  3.6	-0.22	 0.36	-0.21	 0.55	25.66	25.22	 0.44	  0.01	4
168.3821994	  3.6	+22.1637940	  3.6	 1.21	 0.44	-1.16	 0.53	26.21	26.10	 0.11	  0.09	4
168.3822295	  0.7	+22.1734926	  0.7	-0.04	 0.07	-0.17	 0.13	22.43	21.78	 0.65	  0.05	4
168.3822511	  5.8	+22.1640048	  3.2	-0.59	 0.54	-1.42	 0.45	26.50	25.90	 0.60	 -0.02	4
168.3822569	  0.7	+22.1694418	  2.2	-0.57	 0.12	-0.13	 0.30	25.75	25.41	 0.34	 -0.01	4
168.3822771	  1.1	+22.1816263	  1.8	-0.52	 0.18	 0.15	 0.29	25.11	24.64	 0.47	 -0.01	4
168.3822786	  4.7	+22.1634129	  2.2	-2.15	 0.45	 2.30	 0.32	26.23	25.79	 0.43	  0.21	4
168.3823007	 10.8	+22.1740322	  4.3	-1.25	 0.93	-0.56	 0.58	26.70	26.14	 0.56	  0.07	4
168.3823013	  3.2	+22.1801312	  1.4	-0.14	 0.25	 0.49	 0.22	25.19	24.82	 0.38	  0.23	4
168.3823083	  4.3	+22.1723281	  3.2	-0.60	 0.46	-0.25	 0.45	25.98	25.60	 0.39	 -0.16	4
168.3823156	  7.9	+22.1759688	  3.2	-1.98	 0.74	 1.83	 0.45	26.67	25.81	 0.86	  0.00	4
168.3823218	  1.8	+22.1701630	  0.4	-0.47	 0.15	-0.21	 0.07	24.34	23.59	 0.75	  0.08	4
168.3823234	  1.8	+22.1670898	  3.2	 0.06	 0.31	-0.51	 0.45	26.19	25.87	 0.32	 -0.02	4
168.3823249	  1.1	+22.1679031	  2.9	 0.22	 0.23	 1.91	 0.39	25.68	25.08	 0.61	  0.19	4
168.3823412	  5.0	+22.1711613	  3.6	-1.34	 0.51	 0.16	 0.59	26.40	25.83	 0.57	  0.17	4
168.3823906	  1.4	+22.1762196	  1.8	 0.18	 0.21	-0.56	 0.26	25.43	24.94	 0.49	  0.16	4
168.3823983	  2.9	+22.1717061	  3.6	-1.08	 0.31	-0.33	 0.60	26.22	25.48	 0.74	  0.22	4
168.3824455	  1.1	+22.1739220	  2.9	 0.74	 0.21	 0.15	 0.39	26.15	25.67	 0.49	  0.08	4
168.3824498	  1.8	+22.1694280	  1.1	 0.20	 0.18	-0.43	 0.14	24.64	24.06	 0.57	  0.11	4
168.3824516	  2.5	+22.1765925	  2.2	-0.38	 0.31	 0.32	 0.35	26.01	25.61	 0.41	  0.02	4
168.3824534	  8.3	+22.1706464	  4.0	 0.84	 0.80	 0.24	 0.58	25.54	25.42	 0.12	  0.27	4
168.3824759	  2.9	+22.1646989	  0.7	 0.10	 0.21	-0.36	 0.10	24.65	23.82	 0.83	  0.14	4
168.3824860	  1.4	+22.1766965	  2.9	-0.17	 0.25	-0.66	 0.44	25.40	24.83	 0.57	  0.09	4
168.3825076	  1.8	+22.1770633	  0.7	-0.18	 0.19	 0.18	 0.11	24.50	23.76	 0.74	  0.09	4
168.3825214	  2.2	+22.1754909	  1.8	-0.95	 0.18	 0.57	 0.29	25.85	25.30	 0.55	 -0.10	4
168.3825521	  4.7	+22.1810123	  2.9	-0.93	 0.51	 0.55	 0.43	25.78	25.46	 0.32	  0.04	4
168.3825732	  1.1	+22.1741984	  1.4	-0.46	 0.15	 0.12	 0.19	25.37	24.98	 0.39	  0.04	4
168.3825743	  1.1	+22.1772701	  1.1	-0.03	 0.14	 0.06	 0.13	24.66	23.99	 0.67	  0.16	4
168.3826276	  2.5	+22.1691898	  1.1	-0.34	 0.25	 0.02	 0.15	25.36	24.90	 0.46	  0.24	4
168.3826401	  2.5	+22.1713273	  1.1	 0.08	 0.23	-0.02	 0.17	25.25	24.70	 0.55	  0.19	4
168.3826621	  2.2	+22.1734741	  0.7	-0.26	 0.16	 0.64	 0.09	24.68	23.92	 0.76	  0.11	4
168.3826942	  4.7	+22.1680384	  3.2	-0.74	 0.44	-0.79	 0.53	26.20	25.76	 0.44	  0.25	4
168.3827131	  1.8	+22.1755668	  1.1	-0.25	 0.18	 0.11	 0.18	25.25	24.88	 0.37	  0.01	4
168.3827212	  1.1	+22.1705558	  0.4	 0.07	 0.08	 0.06	 0.06	21.58	20.63	 0.95	  0.06	4
168.3827610	  4.0	+22.1717989	  1.8	 0.03	 0.30	 0.36	 0.25	25.26	25.11	 0.15	  0.10	4
168.3827771	  0.7	+22.1672327	  0.7	 0.13	 0.07	 0.23	 0.12	23.21	22.37	 0.83	  0.12	4
168.3827862	  1.4	+22.1782490	  1.8	-0.93	 0.15	 0.49	 0.29	25.52	25.03	 0.49	  0.11	4
168.3827890	  2.5	+22.1639207	  1.8	-1.09	 0.28	 0.20	 0.25	25.51	25.06	 0.44	  0.30	4
168.3827894	  1.8	+22.1702502	  2.2	-0.48	 0.22	 0.61	 0.27	25.70	25.74	-0.04	  0.16	4
168.3827913	  4.3	+22.1753028	  1.1	 0.08	 0.33	 0.09	 0.17	25.66	25.32	 0.35	  0.19	4
168.3828617	  4.0	+22.1640285	  1.8	-0.08	 0.29	 0.52	 0.28	25.61	25.20	 0.41	  0.18	4
168.3829045	  2.5	+22.1754568	  1.8	-0.32	 0.22	 0.01	 0.24	25.62	25.26	 0.36	 -0.13	4
168.3829069	  1.4	+22.1736265	  1.4	-0.20	 0.12	-0.07	 0.22	25.10	24.86	 0.23	 -0.06	4
168.3829380	  2.2	+22.1681662	  2.5	-0.94	 0.29	 0.55	 0.38	25.98	25.52	 0.46	 -0.14	4
168.3829763	  1.1	+22.1733856	  1.1	 0.02	 0.11	 0.08	 0.19	24.26	23.50	 0.76	  0.10	4
168.3829877	  2.9	+22.1675635	  1.4	 0.03	 0.24	-0.23	 0.21	25.61	25.14	 0.47	  0.01	4
168.3829906	  6.1	+22.1785626	  2.9	-1.39	 0.57	-0.27	 0.42	26.24	25.81	 0.43	  0.25	4
168.3830049	  2.5	+22.1642613	  4.3	 0.36	 0.47	 0.68	 0.63	26.08	25.72	 0.36	 -0.03	4
168.3830579	  1.4	+22.1712865	  2.9	-0.33	 0.23	 0.21	 0.41	25.70	25.33	 0.37	  0.10	4
168.3830761	  4.7	+22.1824145	  2.9	 0.19	 0.52	 0.52	 0.42	26.12	25.80	 0.32	  0.09	4
168.3831473	  2.2	+22.1766196	  4.7	-0.43	 0.38	-0.96	 0.72	26.27	25.77	 0.50	  0.29	4
168.3831601	  1.1	+22.1680972	  1.8	 0.11	 0.13	 0.24	 0.28	25.21	24.93	 0.28	  0.14	4
168.3831672	  0.7	+22.1806325	  0.7	-0.56	 0.11	-0.09	 0.14	22.73	22.25	 0.48	  0.07	4
168.3831766	  2.2	+22.1748488	  1.1	 0.17	 0.20	-0.22	 0.13	24.82	24.27	 0.55	  0.26	4
168.3831770	  1.8	+22.1780178	  2.2	-0.46	 0.21	 0.43	 0.28	25.46	25.07	 0.39	 -0.06	4
168.3831782	  1.1	+22.1697634	  1.4	 0.25	 0.17	-0.30	 0.18	24.94	24.42	 0.52	  0.00	4
168.3832127	  0.4	+22.1654836	  0.7	-0.23	 0.07	-0.08	 0.08	22.31	21.57	 0.75	  0.04	4
168.3832222	  0.7	+22.1703485	  0.7	-0.21	 0.10	-0.16	 0.12	24.39	23.66	 0.73	  0.03	4
168.3832253	  1.8	+22.1738531	  1.1	 0.22	 0.16	-0.07	 0.15	25.02	24.32	 0.70	  0.06	4
168.3832357	  2.2	+22.1719952	  1.1	-0.24	 0.19	-0.32	 0.17	24.79	24.12	 0.67	  0.01	4
168.3832359	 11.2	+22.1678030	  2.5	-0.18	 0.73	-0.93	 0.39	26.15	25.57	 0.59	  0.30	4
168.3832769	  0.4	+22.1705195	  2.5	 0.11	 0.14	-0.28	 0.36	25.33	25.01	 0.32	 -0.14	4
168.3832843	  0.7	+22.1707964	  0.7	-0.35	 0.10	 0.00	 0.13	24.26	23.50	 0.77	  0.04	4
168.3832864	  2.5	+22.1692411	  2.9	-0.30	 0.29	-0.38	 0.40	25.75	25.46	 0.29	  0.14	4
168.3833047	  3.6	+22.1800368	  3.6	-0.96	 0.46	-1.49	 0.52	26.25	26.01	 0.24	 -0.01	4
168.3833653	  2.9	+22.1804385	  5.0	 1.86	 0.27	-1.01	 0.82	26.66	26.09	 0.57	  0.00	4
168.3833677	  4.0	+22.1816453	  2.9	-0.24	 0.45	 0.66	 0.44	25.64	25.30	 0.34	  0.15	4
168.3833796	  1.1	+22.1753074	  2.5	-0.37	 0.16	 0.42	 0.34	25.23	24.78	 0.46	  0.16	4
168.3833837	  3.6	+22.1789095	  0.7	-0.05	 0.27	-0.08	 0.12	25.12	24.84	 0.28	  0.10	4
168.3833981	  3.2	+22.1637898	  5.4	-0.23	 0.41	 1.42	 0.77	26.69	25.97	 0.71	 -0.18	4
168.3834023	  3.2	+22.1670543	  1.1	 0.17	 0.32	 0.15	 0.15	25.34	24.82	 0.52	 -0.16	4
168.3834047	  5.8	+22.1759391	  1.4	 0.52	 0.41	 0.32	 0.19	24.95	24.48	 0.47	  0.25	4
168.3834126	  0.4	+22.1756311	  2.2	-0.18	 0.11	-0.02	 0.28	25.07	24.36	 0.70	  0.04	4
168.3834187	  3.6	+22.1644129	  1.4	-0.68	 0.32	-0.36	 0.21	26.38	25.70	 0.67	  0.29	4
168.3834189	  4.3	+22.1686463	  1.8	 1.30	 0.43	 0.98	 0.30	25.99	25.57	 0.42	 -0.06	4
168.3834194	  5.4	+22.1748515	  1.8	-1.10	 0.37	-1.54	 0.26	26.18	25.80	 0.38	  0.03	4
168.3834212	  1.1	+22.1672914	  0.4	-0.16	 0.12	-0.01	 0.06	22.68	21.85	 0.84	  0.04	4
168.3834306	  2.2	+22.1815934	  2.5	 0.71	 0.32	-0.14	 0.38	25.81	25.39	 0.42	  0.02	4
168.3834391	  2.5	+22.1688033	  1.8	 0.02	 0.28	-0.34	 0.26	25.93	25.49	 0.44	 -0.13	4
168.3834848	  3.6	+22.1698608	  1.4	 0.11	 0.32	 0.38	 0.22	25.40	25.02	 0.39	  0.21	4
168.3834927	  3.2	+22.1640149	  2.9	-0.29	 0.42	 0.51	 0.40	26.17	25.52	 0.65	  0.17	4
168.3834965	  0.4	+22.1658710	  0.7	 0.10	 0.05	-0.22	 0.10	22.30	21.57	 0.73	  0.05	4
168.3835027	  2.5	+22.1706442	  2.2	-0.07	 0.27	 0.27	 0.28	25.56	25.10	 0.46	 -0.12	4
168.3835331	  3.2	+22.1665219	  2.9	-0.52	 0.43	 0.43	 0.48	25.89	25.49	 0.40	  0.21	4
168.3835334	  3.6	+22.1807159	  2.2	 0.29	 0.34	-0.10	 0.30	25.87	25.45	 0.42	  0.03	4
168.3835473	  5.4	+22.1813230	  1.4	 0.17	 0.37	 0.74	 0.22	26.12	25.58	 0.54	 -0.03	4
168.3835550	  1.4	+22.1647919	  1.8	-0.32	 0.19	-0.01	 0.25	25.65	25.13	 0.52	  0.14	4
168.3835787	  1.1	+22.1772131	  1.1	-0.02	 0.14	 0.40	 0.14	24.53	23.98	 0.55	  0.13	4
168.3835856	  3.2	+22.1820132	  1.8	-0.78	 0.34	 0.25	 0.27	25.47	25.11	 0.37	  0.10	4
168.3836155	  1.8	+22.1653319	  2.9	-0.33	 0.27	-0.37	 0.38	26.27	25.80	 0.47	 -0.09	4
168.3836167	  1.4	+22.1798139	  2.2	-0.04	 0.22	-0.21	 0.32	26.05	25.50	 0.56	  0.11	4
168.3836240	  3.2	+22.1686452	  2.5	 0.67	 0.38	-0.58	 0.39	25.77	25.09	 0.68	  0.04	4
168.3836346	  2.2	+22.1780893	  3.2	 1.52	 0.28	-0.18	 0.46	26.00	25.58	 0.42	 -0.10	4
168.3836372	  3.2	+22.1708933	  1.1	 0.13	 0.29	-0.32	 0.19	25.35	24.86	 0.49	 -0.02	4
168.3836474	  5.0	+22.1675263	  4.0	-0.63	 0.55	 0.42	 0.61	26.33	25.91	 0.42	  0.05	4
168.3836544	  1.8	+22.1651150	  3.2	-0.75	 0.29	-0.93	 0.48	25.81	25.31	 0.49	  0.18	4
168.3836612	  0.7	+22.1673790	  1.8	-0.13	 0.13	-0.77	 0.26	25.10	24.53	 0.57	  0.20	4
168.3836748	  1.1	+22.1757028	  0.7	-0.03	 0.13	-0.08	 0.12	24.64	24.38	 0.26	  0.02	4
168.3837055	  2.5	+22.1669233	  1.4	-0.46	 0.28	 0.25	 0.19	24.96	24.28	 0.67	  0.15	4
168.3837226	  1.4	+22.1643034	  1.8	 0.47	 0.20	 0.28	 0.26	25.95	25.46	 0.49	  0.00	4
168.3837347	  1.1	+22.1714161	  1.8	 0.16	 0.18	-0.19	 0.23	25.59	25.07	 0.52	  0.00	4
168.3837347	  1.4	+22.1714160	  2.2	-0.13	 0.26	 0.60	 0.31	25.59	25.16	 0.44	  0.06	4
168.3837437	 14.4	+22.1656132	  1.8	 0.34	 0.77	-1.02	 0.30	26.14	25.85	 0.29	  0.11	4
168.3837508	  1.4	+22.1635190	  1.8	-0.09	 0.16	 0.08	 0.25	25.20	24.77	 0.43	  0.12	4
168.3837628	  1.8	+22.1758692	  2.5	 0.10	 0.28	 0.89	 0.36	25.73	25.36	 0.38	 -0.11	4
168.3838059	 31.0	+22.1789806	  1.8	 0.12	 1.72	 1.75	 0.21	26.90	26.32	 0.59	 -0.38	4
168.3838076	  1.4	+22.1703823	  2.2	 0.41	 0.23	-0.35	 0.30	25.06	24.65	 0.41	  0.28	4
168.3838227	  2.2	+22.1700232	  0.7	 0.05	 0.21	-0.20	 0.11	24.66	24.00	 0.66	  0.09	4
168.3838491	  2.2	+22.1767663	  2.2	 0.37	 0.24	 0.38	 0.34	25.11	24.46	 0.65	  0.30	4
168.3838498	  6.5	+22.1684662	  3.6	-0.65	 0.65	-0.82	 0.57	26.36	26.41	-0.05	  0.10	4
168.3838590	  4.7	+22.1657468	  1.8	-0.30	 0.38	-0.83	 0.26	25.81	25.53	 0.28	  0.24	4
168.3838594	  1.1	+22.1656090	  1.1	-0.12	 0.17	-0.46	 0.15	24.73	24.14	 0.60	  0.08	4
168.3838595	  4.3	+22.1670074	  1.4	 0.08	 0.38	-0.41	 0.19	25.89	25.62	 0.28	  0.02	4
168.3838627	  2.5	+22.1730332	  2.2	-0.16	 0.29	 0.20	 0.31	25.95	25.41	 0.54	 -0.13	4
168.3838729	  6.1	+22.1794796	  2.2	 0.68	 0.33	-1.10	 0.29	26.23	25.56	 0.67	  0.18	4
168.3838782	  5.8	+22.1705857	  3.2	 0.16	 0.51	-0.27	 0.49	25.88	25.39	 0.49	 -0.13	4
168.3838851	  2.5	+22.1771160	  4.3	 0.41	 0.42	-0.49	 0.57	25.70	25.48	 0.22	  0.05	4
168.3839151	  5.0	+22.1648207	  1.1	-0.43	 0.37	-0.72	 0.17	25.36	24.77	 0.59	  0.19	4
168.3839163	  1.1	+22.1672243	  1.1	-0.26	 0.14	-0.09	 0.17	24.19	23.66	 0.53	  0.04	4
168.3839603	  0.7	+22.1639909	  0.7	-0.21	 0.07	-0.61	 0.10	23.87	23.69	 0.18	  0.08	4
168.3839865	  1.1	+22.1755615	  1.1	-0.85	 0.14	-0.35	 0.17	24.56	23.85	 0.71	  0.09	4
168.3840044	  1.1	+22.1772097	  1.4	-0.03	 0.16	 0.26	 0.17	25.48	25.10	 0.37	 -0.09	4
168.3840347	  9.0	+22.1812737	  1.1	 0.32	 0.59	-0.17	 0.16	25.02	24.75	 0.26	  0.07	4
168.3840473	  2.9	+22.1670570	  2.2	-0.05	 0.28	-0.10	 0.28	25.44	24.93	 0.51	 -0.02	4
168.3840614	  6.5	+22.1793788	  2.5	-0.91	 0.44	-1.72	 0.38	26.47	25.93	 0.54	  0.01	4
168.3840800	  1.4	+22.1798856	  3.2	-0.27	 0.20	-0.13	 0.45	25.91	25.28	 0.63	 -0.02	4
168.3840829	  1.8	+22.1773890	  1.4	-1.14	 0.20	-0.46	 0.19	25.34	25.00	 0.34	  0.05	4
168.3841138	  1.1	+22.1803965	  0.4	-0.04	 0.09	 0.11	 0.06	22.94	22.18	 0.77	  0.06	4
168.3841268	  0.7	+22.1713414	  0.7	-0.01	 0.08	-0.13	 0.09	23.55	22.75	 0.80	  0.08	4
168.3841365	  2.2	+22.1646810	  2.5	-0.40	 0.30	-0.03	 0.33	25.89	25.47	 0.42	  0.10	4
168.3841394	  1.4	+22.1771129	  1.4	-0.95	 0.19	 0.48	 0.19	25.61	25.25	 0.35	 -0.26	4
168.3841812	  5.0	+22.1752425	  1.8	-0.82	 0.44	-1.06	 0.27	26.20	25.54	 0.67	  0.19	4
168.3841938	  3.2	+22.1793709	  0.7	-0.56	 0.21	-0.10	 0.08	24.22	23.46	 0.76	  0.22	4
168.3842302	  1.8	+22.1768915	  0.7	 0.07	 0.16	-0.03	 0.12	24.61	23.87	 0.74	  0.16	4
168.3842349	  0.7	+22.1654545	  0.7	 0.01	 0.08	-0.14	 0.08	24.17	23.38	 0.79	  0.14	4
168.3842590	  2.5	+22.1678246	  4.7	-0.03	 0.39	 0.79	 0.70	26.48	26.01	 0.47	 -0.16	4
168.3842592	  3.6	+22.1785330	  1.1	-0.21	 0.25	-0.13	 0.17	25.40	24.98	 0.42	  0.03	4
168.3842614	  0.7	+22.1666570	  1.1	-0.35	 0.12	 0.38	 0.17	24.74	24.00	 0.74	  0.12	4
168.3842987	 20.2	+22.1670243	  3.6	 0.56	 1.39	 0.22	 0.53	26.32	25.74	 0.58	 -0.06	4
168.3843696	  5.8	+22.1816965	  3.2	 0.13	 0.67	 0.85	 0.51	25.38	24.99	 0.40	  0.27	4
168.3843757	  2.2	+22.1673075	  1.8	-0.24	 0.24	 0.00	 0.25	25.12	24.72	 0.40	  0.19	4
168.3843760	  1.4	+22.1673078	  1.1	-0.12	 0.18	-0.10	 0.16	25.12	24.71	 0.42	  0.19	4
168.3843828	  0.7	+22.1719222	  2.2	 0.15	 0.12	 0.11	 0.30	25.75	25.23	 0.52	  0.04	4
168.3843874	 11.5	+22.1720828	  5.4	 0.19	 0.71	 2.49	 1.00	26.85	26.10	 0.75	  0.27	4
168.3843979	  7.9	+22.1790377	  4.0	-0.05	 0.72	-0.08	 0.58	26.37	25.80	 0.57	 -0.12	4
168.3844001	  0.7	+22.1649631	  1.1	 0.00	 0.09	 0.35	 0.15	24.18	23.95	 0.23	  0.25	4
168.3844494	  2.9	+22.1786885	  2.9	 0.52	 0.36	 0.61	 0.47	26.37	25.82	 0.55	  0.02	4
168.3844529	  4.3	+22.1731825	  1.8	-0.44	 0.38	-0.47	 0.25	25.94	25.37	 0.57	 -0.03	4
168.3844548	  3.6	+22.1684714	  1.4	-0.17	 0.33	-0.07	 0.22	25.43	25.02	 0.41	 -0.06	4
168.3844672	  2.5	+22.1661808	  2.9	 0.12	 0.33	-1.63	 0.43	26.05	25.57	 0.48	  0.12	4
168.3845253	  8.3	+22.1738403	  1.8	-0.73	 0.56	 0.22	 0.25	26.06	25.78	 0.28	 -0.01	4
168.3845350	  5.0	+22.1648761	  2.9	 0.48	 0.35	-0.51	 0.46	25.62	24.93	 0.69	  0.15	4
168.3845872	  3.2	+22.1663748	  2.2	 0.57	 0.35	 0.00	 0.30	25.92	25.57	 0.34	 -0.02	4
168.3846044	  3.2	+22.1790906	  1.4	-0.39	 0.30	 0.13	 0.20	24.95	24.47	 0.48	  0.08	4
168.3846129	  6.8	+22.1825612	  5.0	 0.22	 0.77	 0.79	 0.74	26.28	25.88	 0.41	 -0.11	4
168.3846150	  1.1	+22.1736044	  2.2	-0.16	 0.18	-0.38	 0.31	25.43	24.89	 0.53	  0.26	4
168.3846279	  3.2	+22.1748029	  3.2	-0.42	 0.46	-0.58	 0.52	25.91	25.55	 0.37	  0.09	4
168.3846570	  5.8	+22.1801844	  2.9	 0.89	 0.48	 0.76	 0.39	26.53	26.03	 0.50	 -0.12	4
168.3846648	  4.7	+22.1680735	  1.4	 0.00	 0.38	 0.14	 0.20	25.60	25.03	 0.57	  0.00	4
168.3847502	 16.6	+22.1728002	  1.8	 0.44	 1.09	-1.21	 0.26	26.32	25.80	 0.52	 -0.01	4
168.3847610	  1.8	+22.1767741	  5.0	 0.26	 0.35	-1.02	 0.72	26.52	25.84	 0.68	  0.09	4
168.3847861	  2.5	+22.1745276	  4.0	-0.36	 0.37	-0.39	 0.53	26.52	25.93	 0.59	  0.18	4
168.3847952	  0.4	+22.1760122	  0.7	-0.21	 0.06	-0.21	 0.09	22.24	21.36	 0.88	  0.06	4
168.3848123	  5.0	+22.1713076	  2.2	 0.23	 0.51	 0.00	 0.29	26.16	25.77	 0.40	  0.01	4
168.3848373	  3.2	+22.1641491	  1.4	-0.54	 0.33	-0.22	 0.18	25.07	24.73	 0.33	 -0.06	4
168.3848681	  1.8	+22.1703043	  2.5	 0.14	 0.23	-1.04	 0.43	26.01	25.77	 0.24	 -0.17	4
168.3848948	  1.4	+22.1694989	  1.8	-0.29	 0.20	-0.55	 0.27	25.38	25.13	 0.25	  0.18	4
168.3848957	  6.8	+22.1663479	  1.8	-0.07	 0.49	-0.46	 0.23	26.40	25.68	 0.73	  0.13	4
168.3849161	  3.2	+22.1676131	  1.1	 0.04	 0.29	 0.32	 0.19	25.46	25.08	 0.38	 -0.05	4
168.3849222	  1.4	+22.1696815	  1.8	 0.24	 0.17	-0.15	 0.28	25.05	24.71	 0.35	  0.00	4
168.3849483	  3.6	+22.1752246	  1.8	 3.52	 0.36	-0.37	 0.25	26.11	25.71	 0.39	  0.03	4
168.3849580	  6.1	+22.1649303	  2.5	 0.89	 0.61	-1.28	 0.39	26.26	25.61	 0.64	  0.04	4
168.3849606	  2.5	+22.1821954	  3.6	-0.22	 0.32	-0.80	 0.52	25.60	25.27	 0.34	  0.26	4
168.3849732	  9.4	+22.1678077	  2.5	-1.18	 0.78	 0.40	 0.39	26.09	25.70	 0.38	 -0.08	4
168.3849767	  2.5	+22.1791681	  1.8	-0.45	 0.26	 0.01	 0.24	25.37	24.85	 0.53	 -0.05	4
168.3850256	  1.4	+22.1719246	  1.4	 0.32	 0.16	-0.13	 0.21	24.48	23.75	 0.73	  0.08	4
168.3850267	  1.8	+22.1629666	  1.8	 1.89	 0.20	 3.74	 0.23	25.04	24.40	 0.63	  0.22	4
168.3850448	  3.2	+22.1675883	  2.9	-1.04	 0.38	-0.29	 0.38	25.95	25.41	 0.55	 -0.05	4
168.3850525	  4.0	+22.1683145	  1.4	 0.04	 0.38	 0.92	 0.22	25.47	25.08	 0.39	  0.14	4
168.3850613	  1.4	+22.1715218	  0.7	 0.20	 0.13	 0.02	 0.12	24.52	23.81	 0.70	  0.07	4
168.3850940	  2.2	+22.1673046	  2.2	 0.46	 0.25	-0.63	 0.31	25.20	24.71	 0.49	  0.15	4
168.3851236	  7.9	+22.1769823	  1.1	 0.14	 0.50	 0.41	 0.15	24.62	24.09	 0.53	  0.28	4
168.3851340	  5.0	+22.1695140	  0.7	-0.20	 0.33	-0.76	 0.12	24.99	24.52	 0.46	  0.25	4
168.3851407	  4.0	+22.1775797	  1.4	 0.06	 0.37	 0.64	 0.22	25.57	25.08	 0.49	  0.20	4
168.3851929	  7.9	+22.1656753	  2.5	-0.76	 0.62	-0.68	 0.39	26.24	25.81	 0.43	 -0.07	4
168.3851948	  4.3	+22.1784959	  1.4	-0.11	 0.37	 0.20	 0.22	25.38	24.83	 0.55	  0.23	4
168.3852321	  1.4	+22.1774919	  1.8	 0.06	 0.22	 0.15	 0.26	25.34	24.79	 0.55	  0.17	4
168.3852425	  0.7	+22.1769515	  1.4	 0.39	 0.14	 0.50	 0.20	25.27	24.89	 0.37	  0.09	4
168.3852472	  1.4	+22.1704634	  0.7	-0.16	 0.13	 0.16	 0.08	25.13	24.83	 0.29	  0.11	4
168.3852558	  1.1	+22.1722917	  0.7	-0.04	 0.13	-0.01	 0.12	23.36	22.47	 0.89	  0.09	4
168.3852812	  0.7	+22.1685867	  0.7	-0.18	 0.09	-0.13	 0.11	24.52	23.84	 0.68	  0.15	4
168.3852865	  9.0	+22.1671765	  1.4	 0.10	 0.51	-0.53	 0.22	25.64	25.29	 0.35	  0.03	4
168.3852915	  5.0	+22.1629943	  2.5	 0.07	 0.46	 0.30	 0.42	25.77	25.22	 0.55	  0.10	4
168.3853099	  1.1	+22.1689778	  1.1	 0.07	 0.14	-0.39	 0.15	24.83	24.06	 0.77	  0.05	4
168.3854174	  2.9	+22.1676361	  2.2	 1.00	 0.32	 1.66	 0.28	25.60	25.38	 0.21	  0.30	4
168.3854224	  1.8	+22.1692390	  2.5	-0.40	 0.22	 0.14	 0.36	25.67	25.35	 0.32	  0.18	4
168.3854231	  1.4	+22.1742644	  3.6	-0.48	 0.26	 0.90	 0.48	26.52	25.91	 0.61	  0.20	4
168.3854374	  4.7	+22.1801245	  4.0	-1.38	 0.57	-0.45	 0.52	26.29	26.05	 0.23	 -0.02	4
168.3854404	  3.2	+22.1751625	  1.8	 0.04	 0.32	 0.07	 0.29	25.67	25.27	 0.40	  0.20	4
168.3854621	  3.2	+22.1741417	  2.2	-0.25	 0.37	-0.11	 0.28	25.96	25.37	 0.59	  0.19	4
168.3855006	  1.1	+22.1685933	  1.4	 0.26	 0.15	 0.24	 0.25	24.87	24.36	 0.52	  0.11	4
168.3855203	  1.4	+22.1788435	  1.1	 0.31	 0.16	 0.35	 0.15	25.12	24.67	 0.45	  0.04	4
168.3855627	  5.4	+22.1731612	  3.2	 1.74	 0.47	-2.61	 0.48	26.38	25.86	 0.52	 -0.05	4
168.3855777	  2.5	+22.1780780	  2.9	 0.21	 0.37	-0.25	 0.39	25.55	25.28	 0.27	  0.11	4
168.3855816	  2.2	+22.1723822	  1.8	-1.04	 0.22	-0.02	 0.25	25.60	25.13	 0.47	 -0.02	4
168.3855978	  1.4	+22.1785025	  2.5	 0.24	 0.18	-0.24	 0.35	25.77	25.16	 0.60	  0.12	4
168.3856365	  5.8	+22.1675777	  1.4	 0.03	 0.41	-0.55	 0.18	25.36	24.98	 0.38	 -0.05	4
168.3856479	  2.5	+22.1813805	  0.4	-0.27	 0.18	 0.14	 0.06	23.98	23.28	 0.70	  0.08	4
168.3856501	  1.8	+22.1656975	  1.4	-0.07	 0.19	-0.08	 0.23	24.74	24.41	 0.34	  0.07	4
168.3856709	  1.4	+22.1638890	  1.4	-0.47	 0.21	 0.76	 0.23	25.41	25.01	 0.40	 -0.11	4
168.3856849	  1.8	+22.1765423	  1.4	 0.47	 0.16	 0.60	 0.23	25.39	24.77	 0.62	  0.29	4
168.3856850	  4.3	+22.1815941	  2.5	-0.04	 0.50	-0.28	 0.37	25.86	25.61	 0.25	  0.17	4
168.3856973	 13.0	+22.1750797	  1.8	 0.49	 0.95	-0.98	 0.25	26.03	25.39	 0.64	  0.22	4
168.3857063	  2.2	+22.1715742	  1.4	-0.82	 0.24	 0.15	 0.23	25.41	24.95	 0.47	  0.03	4
168.3857250	  5.8	+22.1648586	  1.8	-1.11	 0.53	 0.22	 0.27	25.64	25.22	 0.42	 -0.09	4
168.3857301	 10.1	+22.1726681	  4.3	 1.74	 1.18	 0.71	 0.67	26.60	25.94	 0.66	 -0.06	4
168.3857474	  6.5	+22.1759593	  3.2	-1.91	 0.55	 1.60	 0.45	26.60	25.88	 0.73	  0.07	4
168.3857515	  2.2	+22.1700401	  1.4	 0.51	 0.20	 0.22	 0.18	24.69	24.22	 0.47	  0.08	4
168.3857643	  3.2	+22.1719505	  2.2	-0.52	 0.33	 0.05	 0.29	25.46	24.97	 0.49	 -0.03	4
168.3857711	  1.1	+22.1693600	  1.1	 0.43	 0.13	-0.15	 0.15	25.20	24.62	 0.58	 -0.01	4
168.3857836	  1.8	+22.1710546	  0.4	-0.25	 0.12	-0.23	 0.07	24.38	23.62	 0.76	  0.10	4
168.3858077	  4.0	+22.1632834	  3.2	-0.93	 0.44	-0.27	 0.48	26.02	25.43	 0.59	  0.27	4
168.3858504	  4.0	+22.1665691	  1.8	 0.87	 0.37	 0.75	 0.27	25.27	24.77	 0.50	  0.25	4
168.3858628	  1.4	+22.1683299	  0.7	-0.04	 0.13	-0.06	 0.09	24.34	23.88	 0.46	  0.07	4
168.3858840	  5.0	+22.1671032	  5.8	 0.56	 0.75	 1.55	 0.97	26.73	26.12	 0.61	 -0.06	4
168.3859141	 27.7	+22.1647380	  1.8	-1.03	 1.31	-0.04	 0.24	26.46	25.84	 0.63	  0.16	4
168.3859795	  4.7	+22.1719397	  3.6	-0.32	 0.59	-0.12	 0.54	26.41	26.44	-0.02	  0.10	4
168.3859956	  0.7	+22.1697199	  0.4	-0.20	 0.09	 0.10	 0.09	20.95	19.99	 0.97	  0.04	4
168.3859995	  0.7	+22.1734601	  0.7	 1.02	 0.10	 1.04	 0.11	23.30	22.43	 0.86	  0.07	4
168.3860127	  1.8	+22.1793023	  1.8	-0.40	 0.21	-0.36	 0.28	25.48	25.07	 0.40	  0.14	4
168.3860569	  1.1	+22.1738691	  1.4	-0.11	 0.17	-0.13	 0.21	24.87	24.40	 0.46	  0.04	4
168.3860751	  4.0	+22.1762876	  5.8	-0.61	 0.53	 1.57	 0.92	26.43	26.07	 0.36	 -0.05	4
168.3861043	  4.3	+22.1727100	  2.5	-0.49	 0.44	 0.85	 0.38	26.01	25.69	 0.32	 -0.03	4
168.3861324	  4.7	+22.1679135	  2.9	 0.57	 0.42	 1.91	 0.42	26.20	25.70	 0.50	  0.02	4
168.3861656	  3.2	+22.1823278	  2.5	 0.35	 0.38	 2.21	 0.38	26.15	25.83	 0.32	  0.05	4
168.3861679	  2.9	+22.1648888	  2.9	 0.23	 0.32	-0.88	 0.44	26.09	25.57	 0.52	  0.02	4
168.3861697	  3.6	+22.1689280	  1.4	-0.51	 0.32	-0.42	 0.23	25.73	25.32	 0.40	  0.07	4
168.3861765	  0.4	+22.1747493	  0.7	 0.08	 0.07	-0.23	 0.13	22.43	21.71	 0.72	  0.04	4
168.3862088	 10.1	+22.1726591	  6.5	 1.00	 1.07	-2.53	 1.00	26.75	26.04	 0.70	  0.12	4
168.3862088	  1.1	+22.1671276	  1.4	 0.03	 0.11	-0.01	 0.21	25.61	25.12	 0.49	  0.02	4
168.3862254	  1.8	+22.1683674	  1.1	-0.16	 0.14	-0.26	 0.14	25.28	24.78	 0.50	  0.14	4
168.3862300	  4.0	+22.1758225	  2.9	 0.55	 0.38	-0.21	 0.39	25.86	25.57	 0.30	  0.01	4
168.3862688	  4.3	+22.1766755	  5.0	-0.18	 0.59	 0.24	 0.66	26.53	25.95	 0.58	  0.07	4
168.3862749	  2.5	+22.1735012	  3.6	 0.38	 0.39	-0.82	 0.56	25.81	25.41	 0.40	  0.17	4
168.3862790	  1.1	+22.1662894	  1.4	-0.15	 0.17	-0.22	 0.22	24.71	24.05	 0.66	  0.08	4
168.3863200	  1.4	+22.1695081	  1.1	 0.00	 0.14	 0.46	 0.15	24.12	24.06	 0.06	  0.07	4
168.3863599	  4.7	+22.1761178	  2.9	-0.64	 0.50	 0.33	 0.44	26.39	26.03	 0.35	 -0.05	4
168.3863634	  2.5	+22.1638290	  3.2	 0.75	 0.39	 0.53	 0.48	26.18	25.65	 0.53	  0.06	4
168.3863660	  1.1	+22.1701741	  1.1	-0.16	 0.12	 0.00	 0.18	24.87	24.10	 0.78	  0.08	4
168.3863669	  1.4	+22.1710789	  3.6	-0.82	 0.27	-0.07	 0.49	26.02	25.35	 0.68	  0.12	4
168.3863782	  2.5	+22.1756821	  2.2	-0.50	 0.30	-0.52	 0.29	25.78	25.34	 0.44	 -0.10	4
168.3863783	  1.8	+22.1680404	  1.1	 0.35	 0.17	 0.00	 0.17	25.17	24.56	 0.61	  0.23	4
168.3864180	  1.8	+22.1678532	  2.2	 0.03	 0.25	-0.46	 0.34	25.45	25.00	 0.46	  0.20	4
168.3864218	  0.4	+22.1753037	  0.4	-0.23	 0.05	-0.13	 0.07	20.94	19.87	 1.07	  0.06	4
168.3864243	  2.5	+22.1821238	  1.1	-0.48	 0.26	-0.02	 0.16	24.77	24.24	 0.53	  0.19	4
168.3864397	  0.4	+22.1814487	  0.4	-0.05	 0.07	-0.18	 0.06	20.37	19.25	 1.12	  0.04	4
168.3864530	  5.8	+22.1687322	  1.4	-0.28	 0.41	-0.31	 0.23	25.39	25.29	 0.10	  0.00	4
168.3864663	  0.4	+22.1664927	  0.7	-0.01	 0.10	-0.29	 0.14	22.30	21.57	 0.73	  0.05	4
168.3864670	  1.1	+22.1791577	  1.8	 0.53	 0.19	-0.09	 0.25	24.90	24.39	 0.50	  0.12	4
168.3864687	  2.2	+22.1728119	  0.4	 0.04	 0.12	-0.11	 0.05	24.40	23.62	 0.78	  0.07	4
168.3864791	  1.8	+22.1817998	  1.1	-0.82	 0.18	-0.15	 0.16	25.13	24.93	 0.20	 -0.02	4
168.3864950	  1.8	+22.1737027	  1.4	-0.19	 0.27	 0.01	 0.20	24.60	24.00	 0.61	  0.05	4
168.3865086	  1.1	+22.1722240	  1.4	-0.46	 0.14	-0.03	 0.23	24.55	24.11	 0.43	  0.17	4
168.3865352	  1.8	+22.1744300	  1.8	 0.35	 0.25	 0.73	 0.25	25.23	24.98	 0.24	  0.03	4
168.3865478	  6.8	+22.1774084	  3.2	-0.70	 0.73	-0.64	 0.50	26.51	25.72	 0.79	  0.24	4
168.3865723	  0.4	+22.1770745	  0.7	-0.10	 0.08	-0.19	 0.12	23.58	22.71	 0.87	  0.06	4
168.3865740	  3.2	+22.1706684	  1.8	-0.49	 0.32	-0.32	 0.26	25.94	25.41	 0.53	 -0.07	4
168.3865938	  3.2	+22.1738988	  1.4	-0.19	 0.28	-0.08	 0.22	26.04	25.61	 0.43	  0.20	4
168.3866252	  1.8	+22.1810823	  2.5	 0.34	 0.29	 0.40	 0.45	25.85	25.41	 0.44	  0.08	4
168.3866477	  2.5	+22.1799327	  0.7	 0.16	 0.19	 0.14	 0.10	24.16	24.20	-0.04	  0.06	4
168.3866550	  3.2	+22.1725144	  1.4	 0.02	 0.26	-0.22	 0.21	25.45	24.98	 0.47	  0.06	4
168.3866645	  3.2	+22.1636144	  2.5	-0.05	 0.34	-0.38	 0.38	25.90	25.51	 0.39	 -0.13	4
168.3866895	  2.5	+22.1669976	  2.2	-0.16	 0.30	 0.25	 0.32	25.68	25.33	 0.35	  0.21	4
168.3867109	  1.4	+22.1796888	  4.0	-0.16	 0.25	-0.22	 0.55	25.99	25.42	 0.57	 -0.14	4
168.3867219	  1.1	+22.1707676	  1.1	-0.26	 0.15	-0.29	 0.17	23.88	23.81	 0.07	  0.10	4
168.3867398	  2.5	+22.1769386	  1.8	-0.14	 0.36	 0.49	 0.27	25.45	25.03	 0.42	 -0.08	4
168.3867706	  2.2	+22.1715663	  3.2	 0.98	 0.35	 0.15	 0.48	26.11	25.76	 0.35	  0.27	4
168.3867776	  1.8	+22.1658730	  1.8	 0.36	 0.22	-0.49	 0.25	25.57	25.08	 0.49	  0.16	4
168.3868077	  2.2	+22.1713711	  1.4	-0.33	 0.17	-0.02	 0.21	25.05	24.61	 0.43	  0.09	4
168.3868291	  3.2	+22.1729878	  1.8	 0.40	 0.31	-0.71	 0.28	25.53	25.09	 0.44	  0.12	4
168.3868318	  1.4	+22.1771336	  1.8	-0.23	 0.24	 0.50	 0.28	25.40	25.09	 0.32	 -0.18	4
168.3868392	  1.8	+22.1649921	  1.1	-0.35	 0.20	 0.59	 0.17	25.15	24.39	 0.75	 -0.08	4
168.3868396	  0.7	+22.1635613	  0.4	 0.15	 0.08	 0.22	 0.06	23.37	22.56	 0.82	  0.17	4
168.3868528	  3.2	+22.1729006	  1.4	 0.84	 0.22	-1.29	 0.22	25.72	25.42	 0.30	  0.04	4
168.3868614	  1.4	+22.1646922	  0.4	-0.30	 0.13	-0.35	 0.07	20.81	19.80	 1.01	  0.05	4
168.3868831	  1.8	+22.1772456	  2.9	 0.24	 0.26	 0.49	 0.44	25.35	24.91	 0.44	  0.01	4
168.3868972	  1.4	+22.1702135	  2.2	-0.63	 0.24	 0.77	 0.34	25.40	24.97	 0.43	  0.17	4
168.3869000	  3.2	+22.1794580	  1.1	 0.09	 0.31	 0.02	 0.18	25.04	24.67	 0.37	  0.20	4
168.3869037	  0.4	+22.1710187	  0.4	-0.15	 0.06	 0.05	 0.06	22.91	22.07	 0.84	  0.08	4
168.3869112	  3.6	+22.1654231	  2.2	-0.99	 0.36	 0.30	 0.31	25.89	25.41	 0.47	  0.28	4
168.3869509	  4.0	+22.1733024	  2.5	 0.17	 0.38	 0.09	 0.35	25.78	25.16	 0.62	  0.05	4
168.3869707	  1.8	+22.1811180	  2.5	 2.46	 0.31	-0.50	 0.39	25.43	24.99	 0.44	  0.26	4
168.3869747	  2.5	+22.1642698	  4.7	 0.15	 0.43	-0.07	 0.67	26.18	25.61	 0.57	  0.27	4
168.3869849	  3.2	+22.1775729	  2.5	-0.04	 0.35	-0.06	 0.37	25.80	25.40	 0.40	  0.07	4
168.3870021	  4.3	+22.1808284	  1.8	-0.32	 0.34	-0.01	 0.28	25.60	25.16	 0.44	  0.14	4
168.3870370	  1.8	+22.1739433	  1.4	 0.08	 0.18	-0.45	 0.24	25.25	24.69	 0.56	  0.10	4
168.3870675	  2.5	+22.1736441	  1.1	 0.04	 0.23	 0.43	 0.18	25.33	24.89	 0.44	  0.15	4
168.3870874	  5.0	+22.1712630	  4.7	-1.73	 0.56	 1.21	 0.75	26.46	25.83	 0.64	  0.12	4
168.3870904	  4.3	+22.1768893	  0.7	-0.36	 0.25	 0.50	 0.10	24.89	24.35	 0.54	  0.08	4
168.3870987	  1.8	+22.1707386	  1.1	-0.04	 0.10	 0.09	 0.18	24.83	24.24	 0.59	  0.03	4
168.3871061	  2.9	+22.1724113	  1.4	-0.32	 0.20	-0.20	 0.24	25.48	25.04	 0.45	  0.10	4
168.3871283	  1.8	+22.1779064	  1.4	 0.15	 0.16	 0.09	 0.17	24.93	24.55	 0.37	  0.08	4
168.3871445	  3.6	+22.1692804	  4.3	-1.26	 0.51	 0.71	 0.60	26.36	26.04	 0.33	 -0.15	4
168.3871583	  4.7	+22.1689826	  1.8	-0.15	 0.42	 0.97	 0.26	25.58	25.08	 0.49	  0.05	4
168.3871708	  4.0	+22.1632887	  3.2	 0.71	 0.46	-0.52	 0.46	26.05	25.37	 0.69	  0.28	4
168.3871953	  0.7	+22.1731476	  4.0	 0.39	 0.16	 0.11	 0.61	25.18	24.64	 0.54	  0.17	4
168.3872023	  2.9	+22.1636429	  1.8	 0.34	 0.31	 0.18	 0.27	25.21	24.95	 0.26	  0.04	4
168.3872084	  1.4	+22.1746783	  1.1	-1.71	 0.16	-0.30	 0.18	25.50	25.07	 0.43	  0.17	4
168.3872191	  0.4	+22.1811102	  0.7	 0.04	 0.07	-0.19	 0.10	23.87	23.09	 0.79	  0.05	4
168.3872416	  1.8	+22.1707427	  1.8	-0.04	 0.23	-0.51	 0.26	25.63	25.14	 0.48	  0.00	4
168.3872608	  4.0	+22.1813004	  2.5	 0.40	 0.50	 0.05	 0.40	25.53	25.26	 0.26	  0.00	4
168.3872899	  5.4	+22.1679391	  2.2	 0.28	 0.45	-0.71	 0.33	25.96	25.60	 0.36	 -0.12	4
168.3873217	  5.4	+22.1671654	  3.2	 0.09	 0.55	 0.89	 0.44	26.32	25.72	 0.61	  0.25	4
168.3873350	  1.1	+22.1675920	  1.1	-0.01	 0.12	-0.03	 0.15	24.98	24.32	 0.66	  0.05	4
168.3873624	  3.6	+22.1637342	  2.5	 0.44	 0.39	-0.15	 0.40	24.91	24.35	 0.56	  0.01	4
168.3873875	  0.4	+22.1630853	  0.7	 0.02	 0.06	 0.05	 0.10	20.50	19.34	 1.16	  0.04	4
168.3873901	  1.4	+22.1677292	  4.3	 0.01	 0.22	-0.09	 0.62	25.89	25.34	 0.55	  0.00	4
168.3874098	  6.8	+22.1661809	  3.2	 0.07	 0.73	-0.20	 0.48	26.12	25.37	 0.76	  0.18	4
168.3874267	  2.9	+22.1689163	  1.8	 0.53	 0.30	-0.77	 0.28	25.80	25.43	 0.38	 -0.04	4
168.3874480	  0.4	+22.1763321	  0.4	 0.20	 0.06	-0.32	 0.08	21.79	20.88	 0.91	  0.04	4
168.3875088	  2.9	+22.1651304	  2.5	 1.87	 0.33	-0.90	 0.37	25.29	24.95	 0.34	  0.07	4
168.3875250	  2.2	+22.1652989	  4.7	 0.43	 0.32	-0.27	 0.75	26.08	25.53	 0.55	 -0.01	4
168.3875277	  3.2	+22.1639583	  4.0	-0.74	 0.49	 1.64	 0.60	26.02	25.71	 0.31	  0.18	4
168.3875304	  1.4	+22.1708183	  3.2	 0.36	 0.25	 0.18	 0.45	25.79	25.43	 0.36	  0.04	4
168.3875376	  5.8	+22.1674301	  2.2	 0.34	 0.47	 0.58	 0.31	26.36	26.14	 0.22	 -0.07	4
168.3875604	  1.8	+22.1715770	  1.8	 0.19	 0.19	 0.18	 0.26	25.30	24.85	 0.45	  0.07	4
168.3875670	  1.8	+22.1722672	  1.1	-0.22	 0.17	-0.06	 0.14	25.19	24.56	 0.63	  0.08	4
168.3875732	  1.1	+22.1699185	  0.4	-0.30	 0.12	 0.17	 0.07	21.10	20.07	 1.03	  0.06	4
168.3875740	  6.1	+22.1814557	  1.4	 0.63	 0.46	 0.35	 0.19	25.91	25.31	 0.59	  0.10	4
168.3876152	  3.6	+22.1760830	  1.8	 0.13	 0.26	 0.95	 0.26	25.54	25.12	 0.41	  0.03	4
168.3876929	  4.7	+22.1755675	  2.2	-0.09	 0.39	 0.37	 0.31	26.41	25.84	 0.57	  0.29	4
168.3877113	  1.8	+22.1767621	  2.9	-0.50	 0.27	 0.87	 0.44	25.66	25.01	 0.65	 -0.12	4
168.3877123	  1.4	+22.1674795	  2.5	-0.03	 0.25	-0.94	 0.35	26.31	25.70	 0.61	  0.11	4
168.3877164	  2.2	+22.1809922	  2.2	 1.45	 0.27	 0.63	 0.33	25.80	25.22	 0.58	  0.19	4
168.3877191	  0.4	+22.1721313	  0.4	-0.11	 0.05	-0.14	 0.08	21.64	20.91	 0.73	  0.07	4
168.3877313	  2.5	+22.1715090	  2.2	 0.14	 0.33	-0.31	 0.35	25.71	25.18	 0.53	 -0.06	4
168.3877342	  1.8	+22.1703167	  1.4	 0.26	 0.21	-0.01	 0.21	24.80	24.37	 0.43	  0.05	4
168.3877384	  2.2	+22.1707471	  1.4	-0.29	 0.23	 0.30	 0.22	25.13	24.52	 0.61	  0.04	4
168.3877444	  2.5	+22.1686040	  1.1	 0.22	 0.25	 0.48	 0.18	25.55	25.06	 0.50	  0.24	4
168.3877506	  1.8	+22.1687353	  1.4	 0.40	 0.20	 0.06	 0.21	24.96	24.32	 0.64	  0.21	4
168.3877523	  0.7	+22.1780765	  1.4	 0.13	 0.13	-0.09	 0.21	25.01	24.66	 0.35	  0.10	4
168.3877543	  4.3	+22.1648059	  2.9	 0.66	 0.42	-0.17	 0.37	26.05	25.49	 0.57	  0.06	4
168.3877717	  1.4	+22.1634107	  0.4	-0.10	 0.12	 0.45	 0.09	21.96	21.05	 0.91	  0.07	4
168.3877787	  3.2	+22.1641167	  5.0	-0.19	 0.35	-1.49	 0.80	26.18	25.91	 0.27	  0.04	4
168.3877870	  2.2	+22.1803878	  2.5	 0.20	 0.30	-0.95	 0.37	25.74	25.25	 0.49	  0.03	4
168.3877894	 14.8	+22.1782274	  2.2	-0.31	 0.84	 0.23	 0.32	26.17	25.72	 0.45	  0.03	4
168.3877925	  5.8	+22.1746945	  3.2	 0.83	 0.64	 0.88	 0.46	26.16	26.00	 0.16	  0.20	4
168.3877935	  1.1	+22.1679795	  0.7	-0.09	 0.13	-0.35	 0.10	23.25	22.43	 0.81	  0.10	4
168.3877997	  1.4	+22.1696301	  2.2	 0.73	 0.22	 0.11	 0.31	26.22	25.50	 0.71	  0.01	4
168.3878051	  2.2	+22.1730835	  1.4	 0.76	 0.24	-0.29	 0.25	25.41	25.02	 0.39	  0.11	4
168.3879324	  1.1	+22.1778642	  1.4	-0.14	 0.17	 0.38	 0.24	25.04	24.35	 0.68	  0.14	4
168.3879334	  2.9	+22.1751281	  0.7	 0.23	 0.21	-0.45	 0.13	24.83	24.13	 0.69	  0.13	4
168.3879587	  1.4	+22.1721727	  1.4	-0.13	 0.13	 0.29	 0.23	25.00	24.53	 0.47	  0.02	4
168.3879704	  2.5	+22.1748896	  2.2	-0.19	 0.33	-0.31	 0.33	25.97	25.40	 0.57	  0.08	4
168.3879890	  2.9	+22.1635546	  2.5	 0.43	 0.30	 0.12	 0.36	25.97	25.32	 0.64	  0.18	4
168.3880446	 10.1	+22.1663363	  2.5	-0.15	 0.65	 1.26	 0.39	26.28	26.05	 0.23	  0.07	4
168.3880984	  2.9	+22.1758546	  2.2	 0.15	 0.28	-0.58	 0.31	25.72	25.26	 0.46	  0.07	4
168.3881036	  2.2	+22.1739008	  2.2	 0.06	 0.31	 0.25	 0.34	25.09	24.67	 0.42	  0.02	4
168.3881336	  2.5	+22.1686390	  1.1	-0.31	 0.25	 0.13	 0.16	24.65	23.96	 0.69	  0.14	4
168.3881514	  9.7	+22.1680170	  3.6	 0.64	 0.83	 2.74	 0.55	26.68	26.30	 0.39	  0.02	4
168.3881554	  2.2	+22.1763583	  2.2	-0.10	 0.25	-0.51	 0.33	25.46	25.12	 0.34	  0.12	4
168.3881652	  1.8	+22.1646479	  1.4	 0.26	 0.25	 0.29	 0.22	24.69	24.21	 0.48	  0.11	4
168.3881653	  0.7	+22.1773035	  0.4	 0.07	 0.10	-0.08	 0.08	23.29	22.45	 0.83	  0.05	4
168.3881660	  2.2	+22.1731756	  2.5	 0.66	 0.30	 0.13	 0.37	25.95	25.52	 0.43	  0.04	4
168.3882009	  2.9	+22.1730651	  1.1	 0.21	 0.23	 0.12	 0.14	25.09	24.67	 0.42	  0.09	4
168.3882050	 17.3	+22.1661762	  1.8	 0.93	 0.91	-0.25	 0.27	26.72	26.32	 0.40	  0.21	4
168.3882356	  5.4	+22.1718083	  3.6	-0.08	 0.50	 1.53	 0.66	26.71	26.15	 0.55	  0.10	4
168.3882848	  4.0	+22.1655988	  2.5	-0.05	 0.41	 0.38	 0.32	25.93	25.47	 0.46	  0.07	4
168.3883009	  2.9	+22.1727615	  2.5	 1.17	 0.38	-0.30	 0.34	26.54	25.97	 0.57	  0.06	4
168.3883159	  0.7	+22.1769428	  2.2	 0.16	 0.14	-0.22	 0.28	24.97	24.60	 0.37	  0.25	4
168.3883174	  1.1	+22.1676643	  1.4	-0.15	 0.12	 0.15	 0.20	25.34	24.87	 0.47	  0.08	4
168.3883597	  2.9	+22.1712734	  1.8	 0.08	 0.29	-0.23	 0.29	25.69	25.22	 0.47	  0.00	4
168.3883975	  4.0	+22.1688523	  2.5	 0.41	 0.41	-0.62	 0.38	25.76	25.24	 0.53	  0.01	4
168.3884088	  0.7	+22.1723905	  0.4	-0.01	 0.06	-0.04	 0.08	22.04	21.09	 0.94	  0.06	4
168.3884251	  0.7	+22.1692205	  0.7	 0.33	 0.11	-0.03	 0.12	24.45	23.71	 0.74	  0.09	4
168.3884320	  3.2	+22.1711376	  1.8	-0.35	 0.27	 0.36	 0.23	25.55	25.10	 0.45	  0.13	4
168.3884325	  5.0	+22.1789000	  1.8	-0.74	 0.43	-0.45	 0.26	25.93	25.49	 0.45	  0.06	4
168.3884376	  2.5	+22.1794807	  2.2	 0.34	 0.33	-0.21	 0.35	25.57	25.25	 0.32	 -0.01	4
168.3884428	  1.4	+22.1732457	  0.4	 0.05	 0.12	 0.00	 0.08	22.51	22.05	 0.46	  0.07	4
168.3885004	  2.9	+22.1713479	  1.1	-0.50	 0.19	 0.04	 0.15	24.80	24.32	 0.48	  0.10	4
168.3885025	  8.6	+22.1760316	  4.7	 0.53	 0.98	-1.31	 0.67	26.27	26.13	 0.14	 -0.01	4
168.3885214	  6.1	+22.1769792	  1.4	 0.85	 0.50	 0.68	 0.21	25.86	25.56	 0.30	 -0.06	4
168.3885344	  2.9	+22.1628763	  2.5	-0.27	 0.39	-0.31	 0.41	25.74	25.30	 0.44	 -0.08	4
168.3885448	  2.5	+22.1650745	  3.2	 1.39	 0.35	 0.35	 0.47	26.24	25.64	 0.60	 -0.09	4
168.3885638	  4.3	+22.1789237	  0.7	 0.39	 0.25	-0.10	 0.09	24.67	24.29	 0.38	  0.07	4
168.3885851	  2.9	+22.1811109	  3.6	-0.69	 0.43	 0.86	 0.51	25.79	25.37	 0.42	  0.09	4
168.3886133	  2.5	+22.1780688	  1.8	 0.20	 0.26	-0.29	 0.27	25.41	24.90	 0.51	  0.02	4
168.3886346	  0.7	+22.1693206	  1.1	-0.43	 0.10	-0.17	 0.14	24.16	23.36	 0.80	  0.11	4
168.3886807	  2.9	+22.1711168	  1.8	 0.11	 0.30	 0.08	 0.24	25.82	25.39	 0.43	 -0.04	4
168.3886904	  5.8	+22.1725020	  2.5	 0.00	 0.49	 1.71	 0.33	26.24	25.48	 0.76	  0.28	4
168.3887146	  9.0	+22.1760640	  3.2	-0.82	 0.58	 1.10	 0.48	26.35	25.74	 0.61	 -0.08	4
168.3887658	  5.0	+22.1683839	  0.7	 0.03	 0.33	-0.26	 0.12	25.16	24.74	 0.42	 -0.02	4
168.3888011	  5.8	+22.1665697	  2.9	 1.53	 0.58	 1.99	 0.45	26.12	25.45	 0.67	  0.03	4
168.3888037	  4.7	+22.1771421	  2.9	 0.89	 0.46	 0.42	 0.41	26.32	25.42	 0.90	  0.19	4
168.3888159	  3.2	+22.1673175	  4.0	 0.28	 0.44	-1.07	 0.62	26.65	26.17	 0.49	  0.05	4
168.3888318	  2.2	+22.1749489	  2.2	-0.22	 0.27	 0.81	 0.29	25.93	25.38	 0.55	  0.11	4
168.3888431	  4.7	+22.1697072	  2.2	-1.52	 0.47	-0.35	 0.30	25.66	25.18	 0.48	  0.20	4
168.3888447	  3.2	+22.1783869	  1.8	 0.82	 0.35	-0.02	 0.26	25.82	25.43	 0.39	  0.09	4
168.3888778	  9.0	+22.1637796	  4.0	-1.28	 0.78	 0.74	 0.49	26.15	25.68	 0.47	  0.10	4
168.3888932	  2.5	+22.1649725	  2.2	-0.02	 0.24	-0.11	 0.33	25.75	25.26	 0.49	  0.14	4
168.3889106	  1.4	+22.1710636	  2.5	 1.08	 0.26	 0.72	 0.36	26.11	25.65	 0.46	 -0.06	4
168.3889323	  1.8	+22.1802771	  1.8	-0.50	 0.21	 0.40	 0.25	25.47	25.26	 0.20	  0.08	4
168.3889534	  4.7	+22.1749188	  4.3	 0.23	 0.72	 0.92	 0.64	26.52	25.91	 0.61	 -0.01	4
168.3889869	  1.8	+22.1741557	  2.5	-0.60	 0.25	-0.10	 0.39	25.76	25.27	 0.50	  0.11	4
168.3889988	  0.4	+22.1701875	  0.7	-0.22	 0.06	-0.32	 0.14	23.55	22.74	 0.81	  0.06	4
168.3890053	  1.8	+22.1661038	  3.2	-0.04	 0.33	-0.92	 0.47	25.72	25.17	 0.55	  0.11	4
168.3890221	  5.8	+22.1755839	  2.9	 0.22	 0.55	 0.11	 0.41	25.86	25.30	 0.56	  0.26	4
168.3890370	  3.2	+22.1664854	  1.4	 0.00	 0.32	 0.62	 0.21	25.32	24.92	 0.40	 -0.02	4
168.3890465	  2.5	+22.1646625	  2.5	 0.78	 0.13	 0.62	 0.39	26.00	25.75	 0.25	  0.07	4
168.3890788	  1.4	+22.1691135	  1.1	 0.05	 0.15	 0.53	 0.20	24.88	24.55	 0.33	  0.04	4
168.3891124	  4.7	+22.1733161	  5.4	 1.24	 0.75	 2.11	 0.75	26.94	26.12	 0.82	  0.06	4
168.3891310	  2.2	+22.1654152	  1.8	 1.37	 0.27	 0.04	 0.28	25.65	25.46	 0.19	  0.03	4
168.3891364	  1.4	+22.1642024	  1.4	-0.06	 0.17	 0.23	 0.22	24.99	24.46	 0.53	  0.06	4
168.3891436	  3.6	+22.1651645	  1.4	 0.23	 0.27	 0.21	 0.22	26.00	25.35	 0.65	  0.15	4
168.3891561	  2.5	+22.1807965	  4.0	 0.84	 0.42	 0.90	 0.52	25.91	25.52	 0.39	  0.21	4
168.3891681	  0.7	+22.1797920	  1.1	-0.08	 0.11	-0.11	 0.17	24.56	24.02	 0.54	  0.12	4
168.3891689	  1.1	+22.1658090	  2.5	 0.28	 0.22	-0.66	 0.36	24.91	24.39	 0.52	  0.19	4
168.3892189	  2.5	+22.1648096	  1.8	-0.71	 0.25	 0.11	 0.27	25.67	25.20	 0.47	 -0.04	4
168.3892253	  0.7	+22.1671492	  1.4	 0.37	 0.14	-0.13	 0.19	24.95	24.54	 0.41	  0.12	4
168.3892894	  4.3	+22.1821989	  4.3	-0.25	 0.55	 1.26	 0.62	26.42	25.75	 0.67	 -0.21	4
168.3892918	  3.2	+22.1664874	  1.4	 0.00	 0.29	-0.47	 0.20	25.29	24.74	 0.55	 -0.01	4
168.3892999	  1.4	+22.1753074	  3.2	-0.32	 0.28	 0.33	 0.51	25.76	25.33	 0.43	  0.05	4
168.3893239	  3.6	+22.1723310	  4.0	-0.52	 0.49	-0.15	 0.56	26.51	26.04	 0.47	 -0.06	4
168.3893404	  0.7	+22.1650586	  0.4	-0.05	 0.07	 0.08	 0.06	21.13	20.10	 1.03	  0.04	4
168.3893492	  2.9	+22.1731912	  1.8	 0.06	 0.32	 0.08	 0.23	25.56	25.12	 0.44	  0.22	4
168.3893690	  1.8	+22.1681026	  1.8	-0.70	 0.15	-0.06	 0.25	25.66	25.11	 0.55	  0.00	4
168.3893786	  2.5	+22.1700342	  1.4	-0.36	 0.26	-0.09	 0.23	24.88	24.59	 0.30	  0.08	4
168.3893888	  3.6	+22.1696740	  2.9	 0.06	 0.40	-0.34	 0.42	26.18	25.66	 0.51	  0.16	4
168.3893917	  2.9	+22.1786514	  1.1	-0.07	 0.24	-0.07	 0.15	25.39	24.85	 0.54	  0.06	4
168.3894297	  3.2	+22.1814759	  0.7	 0.41	 0.17	 0.02	 0.09	25.33	24.83	 0.50	  0.13	4
168.3894473	  4.0	+22.1677040	  2.5	-0.31	 0.40	-0.18	 0.34	26.16	25.61	 0.56	 -0.07	4
168.3894652	  7.6	+22.1813086	  2.2	 0.03	 0.54	-0.56	 0.31	26.24	25.72	 0.51	  0.25	4
168.3894827	  2.5	+22.1660306	  6.1	 0.34	 0.51	-0.12	 0.85	26.17	25.38	 0.79	 -0.01	4
168.3895180	  1.1	+22.1728650	  3.2	-0.70	 0.23	-0.20	 0.51	25.57	24.99	 0.58	  0.26	4
168.3895190	  5.0	+22.1775957	  2.5	 0.59	 0.52	 0.03	 0.37	26.14	25.61	 0.53	 -0.04	4
168.3895679	  0.4	+22.1680838	  0.7	 0.08	 0.06	 0.03	 0.09	21.56	20.63	 0.93	  0.04	4
168.3895847	  1.8	+22.1667375	  1.1	 0.34	 0.15	-0.34	 0.18	24.55	23.95	 0.61	  0.14	4
168.3895848	  4.0	+22.1643467	  2.9	-0.26	 0.45	-0.24	 0.39	26.56	25.89	 0.67	  0.06	4
168.3896191	  1.8	+22.1708066	  2.2	 0.29	 0.31	 0.00	 0.33	25.59	25.00	 0.58	  0.09	4
168.3896253	 13.3	+22.1630132	  4.3	 2.29	 1.07	 0.37	 0.74	26.45	25.95	 0.50	  0.05	4
168.3896997	  3.6	+22.1691331	  1.8	-0.10	 0.30	 1.21	 0.33	25.84	25.31	 0.53	  0.09	4
168.3897191	  1.8	+22.1734941	  2.2	-0.60	 0.22	-0.04	 0.30	25.65	25.26	 0.39	 -0.06	4
168.3897659	  0.7	+22.1680736	  1.1	-0.08	 0.09	 0.12	 0.15	24.06	23.27	 0.80	  0.13	4
168.3897956	  1.4	+22.1751229	  2.9	 0.58	 0.27	-0.59	 0.45	25.15	24.54	 0.61	  0.30	4
168.3898052	  2.2	+22.1645604	  1.1	 0.27	 0.24	 0.14	 0.14	24.77	24.15	 0.62	  0.03	4
168.3898691	  1.1	+22.1663302	  1.1	 0.44	 0.14	 0.62	 0.17	25.03	24.51	 0.52	  0.12	4
168.3898725	  6.8	+22.1737654	  1.8	-0.27	 0.38	-0.62	 0.26	26.00	25.43	 0.57	  0.21	4
168.3899382	  5.4	+22.1732990	  2.2	 0.52	 0.46	-0.17	 0.31	26.04	25.32	 0.72	  0.05	4
168.3900209	  3.2	+22.1627415	  2.9	 1.00	 0.40	 1.21	 0.44	25.61	25.34	 0.28	  0.07	4
168.3900256	  2.2	+22.1652304	  2.5	 0.40	 0.30	-0.43	 0.36	25.47	25.18	 0.28	  0.06	4
168.3900455	  1.4	+22.1745635	  2.5	-0.12	 0.28	 0.00	 0.36	26.01	25.42	 0.59	  0.06	4
168.3900610	  1.8	+22.1678230	  4.0	 0.41	 0.27	-0.51	 0.59	25.99	25.64	 0.35	 -0.10	4
168.3900701	  4.7	+22.1664196	  2.9	-1.53	 0.40	-0.21	 0.41	26.12	25.51	 0.61	 -0.05	4
168.3900959	  0.7	+22.1662664	  1.1	 0.02	 0.10	 0.13	 0.13	24.38	23.63	 0.75	  0.09	4
168.3901510	  2.9	+22.1709908	  3.2	-0.09	 0.34	 0.98	 0.44	26.08	25.43	 0.64	  0.10	4
168.3901555	  6.5	+22.1743301	  2.2	 1.53	 0.54	-0.66	 0.29	25.71	25.40	 0.31	  0.23	4
168.3901694	  1.1	+22.1669779	  2.5	-0.12	 0.16	-0.31	 0.34	25.91	25.21	 0.70	  0.12	4
168.3901737	  1.1	+22.1667563	  5.4	 1.55	 0.24	 0.22	 0.83	26.21	25.55	 0.67	  0.08	4
168.3901814	  2.9	+22.1754469	  0.7	 0.60	 0.20	-0.07	 0.11	24.93	24.34	 0.59	  0.24	4
168.3902005	  1.8	+22.1678103	  1.8	 0.02	 0.22	-0.34	 0.26	24.93	24.53	 0.39	  0.14	4
168.3902201	  1.1	+22.1640854	  2.9	-0.09	 0.20	 0.38	 0.42	25.02	24.51	 0.50	  0.21	4
168.3902363	  5.0	+22.1635673	  1.4	-0.09	 0.31	 0.71	 0.23	25.36	24.95	 0.41	  0.07	4
168.3902386	  1.8	+22.1818398	  1.4	 0.75	 0.20	 0.06	 0.21	24.92	24.55	 0.37	  0.12	4
168.3902502	  4.3	+22.1800048	  4.3	 0.28	 0.54	 0.43	 0.61	26.09	25.68	 0.41	  0.02	4
168.3902503	  1.4	+22.1671733	  1.4	 0.26	 0.12	 0.03	 0.23	25.23	24.87	 0.36	  0.16	4
168.3903248	  1.8	+22.1720669	  2.5	 1.19	 0.21	 0.22	 0.36	26.05	25.50	 0.55	  0.29	4
168.3903511	 15.5	+22.1800730	  3.6	-0.66	 0.98	-0.52	 0.52	26.46	25.86	 0.60	  0.10	4
168.3903783	  7.9	+22.1687616	  1.8	-0.73	 0.52	 1.00	 0.23	27.29	26.05	 1.25	  0.29	4
168.3903837	  6.1	+22.1758811	  1.4	 0.77	 0.39	-0.36	 0.19	25.65	25.23	 0.42	  0.07	4
168.3904791	  7.9	+22.1772828	  3.6	-0.64	 0.77	 0.27	 0.55	27.04	25.89	 1.14	  0.10	4
168.3904974	  3.2	+22.1743393	  0.7	 0.11	 0.18	-0.21	 0.11	24.82	24.03	 0.79	  0.13	4
168.3905149	  4.0	+22.1771212	  4.7	 0.67	 0.52	-0.16	 0.64	26.18	25.64	 0.54	  0.26	4
168.3905199	  8.3	+22.1793300	  4.0	 1.39	 0.67	 0.52	 0.60	26.46	26.00	 0.46	  0.27	4
168.3905580	  0.4	+22.1638015	  0.4	 0.09	 0.07	 0.12	 0.08	20.56	19.54	 1.02	  0.05	4
168.3905937	  2.9	+22.1632432	  5.0	-0.06	 0.47	-0.21	 0.80	26.19	25.63	 0.56	 -0.03	4
168.3906268	  4.0	+22.1795643	  3.6	 0.14	 0.51	-1.56	 0.52	26.13	25.89	 0.24	  0.02	4
168.3906513	  4.0	+22.1801905	  3.6	 1.10	 0.50	 0.12	 0.50	25.93	25.31	 0.62	  0.01	4
168.3906581	  0.4	+22.1732979	  0.7	 0.09	 0.07	-0.33	 0.12	22.22	21.39	 0.82	  0.06	4
168.3906641	  0.4	+22.1641870	  0.7	 0.13	 0.09	-0.38	 0.09	22.40	22.24	 0.17	  0.04	4
168.3906724	  1.1	+22.1657123	  1.1	 0.08	 0.13	 0.20	 0.15	24.57	23.86	 0.71	  0.07	4
168.3906782	  6.5	+22.1780639	  2.5	-0.53	 0.66	-0.34	 0.40	26.13	25.46	 0.67	  0.29	4
168.3907398	  2.2	+22.1793386	  3.2	 1.21	 0.32	-0.05	 0.44	25.83	25.31	 0.52	  0.23	4
168.3907570	  2.2	+22.1711951	  1.4	 0.18	 0.24	 0.32	 0.21	25.67	25.07	 0.60	  0.04	4
168.3907746	  1.8	+22.1800719	  2.5	 1.11	 0.22	 1.54	 0.38	25.68	25.20	 0.49	  0.12	4
168.3907824	  2.2	+22.1684148	  2.5	 0.60	 0.21	-0.25	 0.39	25.72	25.29	 0.42	 -0.02	4
168.3907899	  1.8	+22.1722380	  0.7	 0.45	 0.18	 0.01	 0.13	24.36	24.06	 0.30	  0.08	4
168.3907927	  3.2	+22.1759467	  2.5	 1.24	 0.35	 0.49	 0.41	25.95	25.46	 0.49	  0.05	4
168.3908035	  1.8	+22.1754617	  2.9	 0.05	 0.30	 0.14	 0.37	25.98	25.31	 0.67	  0.15	4
168.3908198	  4.0	+22.1680527	  5.0	-0.65	 0.60	 0.47	 0.72	26.45	25.83	 0.62	 -0.08	4
168.3908224	  0.4	+22.1675423	  0.4	 0.16	 0.07	-0.30	 0.08	20.48	19.39	 1.09	  0.04	4
168.3908309	  3.6	+22.1739482	  1.8	 0.21	 0.34	-0.78	 0.27	25.90	25.39	 0.51	  0.17	4
168.3908483	  3.2	+22.1697039	  1.8	 0.09	 0.32	-0.24	 0.26	25.43	24.89	 0.54	  0.09	4
168.3908645	  4.0	+22.1652842	  2.9	-1.97	 0.49	-0.34	 0.48	26.57	26.64	-0.07	  0.10	4
168.3908770	  2.5	+22.1743567	  1.4	-0.23	 0.24	 0.49	 0.21	25.02	24.72	 0.30	  0.07	4
168.3908785	  0.4	+22.1717317	  0.7	 0.35	 0.06	-0.25	 0.12	23.44	22.62	 0.82	  0.09	4
168.3909114	  1.4	+22.1768633	  1.1	 0.08	 0.16	-0.23	 0.18	24.61	24.38	 0.22	  0.01	4
168.3909455	  6.8	+22.1789718	  4.3	 0.66	 0.84	 1.02	 0.63	26.37	25.87	 0.51	  0.04	4
168.3909506	  5.4	+22.1703308	  2.5	 0.65	 0.53	-0.58	 0.38	26.12	25.84	 0.28	  0.16	4
168.3909869	  2.5	+22.1690935	  1.4	 0.74	 0.26	 0.02	 0.23	25.48	25.13	 0.35	  0.03	4
168.3910115	  0.7	+22.1801043	  0.7	 0.20	 0.08	-0.12	 0.09	22.40	21.65	 0.76	  0.09	4
168.3910211	  4.0	+22.1706720	  4.3	 0.86	 0.62	-0.70	 0.69	26.13	25.93	 0.20	  0.27	4
168.3910671	  1.4	+22.1790375	  2.9	 0.94	 0.26	 0.18	 0.39	26.15	25.48	 0.67	 -0.02	4
168.3910821	  1.4	+22.1807537	  0.7	 0.62	 0.15	 0.32	 0.12	24.23	23.50	 0.72	  0.21	4
168.3910895	  1.1	+22.1745562	  1.8	 0.60	 0.14	-0.76	 0.27	25.53	25.14	 0.39	  0.21	4
168.3910943	  1.1	+22.1724633	  1.1	 0.15	 0.16	-0.27	 0.21	24.76	24.22	 0.54	  0.08	4
168.3911087	  1.4	+22.1685979	  3.6	-0.09	 0.26	 0.42	 0.52	25.78	25.42	 0.35	 -0.01	4
168.3911138	  8.6	+22.1746497	  1.4	 0.47	 0.58	 0.45	 0.22	25.32	24.90	 0.42	  0.08	4
168.3911307	  0.4	+22.1660385	  0.7	 0.01	 0.05	-0.18	 0.12	23.55	23.55	-0.01	  0.03	4
168.3911432	  0.7	+22.1808328	  0.7	 0.30	 0.12	 0.13	 0.12	23.53	22.71	 0.81	  0.09	4
168.3911488	  3.2	+22.1810828	  2.5	-0.52	 0.36	-1.03	 0.36	25.84	25.25	 0.59	 -0.07	4
168.3911535	  0.7	+22.1748625	  0.7	 0.10	 0.09	 0.22	 0.12	22.88	22.01	 0.87	  0.12	4
168.3911537	  2.2	+22.1738617	  1.4	 0.66	 0.20	-0.05	 0.23	24.85	24.38	 0.47	  0.13	4
168.3911977	  6.8	+22.1730445	  4.0	-1.70	 0.72	-0.42	 0.57	26.56	26.28	 0.28	-11.90	4
168.3911987	  9.7	+22.1644632	  1.4	-0.17	 0.61	 0.25	 0.22	25.54	25.00	 0.55	 -0.02	4
168.3912101	  4.7	+22.1667321	  5.4	 0.41	 0.61	 0.51	 0.82	26.71	26.17	 0.54	 -0.14	4
168.3912454	  2.2	+22.1813005	  2.9	 0.45	 0.25	 0.25	 0.45	25.75	25.34	 0.41	  0.01	4
168.3912537	  3.6	+22.1742085	  2.5	 0.55	 0.42	-0.73	 0.40	25.48	24.97	 0.51	  0.05	4
168.3912723	  2.9	+22.1791396	  2.5	 0.39	 0.38	 0.85	 0.35	25.80	25.23	 0.56	  0.24	4
168.3913020	 12.2	+22.1780445	  3.2	 1.26	 0.86	 0.68	 0.42	26.07	25.53	 0.55	  0.10	4
168.3913032	  0.4	+22.1634544	  0.7	 0.09	 0.07	-0.03	 0.11	22.21	21.32	 0.89	  0.05	4
168.3913118	  1.4	+22.1705876	  1.4	 0.25	 0.15	-0.17	 0.20	24.89	24.79	 0.09	  0.17	4
168.3913556	  1.4	+22.1683241	  0.4	 0.10	 0.12	 0.21	 0.09	21.42	20.71	 0.72	  0.04	4
168.3913969	  2.5	+22.1669899	  3.2	-0.11	 0.33	-0.78	 0.44	25.92	25.35	 0.57	  0.12	4
168.3914026	  5.4	+22.1650229	  2.5	 0.62	 0.42	-0.32	 0.36	26.03	25.48	 0.56	  0.04	4
168.3914515	  4.0	+22.1741723	  2.2	-0.03	 0.37	 0.01	 0.30	25.66	25.19	 0.47	 -0.08	4
168.3914623	  5.8	+22.1666558	  3.2	-0.01	 0.63	-0.20	 0.47	26.29	25.75	 0.54	 -0.11	4
168.3914738	  2.5	+22.1782427	  1.1	 0.54	 0.17	 0.36	 0.15	24.61	23.90	 0.71	  0.08	4
168.3915146	  3.2	+22.1705110	  1.1	 0.33	 0.24	 0.38	 0.14	24.88	24.25	 0.63	  0.11	4
168.3915452	  0.4	+22.1644172	  0.4	 0.28	 0.05	-0.04	 0.04	22.27	21.54	 0.74	  0.04	4
168.3915532	  3.6	+22.1800490	  2.5	 0.56	 0.38	 0.44	 0.37	25.54	25.18	 0.36	  0.08	4
168.3915702	 14.8	+22.1725428	  3.2	-2.20	 1.14	 0.35	 0.48	26.89	26.08	 0.81	 -0.16	4
168.3916037	  1.8	+22.1634144	  1.4	 0.57	 0.23	 0.25	 0.20	24.64	24.54	 0.09	  0.30	4
168.3916191	  2.9	+22.1778432	  2.2	 0.47	 0.27	-0.76	 0.31	25.39	25.07	 0.32	  0.07	4
168.3916752	  3.6	+22.1766273	  1.4	 0.36	 0.17	 0.80	 0.18	25.00	24.69	 0.30	  0.22	4
168.3917057	  6.8	+22.1655481	  1.4	 0.01	 0.33	 0.09	 0.22	25.61	25.25	 0.36	  0.02	4
168.3917354	  1.8	+22.1804429	  0.7	 0.13	 0.17	-0.05	 0.14	24.18	23.48	 0.70	  0.07	4
168.3917489	  1.8	+22.1795084	  2.9	-0.37	 0.27	-0.63	 0.40	26.04	25.43	 0.62	  0.03	4
168.3917879	  6.1	+22.1721180	  2.9	 0.66	 0.54	-0.73	 0.43	26.03	25.70	 0.33	  0.22	4
168.3918809	  1.8	+22.1807873	  2.2	 0.47	 0.27	 0.45	 0.34	25.83	25.75	 0.08	  0.19	4
168.3919100	  1.1	+22.1680954	  0.7	 0.30	 0.13	 0.22	 0.11	22.44	21.78	 0.66	  0.05	4
168.3919120	  2.2	+22.1640191	  0.7	 0.71	 0.17	-0.30	 0.11	25.11	24.68	 0.43	  0.03	4
168.3919212	 10.4	+22.1818709	  4.3	-0.36	 0.94	-0.11	 0.64	26.35	25.92	 0.43	 -0.07	4
168.3919814	  2.5	+22.1650609	  2.9	-0.57	 0.28	-0.21	 0.43	25.49	25.10	 0.39	 -0.04	4
168.3919821	 11.5	+22.1772279	  3.6	 2.87	 0.87	 0.58	 0.51	26.68	26.04	 0.64	  0.11	4
168.3919901	  2.2	+22.1642391	  1.1	-0.32	 0.24	-0.20	 0.16	24.92	24.26	 0.66	  0.07	4
168.3920093	  5.0	+22.1672237	  2.2	 1.60	 0.43	 0.21	 0.29	25.83	25.27	 0.55	  0.14	4
168.3920579	  4.3	+22.1813450	  4.0	-2.91	 0.62	 0.55	 0.59	26.56	26.01	 0.55	  0.02	4
168.3920684	  1.4	+22.1810877	  1.1	 0.38	 0.15	 0.12	 0.16	24.64	23.94	 0.70	  0.10	4
168.3920769	  2.5	+22.1692365	  2.9	 0.53	 0.35	 0.46	 0.43	25.80	25.31	 0.49	  0.03	4
168.3920783	  0.4	+22.1754087	  0.7	 0.52	 0.08	-0.03	 0.13	23.48	22.64	 0.83	  0.07	4
168.3920922	 20.9	+22.1651818	  1.8	 0.31	 1.33	-0.78	 0.23	26.03	25.50	 0.53	 -0.09	4
168.3921535	  6.1	+22.1803474	  5.4	 1.14	 0.67	-0.58	 0.88	26.65	25.90	 0.75	  0.20	4
168.3921587	  2.9	+22.1649784	  1.8	 0.79	 0.30	-0.28	 0.25	25.10	24.68	 0.43	  0.05	4
168.3921878	 10.8	+22.1734098	  3.6	 0.16	 0.64	 0.14	 0.58	26.13	25.52	 0.61	  0.19	4
168.3921921	  0.7	+22.1726183	  1.4	-0.14	 0.13	 0.24	 0.22	24.61	24.49	 0.12	  0.04	4
168.3921952	  2.5	+22.1646841	  1.4	 0.66	 0.30	 1.60	 0.23	24.81	24.17	 0.64	  0.08	4
168.3922343	  0.4	+22.1658765	  0.7	 0.09	 0.05	-0.24	 0.11	22.37	21.96	 0.40	  0.06	4
168.3922361	  2.5	+22.1785012	  1.4	-0.02	 0.25	 0.43	 0.22	25.42	24.90	 0.53	  0.27	4
168.3922528	  0.7	+22.1727822	  0.4	 0.32	 0.09	 0.01	 0.09	21.97	20.98	 0.99	  0.04	4
168.3922802	  7.6	+22.1705421	  3.2	 1.19	 0.56	 0.34	 0.45	26.32	25.84	 0.47	  0.25	4
168.3923340	  2.2	+22.1650621	  2.2	 0.54	 0.26	 0.24	 0.33	25.43	24.82	 0.61	  0.03	4
168.3923558	  5.0	+22.1780375	  2.9	 0.09	 0.41	-1.92	 0.46	26.34	25.82	 0.52	  0.05	4
168.3923653	  1.4	+22.1724904	  2.2	 0.27	 0.19	 0.33	 0.30	25.79	25.24	 0.54	  0.04	4
168.3923743	  0.7	+22.1766623	  0.4	 0.09	 0.07	 0.12	 0.06	21.74	20.90	 0.84	  0.05	4
168.3923769	  2.5	+22.1694324	  0.7	 0.22	 0.21	-0.09	 0.13	24.20	23.45	 0.75	  0.09	4
168.3924004	  1.1	+22.1657653	  1.1	 0.51	 0.13	 0.50	 0.15	24.30	23.53	 0.76	  0.06	4
168.3924058	  2.5	+22.1771150	  1.4	 0.83	 0.24	 0.90	 0.22	25.82	25.53	 0.30	 -0.06	4
168.3924064	  3.2	+22.1646055	  1.4	 0.17	 0.30	 0.05	 0.18	24.85	24.45	 0.40	  0.19	4
168.3924211	  2.9	+22.1717565	  2.2	 0.27	 0.32	 0.30	 0.33	25.58	25.04	 0.54	 -0.01	4
168.3924376	  3.6	+22.1758482	  0.7	 0.63	 0.21	 0.21	 0.11	24.94	24.45	 0.48	  0.08	4
168.3925048	  0.4	+22.1800713	  0.7	 0.10	 0.07	-0.11	 0.11	21.97	21.19	 0.79	  0.06	4
168.3925123	  4.3	+22.1626860	  1.8	-0.69	 0.45	 0.74	 0.25	25.83	25.32	 0.51	  0.04	4
168.3925284	  2.2	+22.1720113	  1.1	 0.19	 0.21	 0.12	 0.19	25.27	24.85	 0.41	 -0.05	4
168.3925352	  7.2	+22.1697621	  1.1	 0.10	 0.43	 0.05	 0.16	25.51	25.14	 0.37	  0.02	4
168.3925517	  1.1	+22.1743280	  0.4	 0.08	 0.13	-0.18	 0.06	22.36	21.56	 0.80	  0.04	4
168.3925779	  4.3	+22.1762773	  1.8	 0.77	 0.38	-0.12	 0.26	25.67	25.27	 0.40	  0.10	4
168.3925781	  1.8	+22.1690646	  2.2	 0.75	 0.23	-0.09	 0.32	25.52	25.08	 0.44	  0.08	4
168.3925818	  1.8	+22.1707576	  5.0	 0.04	 0.37	-0.88	 0.76	26.29	26.01	 0.28	  0.14	4
168.3925963	  6.5	+22.1805224	  6.1	 1.28	 0.79	-0.43	 0.91	26.64	26.15	 0.49	 -0.11	4
168.3926044	  6.1	+22.1652781	  2.9	 0.17	 0.50	-0.60	 0.47	25.91	25.53	 0.38	 -0.04	4
168.3926444	  0.7	+22.1670603	  0.4	-0.07	 0.07	-0.31	 0.08	21.17	20.12	 1.05	  0.04	4
168.3926546	  1.4	+22.1697142	  2.5	 0.14	 0.23	 0.60	 0.34	25.58	25.13	 0.45	  0.07	4
168.3926700	  3.2	+22.1718792	  2.5	 0.12	 0.43	 0.17	 0.38	25.78	25.23	 0.55	  0.23	4
168.3926958	  4.3	+22.1700167	  1.8	 0.65	 0.42	-0.05	 0.28	25.36	24.78	 0.57	  0.15	4
168.3927050	  1.1	+22.1769714	  1.1	 0.22	 0.16	-0.03	 0.18	22.29	22.06	 0.23	  0.10	4
168.3927320	  8.6	+22.1762506	  3.2	-0.83	 0.88	 2.65	 0.43	26.42	25.82	 0.60	 -0.06	4
168.3927395	  0.4	+22.1638892	  0.7	 0.01	 0.07	-0.28	 0.12	24.38	23.65	 0.73	  0.03	4
168.3927907	  2.5	+22.1657467	  0.7	 1.13	 0.23	 0.41	 0.12	25.02	24.38	 0.63	  0.02	4
168.3928601	  0.7	+22.1778038	  0.7	 0.15	 0.08	-0.16	 0.09	22.49	21.75	 0.75	  0.06	4
168.3929031	  2.9	+22.1773986	  4.0	 0.25	 0.40	 0.78	 0.59	26.12	25.45	 0.66	 -0.07	4
168.3929072	  3.6	+22.1699860	  2.5	 0.59	 0.36	-0.44	 0.37	25.94	25.44	 0.50	  0.26	4
168.3929203	  7.6	+22.1807015	  4.0	-0.16	 0.73	 0.01	 0.63	26.47	25.95	 0.53	  0.16	4
168.3929427	  1.8	+22.1718078	  5.0	-0.31	 0.43	-0.95	 0.81	26.49	25.88	 0.61	 -0.04	4
168.3929770	  0.4	+22.1735716	  0.7	 0.17	 0.06	-0.05	 0.11	21.86	20.95	 0.90	  0.07	4
168.3929912	  2.9	+22.1760737	  1.8	 1.02	 0.28	-0.53	 0.22	25.18	24.75	 0.43	  0.24	4
168.3930035	  2.5	+22.1764450	  4.0	 1.75	 0.43	 0.00	 0.61	26.25	25.78	 0.47	  0.24	4
168.3930494	  2.2	+22.1712480	  2.9	 0.62	 0.32	 0.21	 0.42	25.92	25.41	 0.51	  0.14	4
168.3930680	  5.8	+22.1760248	  1.1	 0.09	 0.36	 0.21	 0.13	24.94	24.56	 0.38	  0.23	4
168.3930791	  3.6	+22.1650832	  2.5	 0.90	 0.44	-0.51	 0.41	25.94	25.39	 0.55	  0.11	4
168.3930900	  2.2	+22.1662571	  0.7	-0.02	 0.18	-0.29	 0.13	24.17	23.46	 0.71	  0.11	4
168.3931199	  0.4	+22.1633188	  0.7	-0.14	 0.07	 0.11	 0.15	22.31	21.57	 0.75	  0.03	4
168.3931294	  0.7	+22.1784342	  1.1	 0.45	 0.13	 0.69	 0.18	24.87	24.20	 0.68	  0.08	4
168.3931510	  3.6	+22.1660348	  2.9	-0.53	 0.23	 0.01	 0.41	25.68	25.44	 0.24	 -0.01	4
168.3931562	 12.2	+22.1812144	  3.2	 1.20	 0.83	 0.48	 0.50	25.82	25.25	 0.58	  0.28	4
168.3931688	  3.6	+22.1691009	  3.6	 0.05	 0.48	 0.67	 0.51	25.83	25.30	 0.52	  0.18	4
168.3931963	  1.4	+22.1739086	  1.4	 0.26	 0.16	-0.37	 0.19	25.14	24.65	 0.49	  0.13	4
168.3932047	  0.7	+22.1676956	  0.4	-0.01	 0.10	-0.04	 0.09	21.95	20.93	 1.02	  0.03	4
168.3932176	  4.3	+22.1786355	  2.2	 0.43	 0.42	 0.07	 0.34	25.82	25.33	 0.48	  0.08	4
168.3932185	  1.1	+22.1750357	  1.8	 0.28	 0.16	-0.03	 0.25	25.55	25.13	 0.42	  0.19	4
168.3932260	  1.8	+22.1795172	  2.5	 0.55	 0.28	 0.38	 0.37	25.42	25.04	 0.38	  0.23	4
168.3932366	  3.2	+22.1681936	  2.5	-0.56	 0.37	 0.25	 0.33	25.93	25.41	 0.53	 -0.12	4
168.3932876	  2.5	+22.1760620	  1.1	 0.41	 0.24	-0.16	 0.17	25.20	24.85	 0.35	  0.00	4
168.3932919	  4.0	+22.1666390	  4.7	 0.18	 0.43	 0.20	 0.86	26.20	25.93	 0.28	  0.10	4
168.3933808	  3.2	+22.1713579	  1.4	 0.53	 0.33	 0.40	 0.23	25.53	24.99	 0.54	 -0.01	4
168.3933813	  0.4	+22.1794417	  0.7	 0.14	 0.06	-0.11	 0.11	22.44	21.56	 0.89	  0.08	4
168.3933910	  1.1	+22.1632299	  0.4	 0.15	 0.13	 0.42	 0.07	22.48	21.81	 0.68	  0.09	4
168.3934044	  4.0	+22.1742370	  2.5	 1.34	 0.43	-0.75	 0.34	26.00	25.42	 0.58	  0.13	4
168.3934443	 23.4	+22.1661761	  2.5	 1.84	 1.26	-0.25	 0.34	26.12	25.40	 0.72	 -0.02	4
168.3934563	  1.1	+22.1803628	  0.7	 0.46	 0.08	 0.31	 0.12	24.37	23.68	 0.69	  0.09	4
168.3934661	  3.2	+22.1770397	  1.4	-0.16	 0.21	-0.29	 0.17	25.74	25.30	 0.44	  0.10	4
168.3934662	  5.8	+22.1727230	  3.6	 0.33	 0.64	-0.17	 0.52	25.84	25.52	 0.32	  0.13	4
168.3935128	  2.2	+22.1741403	  5.4	 0.51	 0.35	-0.07	 0.82	26.44	26.08	 0.36	  0.20	4
168.3935412	  2.5	+22.1703969	  7.2	 0.59	 0.49	 0.68	 1.12	26.73	26.06	 0.67	 -0.17	4
168.3935440	  2.5	+22.1748021	  1.4	 0.06	 0.22	 0.22	 0.19	24.97	24.49	 0.49	  0.27	4
168.3935446	  5.8	+22.1653186	  2.5	 0.34	 0.49	 0.86	 0.37	26.17	25.62	 0.55	  0.02	4
168.3935490	  2.5	+22.1817776	  1.8	 1.11	 0.35	-0.17	 0.29	25.50	25.02	 0.48	  0.07	4
168.3935601	  4.3	+22.1710151	  1.8	 0.36	 0.39	 0.37	 0.21	25.52	25.02	 0.50	  0.23	4
168.3935695	  2.2	+22.1755965	  1.8	 0.10	 0.27	-0.09	 0.26	25.37	24.94	 0.43	 -0.03	4
168.3936633	  0.7	+22.1761101	  0.7	 0.08	 0.08	 0.73	 0.09	24.07	24.04	 0.03	  0.09	4
168.3936650	  1.4	+22.1732290	  4.3	 1.45	 0.31	-0.97	 0.65	26.04	25.68	 0.36	  0.10	4
168.3936747	  0.7	+22.1697691	  0.4	 0.19	 0.09	-0.23	 0.08	22.35	21.60	 0.75	  0.03	4
168.3937021	  1.1	+22.1726208	  4.7	-0.53	 0.23	 0.32	 0.73	26.11	25.80	 0.30	 -0.01	4
168.3937031	  1.1	+22.1756871	  1.8	 0.19	 0.15	 0.18	 0.26	25.16	24.55	 0.60	  0.21	4
168.3937459	  0.7	+22.1704439	  0.7	 0.25	 0.07	 0.00	 0.11	22.50	21.84	 0.66	  0.05	4
168.3938104	  1.4	+22.1813105	  1.4	 0.73	 0.21	 0.10	 0.22	24.96	24.49	 0.47	  0.09	4
168.3938364	  2.2	+22.1756699	  1.8	 0.60	 0.19	 0.01	 0.23	25.29	24.61	 0.68	  0.25	4
168.3938448	  1.1	+22.1760839	  1.4	-0.07	 0.14	 0.62	 0.26	25.02	24.44	 0.57	  0.10	4
168.3938527	  0.7	+22.1683356	  2.5	 1.25	 0.13	 0.52	 0.36	25.95	25.51	 0.44	  0.11	4
168.3938531	  2.2	+22.1790049	  1.1	 0.68	 0.24	-0.12	 0.15	24.62	23.91	 0.71	  0.23	4
168.3938707	  0.4	+22.1779865	  0.7	 0.20	 0.07	-0.18	 0.14	20.07	18.86	 1.21	  0.04	4
168.3939163	  1.4	+22.1719669	  1.1	 0.07	 0.15	-0.08	 0.20	24.96	24.37	 0.59	  0.00	4
168.3939479	  3.2	+22.1750982	  3.2	-0.42	 0.39	 0.87	 0.43	25.99	25.53	 0.47	  0.15	4
168.3939662	  4.3	+22.1702336	  2.5	 0.99	 0.41	 0.34	 0.36	25.79	25.53	 0.26	 -0.19	4
168.3939901	 13.0	+22.1753549	  7.6	 0.52	 1.46	 1.70	 1.05	27.56	26.08	 1.48	 -0.06	4
168.3940002	  4.3	+22.1727712	  3.2	 0.11	 0.51	 0.31	 0.50	25.54	25.20	 0.34	 -0.08	4
168.3940034	  6.5	+22.1698309	  1.4	-0.56	 0.51	-0.17	 0.18	25.49	24.79	 0.70	  0.10	4
168.3941675	  3.2	+22.1742211	  4.0	 1.24	 0.46	-0.35	 0.57	26.16	25.64	 0.52	  0.29	4
168.3942911	  2.5	+22.1766509	  1.8	 1.01	 0.27	-0.21	 0.27	26.11	25.36	 0.75	 -0.01	4
168.3943675	  1.4	+22.1807483	  1.1	 0.61	 0.16	 0.36	 0.17	24.26	23.58	 0.68	  0.10	4
168.3944830	  2.9	+22.1812328	  3.6	 0.22	 0.43	 0.89	 0.49	26.05	25.63	 0.42	 -0.04	4
168.3944996	  1.4	+22.1763237	  7.2	 2.57	 0.37	-0.45	 1.11	26.52	26.19	 0.33	 -0.09	4
168.3945233	  1.1	+22.1786095	  1.1	 0.37	 0.16	 0.32	 0.18	24.08	23.35	 0.73	  0.08	4
168.3946828	  4.3	+22.1795873	  2.5	 1.44	 0.49	-0.21	 0.37	25.52	25.21	 0.31	  0.00	4
168.3947850	  1.8	+22.1813488	  1.8	 0.81	 0.24	 0.86	 0.24	25.56	25.07	 0.49	  0.09	4

