# R_proj[kpc]  v_R[km/s]  v_R_err[km/s]  v_T[km/s]  v_T_err[km/s]   HST proper motions, bulk motion (pmRA=-0.0057, pmDE=+0.0045 mas/yr) subtracted, D=233.0 kpc, N=3227
3.328693611536155672e-02 -2.498316585538729555e+02 4.007438909550693893e+02 -1.100574048454296417e+03 4.056236146009139816e+02
3.423500881127514855e-02 -5.401861890624901434e+02 4.496704307852783700e+02 2.210681005929421872e+02 4.988238249923160197e+02
2.841330101639611555e-02 -9.298033061559252133e+01 6.940012401074703519e+01 -2.940746094028114044e+01 1.085146441333665450e+02
3.127653835601225396e-02 -2.796507037595800398e+02 3.062790184916784710e+02 1.147467346130971237e+03 3.485980992231881714e+02
2.775518130665937874e-02 -5.303338681298068877e+02 1.567369676739493229e+02 3.058433291343476412e-02 2.416455027201346581e+02
3.563347832842608809e-02 -1.023679193338622753e+02 1.104529617879000227e+02 7.665603856173804331e+01 1.104529617879000227e+02
3.759392392259808952e-02 -2.363002596328413460e+02 2.319512197545900563e+02 -2.867429287028519980e+02 2.319512197545900563e+02
4.041198626139339695e-02 -4.359694585793840815e+02 2.909242348746076914e+02 -3.666753375029629183e+02 2.970438687487196034e+02
2.891631780740856750e-02 3.112189546594813692e+02 2.548706024052732744e+02 -4.269162691622274792e+02 3.109486745459028612e+02
2.753676892398791362e-02 -1.285933425027507383e+03 3.618547077889588763e+02 -4.777218519966614281e+02 3.123531458307243156e+02
3.704305319131930008e-02 -2.087605951057695108e+01 1.158796602453902693e+02 2.105965314278110441e+02 1.163339494647739230e+02
2.674239498224561390e-02 -3.328330986952652211e+02 2.428653199345341420e+02 -1.007748929507169322e+02 1.879396956142224155e+02
3.228842050509499878e-02 -3.593037306900101271e+02 3.008369591944282320e+02 4.250999183057496111e+02 2.768305649678234204e+02
2.680232464576403489e-02 -1.433293364044926363e+02 1.673093370167673868e+02 1.111455904589178772e+03 2.640614293236354797e+02
3.168933055231314133e-02 7.256918109927844398e+02 4.663626297597252801e+02 5.162172616706789086e+02 4.414306925356524971e+02
2.681271655549421346e-02 1.326517099111475204e+02 2.536167418927564654e+02 4.826429493430048296e+02 2.434401308098142636e+02
2.631936735251907966e-02 -4.854487970284234279e+02 1.446773520303869986e+02 4.297698759361787779e+02 3.308850746957239153e+02
2.736134813460949083e-02 1.735771960499359921e+02 2.257182404616760323e+02 -7.242228396381514131e+02 2.722127987292439002e+02
3.187288793040065488e-02 -5.671029654665019279e+02 2.168369060165359201e+02 -4.922239856873907229e+02 2.693331626681443822e+02
3.191419985346582999e-02 -1.425580538760877403e+01 8.401564481879360073e+02 3.387726838590367606e+02 7.638180449431707757e+02
3.239324456493908322e-02 1.499973213873706754e+02 5.191289204031299960e+02 1.024181603269070564e+02 5.191289204031299960e+02
2.700493300408123715e-02 2.270564456531150199e+01 5.697352408477811423e+02 -7.438238539566900727e+02 3.071560462364394652e+02
2.889433935369992851e-02 -4.236224066424100556e+02 2.209331549321156558e+02 3.037326493807261159e+02 1.801099306666689586e+02
3.855181557361056499e-02 -4.339760177018745821e+02 5.020711399495886553e+02 -1.058426296451793860e+03 5.031109611019986687e+02
2.747628485121124745e-02 3.788774867944196103e+02 2.389571032236689234e+02 -6.879247030294263254e+01 3.415047044936213751e+02
2.958748776790717794e-02 3.028400773288731216e+02 3.558919284790549113e+02 -3.282184027064437828e+02 2.767499755983056957e+02
2.795899272681434330e-02 -2.224940147840350733e+02 3.152925747801068042e+02 -5.652042993457750697e+01 3.842365050783782863e+02
2.698105003103508717e-02 -5.926739383136800399e+01 3.607002538411812793e+02 1.629556115795143967e+02 3.245805947617477045e+02
3.846170917152490903e-02 -9.805963717384682354e+01 1.729300014287541956e+02 -1.869797705416996223e+02 1.648955556671477041e+02
2.558255250873764028e-02 3.775194350709829791e+02 4.070633189041561764e+02 6.083739394019347628e+02 1.804082228673957218e+02
3.068073398605832350e-02 2.203981228375100159e+02 4.770329605755365492e+02 -4.720021264696185881e+02 4.528205776108954410e+02
3.900452401571423422e-02 -2.680065105761453196e+03 3.594036642103804411e+02 4.002693913182231881e+03 3.433308982577421489e+02
2.547072128166612617e-02 -1.081714905187081399e+01 2.808512974858002735e+02 1.208291904003308218e+03 3.943118020151442238e+02
3.093359726235734783e-02 1.242814737956759643e+02 1.034264001726488402e+02 -4.422893190544081676e+01 1.066992056994757689e+02
3.391613169150040769e-02 -1.109247521709934006e+02 6.633116038221426436e+01 -3.566584880323910056e+01 6.802992849078449922e+01
3.424711846435667811e-02 -1.144044102414871134e+01 1.861669440206900674e+02 -1.799249188166746194e+02 1.916012292370671446e+02
3.153229365602049777e-02 2.090616354914983503e+02 3.116291367044994445e+02 -2.679071536128827802e+01 2.982198800625601507e+02
3.843003953708906684e-02 -1.627388796075958766e+01 3.723493056683461759e+02 5.480790569616208252e+00 4.096539961643354673e+02
4.094585473297909783e-02 -4.581938246120490703e+02 1.344593768753040877e+02 6.105574057798634158e+01 1.435068706507640570e+02
2.849426249684812798e-02 7.532528526317865669e+01 2.986211437098976376e+02 -1.421220903877095623e+02 1.845100698697976895e+02
2.583056262464984015e-02 5.343150908297227488e+02 2.620342475445214063e+02 -2.079469131601706238e+02 3.250753856023018216e+02
2.597649182801514342e-02 5.468452306450924993e+01 5.828085489078041519e+02 -5.135856376282762312e+02 3.535912040795243456e+02
3.328886355747188996e-02 -4.933337042919922624e+02 2.916202450633819012e+02 -5.449706293120701730e+02 2.963605963480225682e+02
2.802171493914391159e-02 -5.284008767471590318e+01 3.344150690826663208e+02 -3.315793302325236027e+02 4.033154334316005247e+02
2.488103880520870295e-02 -1.502275496353691437e+02 1.312861775461932723e+02 1.679029874151731860e+02 9.021996265885707089e+01
2.606991628752467968e-02 5.190827850615698935e+01 1.480650548934914355e+02 -9.320552322688423885e+01 9.897659882748831706e+01
2.867037708221380557e-02 1.437018286420272659e+02 1.104529617879000227e+02 -7.088854446009240462e+01 1.104529617879000227e+02
2.455091317081885272e-02 2.807572332421716510e+02 4.273914378564552976e+02 -1.711100615443708080e+02 2.381128905154956499e+02
2.612193183891732204e-02 1.451655043303380239e+02 3.790359115189541512e+02 -2.576326186915168250e+02 4.892926325680590480e+02
2.484865655915495519e-02 -2.614563685891262139e+02 1.079294069098382636e+02 -2.162082419926027796e+02 5.003076028449840607e+01
3.507499074173759529e-02 6.880796500847400239e+02 3.658430683223684241e+02 2.530724048312676473e+02 3.761776396968584777e+02
4.082084825730204064e-02 -4.767898773154473702e+02 2.060934720947442713e+02 -4.392447907218293039e+02 2.027177831834446238e+02
3.042760163270823506e-02 9.945672802084095565e+01 5.606733535858160167e+02 -1.147003177762864198e+03 5.661501009193119671e+02
2.408842865486572962e-02 2.370236461889952295e+00 2.976077527366252298e+02 6.364163345203817244e+02 1.448597227844064435e+02
3.111878695500584421e-02 7.410273178645005601e+02 2.874913632326715742e+02 2.030978426961885646e+02 3.060010561422362798e+02
2.847901539950251082e-02 1.927151110546222057e+01 1.027565357878133199e+02 -2.111961604310526042e+01 1.073444693613032968e+02
2.508829397871530087e-02 -1.195230343013766969e+02 4.749573918430765502e+02 1.496289551092608235e+03 5.652478008053817575e+02
3.609129213872323133e-02 9.308779100215500648e+02 6.629537422314575679e+02 8.890070797064371391e+02 6.320415220358249826e+02
2.383019766819823720e-02 -2.271213490282656835e+02 9.940757695324239762e+01 1.640340278018171460e+01 6.627191005634871601e+01
3.554055560842810796e-02 -2.180401396765855679e+02 8.277225184615969056e+01 -2.011327289986618894e+01 8.615443542004959454e+01
3.715621075008800761e-02 -1.754860385323786431e+02 2.449096735719277831e+02 6.331360970651770259e+01 2.234725067386202682e+02
3.881134990094504966e-02 -1.098609604809463178e+02 8.559629679253704637e+01 -1.882189052400772198e+02 7.486736371200984763e+01
2.508804652709084593e-02 -4.581644390121110746e+02 4.824495336754631012e+02 4.177131385808692130e+02 4.566303392731754798e+02
2.411164668920113413e-02 -3.396075970695291346e+01 8.755553519666638351e+01 1.926431617904041502e+02 6.733412971253594037e+01
2.529628071568812073e-02 1.531992407229396122e+03 7.073254867347973232e+02 -3.393588708111012693e+02 5.692407026998115498e+02
3.357674050692474599e-02 6.538951777589641097e+02 7.625235779284959108e+02 1.409541107644202157e+03 7.591601941353925440e+02
2.766983403684902115e-02 5.285252326220791730e+01 1.937419561557952363e+02 1.550768510552420025e+02 1.380992028476032374e+02
5.079481509754538854e-02 1.173071880019029152e+02 1.081888499242657105e+02 -5.290076345455273668e+02 1.018671365143668197e+02
3.182727859207468840e-02 6.783115149630381779e+01 9.563691215496503162e+01 -2.460615108877435944e+02 1.000367740322667913e+02
3.753976119584123694e-02 -4.296686230826725819e+02 2.989975787811718533e+02 3.194415982661308817e+02 2.531297019729327928e+02
3.592634184155407001e-02 1.362107881509801928e+02 4.591189044354882753e+02 -4.970699276309855463e+01 4.727840231234173984e+02
3.895462143659598336e-02 -8.846169491504721236e+02 4.148576665401622563e+02 -5.977419502007272740e+02 3.601632587400150101e+02
3.107954611495759162e-02 4.831421824775559344e+02 2.070537571953725262e+02 -6.571356723162721210e+02 2.029427376401178833e+02
3.963758279676006524e-02 3.425486915328189070e+02 2.914832392888575328e+02 1.808808991108920168e+02 3.710591694387189818e+02
2.639335660121126456e-02 7.812992601032958646e+02 6.376565510127497873e+02 -7.503290221079690809e+02 7.844591285608005364e+02
3.628621564015266365e-02 5.945492296969766812e+02 2.556782992653558608e+02 1.772526525799560204e+01 2.662724307550440130e+02
2.313546533785227136e-02 4.633730563039195260e+01 2.092482706153168976e+02 2.888653693372133944e+02 1.444797636813246129e+02
3.208954624085826046e-02 5.456118552292144841e+01 1.724620397640325962e+02 -6.161976877522538416e+02 1.715405204721842551e+02
5.459738495501387928e-02 3.062261591959040175e+02 2.522512996660866804e+02 -1.328121030563569548e+03 3.161793179066049788e+02
3.046224601493346604e-02 -3.790518685445240976e+01 2.672180765437512378e+02 2.675707415726374165e+02 2.575478256087766908e+02
3.760020738168701193e-02 4.658275658515237865e+02 3.858149553728367778e+02 9.624357706519049316e+02 4.002114342906582465e+02
4.449465103424198043e-02 -5.264191674948523314e+02 1.382159120797452374e+02 -5.270463048804344908e+01 1.639811625226077751e+02
2.831479822266355639e-02 5.496106234887015489e+02 3.640260331736602097e+02 -3.304510256855097623e+02 4.189647127823076289e+02
3.400248467098571092e-02 8.209823685829321676e+02 7.362198079966520936e+02 9.170342414748231477e+02 7.497115657317613113e+02
2.424897017964485965e-02 -5.109066422606281890e+02 4.501201402117977750e+02 2.288178719789556226e+02 3.498514594335054539e+02
3.247359326739608643e-02 -9.950333438528403462e+01 3.367090245836246254e+02 -5.222737115985530636e+02 3.391288124822917212e+02
3.993123834297292174e-02 -3.560033872061376314e+02 1.588721542083605982e+02 -3.120159704201183217e+02 1.510863140129143005e+02
2.897048353189660141e-02 3.309454295645719526e+02 1.745494021840635810e+02 2.125965328040198017e+02 1.795543649796997556e+02
4.244744395933444658e-02 1.279740495095835371e+02 1.156748604644007230e+02 -1.399576492408023682e+02 1.061274579330646759e+02
5.074470002682406750e-02 3.966879626851774674e+02 3.395907305443516293e+02 3.387997430824482876e+02 2.930081463509928881e+02
2.566715943293978314e-02 2.963187558050232155e+02 2.482826228153688533e+02 5.989823171481158397e+02 2.601426934314047799e+02
6.541489009145268207e-02 1.256720962095298546e+02 1.400778951931579854e+02 -2.526579749565617021e+02 1.148729645452731063e+02
3.181179057954788836e-02 -1.044472451199141005e-01 8.447977196170478464e+01 -1.180675840604280609e+02 8.448077028253199217e+01
2.900951870410978586e-02 3.016297421737656350e+02 3.273095450470295305e+02 -3.604710339110498580e+02 2.867232790620777791e+02
2.312228048755760740e-02 1.692374451946044701e+03 1.739212689448089293e+02 8.202839007337122439e+02 1.254784930692475484e+02
2.503865460861012804e-02 1.327551801531710112e+02 2.631078064399360414e+02 5.308547015399672091e+02 1.755366277608848407e+02
3.654287430357709698e-02 -6.967662761800013982e+01 2.830810131629582429e+02 -2.271386884827662413e+02 3.186236137796026924e+02
2.284864467816769690e-02 9.440096840433945999e+02 3.370486666311954878e+02 -1.024726338932756278e+02 2.077651457471303331e+02
3.095977194118650078e-02 -1.747436695116696370e+01 9.034195496780513679e+01 5.448527859314056343e+01 9.181577411694202340e+01
2.457370331360164348e-02 -4.280710192883657328e+02 4.756311256430142294e+02 -2.716780872000069280e+02 2.802275046764455624e+02
3.402583849171635783e-02 -1.248074311418986326e+02 4.974036909685455612e+02 -6.952972569142248176e+02 5.125091020354775537e+02
4.854609003604086481e-02 3.512057744259577134e+02 3.208671126089515724e+02 -9.051679719412862823e+02 6.114038751336669293e+02
3.400291806959718915e-02 -8.906673362807827061e+02 2.726005953066682537e+02 -3.319659886720609165e+01 2.865154083127319495e+02
2.810565422597749441e-02 4.699951304389826419e+02 1.571740745017757206e+02 4.795181344311422436e+02 1.647595264842591405e+02
2.227561979594041078e-02 -1.570546855913553372e+03 5.824738899992175902e+02 5.322021713705936463e+00 4.347159595775444245e+02
3.923272381748144078e-02 -7.657740869116541944e+02 4.463480765314888004e+02 2.174726957110958097e+02 4.871183323645669248e+02
2.669638915741567864e-02 8.212698298577274159e+01 5.522648089395000426e+01 -6.443377218034470388e+01 5.522648089395000426e+01
2.998809832915987766e-02 -3.239114924335746650e+02 1.717010779486878675e+02 8.373469537519666517e+01 1.751114893321245916e+02
2.212058028976547630e-02 2.219935005893470645e+02 8.737052733181327824e+01 -1.095776272331451509e+02 3.566912382153449812e+01
4.160366811046348201e-02 -2.310742228285306510e+02 2.008344126803247320e+02 -8.021656928770710238e+00 2.207362523186889689e+02
4.701353854390570575e-02 5.728603858223220868e+01 2.564495277540474945e+02 5.736381359190874036e+02 2.627585526638939086e+02
2.328415571370581749e-02 -2.573220353228809927e+02 2.615925516622087912e+02 -1.920481332741753988e+02 1.502673231346076648e+02
2.289108579807742211e-02 1.334177092223853123e+01 1.704690827398228805e+02 -2.528688337369104744e+01 2.059889620554424425e+02
2.227924416225291956e-02 -2.636420710450781826e+02 2.121428109485219409e+02 -5.739290879307600335e+02 2.521391540311846882e+02
2.969038750102687488e-02 -4.779349446496389930e+01 1.402319641281247584e+02 2.172163713219624697e+02 1.378714698204038029e+02
4.061927316225304868e-02 -1.049168568869965839e+03 1.847628596047178746e+02 -7.813222372865532179e+02 2.588426130201136743e+02
2.242548498960436967e-02 -2.840607187981992752e+02 3.937725737272975834e+02 7.377809420605795765e+01 4.690061377208951399e+02
2.195734298111283109e-02 1.972094396144995585e+02 2.415293490569788162e+02 -1.683205603239384516e+02 2.005951550443929818e+02
3.130539063648916237e-02 -9.130500926640179316e+00 1.335816003489202046e+02 -1.527886093346756624e+01 1.324218285427569981e+02
3.385537739398208901e-02 -1.687060618946626391e+02 3.027390957594395786e+02 1.371510048714322238e+03 2.875499836714752178e+02
2.637472740755637465e-02 -8.402790901643845700e+02 2.931979810490948353e+02 1.372782292074303996e+02 3.601783052350763796e+02
2.879850965612437003e-02 5.440467501177887044e+01 7.731707325153003296e+01 -1.612980756138633751e+02 7.731707325153003296e+01
4.107730528549125015e-02 -2.087880236363317294e+02 3.101541474538613556e+02 1.975317394555995065e+02 2.461149412009791888e+02
2.425414884196069876e-02 -5.641531177470065472e+01 2.234806601475880541e+02 -1.878825270851147593e+02 2.537105682732355092e+02
2.532821108755491796e-02 1.094043191739995109e+02 1.456668808811585336e+02 6.339792529283384681e+01 1.321162585302224102e+02
2.664472368348098225e-02 -3.542844149001911092e+01 3.723060733849816870e+02 -8.791378123770340380e+02 3.425509928571329397e+02
4.329667612329384657e-02 -3.571014399834946857e+02 4.787028328200787541e+02 -6.933692911734380004e+02 3.412704793554805178e+02
2.533259359288847143e-02 1.596620173709349615e+02 2.760751879873580492e+02 4.163032297336456509e+02 2.028425810405806544e+02
3.076725965960783876e-02 5.162874674485528885e+02 1.930992757844578023e+02 5.633855539984006100e+01 1.948994252129697600e+02
4.733200720910461790e-02 -8.092121465430668081e+01 2.172616297474247915e+02 -2.751655112087796624e+02 1.649742723050495670e+02
6.546407239289611657e-02 -2.144472849273138024e+02 2.135383439813864754e+02 -2.719754008966664856e+02 2.397710685986013175e+02
2.265936147442568216e-02 1.812355288087263432e+02 1.174905846114348975e+02 1.250888220468020222e+02 1.493570840640389292e+02
7.947309771507111986e-02 6.954739802422810726e+02 1.769242133910143195e+02 3.410104585717185728e+02 2.803899645014452631e+02
2.146437487821220916e-02 5.063606426647967851e+02 2.429965159333800671e+02 4.054134958579159616e+02 2.429965159333800671e+02
2.168867422117393487e-02 -1.384270175860543191e+02 1.390833876761916201e+02 -1.023723967447748180e+02 6.575358090545057621e+01
7.216892801323394890e-02 1.560413874946386272e+02 6.471519269546176645e+01 -1.920965976793498839e+02 4.643134020899341863e+01
7.640894267658185357e-02 -2.093192093775222133e+02 4.530153583569731950e+02 -1.003368320618666985e+03 5.655607132530882382e+02
8.961333146715914910e-02 3.412918681139294108e+02 6.278895481038722437e+02 -1.643352506110215018e+03 3.549036601071705945e+02
2.233117213668472933e-02 4.711947158698957310e+02 2.375209650408931452e+02 2.031794825071627884e+02 2.053256775204084477e+02
2.182194510732013079e-02 -8.472550839984741344e+01 1.767247388606400307e+02 9.893351816331541926e+00 1.767247388606400307e+02
2.085759894295753300e-02 1.905832596976744640e+02 2.012365429074832832e+02 1.008327180449507409e+03 3.187980318988411454e+02
3.280954919719478863e-02 2.862593855799739231e+02 6.456893196453304427e+02 2.058974412532095357e+03 5.673699219636436055e+02
7.058454374494965711e-02 2.657240625553582731e+02 2.041185265589725475e+02 -1.339472348989682189e+02 2.498007312720274058e+02
2.994899205039662504e-02 -2.696782017173894701e+02 2.646572129231659574e+02 -1.313210745023920026e+03 2.747741816230798122e+02
3.070286967085787341e-02 2.857887494172995275e+02 1.813359549865197948e+02 1.030348366085796528e+02 1.846469200498774228e+02
2.220074438379175327e-02 1.725716775099677420e+02 8.447998476575625659e+01 3.075588495614463369e+01 6.100003850201874656e+01
9.046248469050484353e-02 5.529959328397051195e+02 4.033078053493171637e+02 5.451485859725521550e+02 2.946691111130872969e+02
2.159523013551910633e-02 -4.406764461015643519e+02 3.371800208752978278e+02 -2.385698692205369298e+01 3.815187935561875747e+02
5.553587043799702166e-02 -2.026634551880743516e+02 2.000585748983606607e+02 -4.372695969176514836e+02 2.559400860561100046e+02
5.878162079507699006e-02 6.777802256368102007e+01 1.259883621727088183e+02 1.331142456159785752e+02 1.509982733368449601e+02
3.570609434108234365e-02 -5.102673541809893720e+01 1.732608626501714468e+02 -2.843303103524958715e+02 1.807980565708482459e+02
3.847139318549919890e-02 4.242710536950778533e+01 2.781902837695827202e+02 -1.514778743838193407e+02 2.638530652981249887e+02
2.100994184599968076e-02 1.703259592676825605e+03 8.124023408696584738e+02 -2.555160856729319789e+02 4.499003350294111669e+02
2.069347406046287072e-02 3.581599672512511745e+01 8.925625694626933182e+01 -8.985482805290037334e+01 1.208431033043353011e+02
2.992068890644636325e-02 4.007915150091130272e+02 1.928146740235869174e+02 -6.468597565912426717e+01 1.951809871324715289e+02
6.591606352079938669e-02 1.281960852740817813e+02 1.094485946807472061e+02 -2.688030431229797159e+02 1.005124165065264776e+02
2.628641430407394411e-02 -9.113150712200764758e+01 2.928980567068480809e+02 -1.188406714204478618e+02 2.580444523840147326e+02
2.488217684289633844e-02 1.137951700929451135e+02 1.962891535560131047e+02 -9.003710811469746886e+02 1.815536528277495165e+02
2.731403211672094045e-02 -1.432883929638091104e+03 2.618757871167098870e+02 6.947540754093054147e+02 2.582972777169955521e+02
2.395631381915077143e-02 1.294501357394641445e+03 5.244373143191469353e+02 8.357453021091635037e+01 6.871729988674812830e+02
2.235301726018055352e-02 4.029733428800466299e+01 1.899736108194071562e+02 3.642116367568968371e+02 2.600169412131650120e+02
2.888081384873013649e-02 8.256461793593645098e+02 4.335071828773207017e+02 1.500737154974590567e+03 4.403714786670265653e+02
7.088993392134371185e-02 -2.279594011844029922e+02 4.281913898434781345e+02 -9.066541037200192932e+02 5.938971628468154904e+02
2.142308810077138762e-02 -2.113732014085970263e+02 4.987875975909063868e+02 1.752318429598562659e+02 1.915400241571554147e+02
2.938671349617075212e-02 6.846248679987837704e+01 2.134631952257174135e+02 3.059736121833194602e+02 2.056026094474635784e+02
6.677521238317636609e-02 -1.041340823030477338e+02 1.755274157454445856e+02 -2.400755855655000062e+02 2.473399408715248740e+02
3.431304398815120116e-02 -3.257023023878551271e+02 3.406589241002846506e+02 -3.898965175123927338e+02 2.617925329844790667e+02
2.005420173299889142e-02 -4.067460726897537597e+02 4.967738826598811670e+02 4.704712676744761666e+02 3.869251277158203379e+02
6.967455472283679008e-02 -3.186547033272861995e+02 7.514770456271205035e+01 3.117201818179766803e+01 4.777791747212190643e+01
7.499593000945078969e-02 9.911231785415175182e+02 6.972939894986859599e+02 -8.524869101249413461e+01 3.630782781462785920e+02
2.494202802958180032e-02 3.213388182410284344e+02 1.587227390404146661e+02 -6.976449119421417322e+01 1.617667737936523338e+02
3.751848177906919740e-02 -2.358192353035428539e+02 1.831969698849717361e+02 4.881824097890829250e+01 1.928679327356850024e+02
8.666383638984366533e-02 -5.073367309667702330e+02 3.689475704262971476e+02 1.145403407250362989e+03 4.381002610824427279e+02
3.207319547351090289e-02 2.157276849761419157e+01 1.177075236843520258e+02 3.399993362622465156e+02 1.073342487044738789e+02
5.729288450435982699e-02 -2.389378909115030751e+02 1.080621214469480691e+02 -2.836441423930690462e+02 9.127071275850049403e+01
6.896955442771612876e-02 -1.069683694517147785e+02 6.383165054093494462e+01 -3.230867966477086384e+01 2.838068174494194906e+01
3.489964448989796991e-02 -1.509061189169944441e+02 2.464794087872191710e+02 -8.004387309288229062e+02 2.072358163289274557e+02
3.106745332340036386e-02 4.291470605739300481e+02 1.021988622250124052e+02 -1.301176150452150182e+02 9.779139869626872894e+01
5.233732257739239641e-02 5.910649515713328128e+02 2.074758391862230553e+02 -2.339857332923471347e+02 2.470193400983375511e+02
7.681638989283422203e-02 3.014379208787684306e+01 1.086098242276691934e+02 -8.293110030027466451e+01 7.988549721405360060e+01
4.010970185800957072e-02 4.073096655593040509e+02 1.652253498093096198e+02 -3.480237183704500694e+02 2.052261406076577259e+02
3.016780755184342994e-02 4.976961885121318119e+02 1.767247388606400023e+02 1.551159610086350256e+02 1.767247388606400023e+02
4.186722026834233112e-02 8.535471139318849509e+01 7.731707325153003296e+01 1.726922986845259231e+02 7.731707325153003296e+01
2.465281784791475972e-02 2.621107179548547492e+02 1.104413715092427424e+02 2.223818968416391613e+02 1.352861610751656656e+02
3.504492061335604675e-02 -1.158513879272847902e+01 1.922699328563895165e+02 -1.351274205144300922e+01 1.838244874116922176e+02
2.005036995587453769e-02 -2.051626420216823874e+02 1.098071385774191953e+02 1.145728037959513728e+02 1.001205926221543763e+02
4.806356762222863815e-02 -1.817009097807894875e+02 3.340164606651588315e+02 3.390440434005413977e+02 2.968916625509805840e+02
3.321197661348964519e-02 3.990636365003575747e+01 1.046006969380149911e+02 4.525373784519287312e+01 1.251174726155768440e+02
9.363253354812862972e-02 2.967731464076526038e+01 7.620104677614872912e+01 -1.029432844497111859e+02 4.607935947077325523e+01
2.108129203948963873e-02 -2.276149254507464548e+02 1.883686344109308095e+02 -1.717548541192119274e+02 1.371372312193592222e+02
1.964576674693024883e-02 1.097340229768270092e+03 8.718574831636600493e+02 -2.064353201119856294e+03 4.962163981779456208e+02
7.453651906211816724e-02 3.720552005782790275e+02 3.748141307001591827e+02 -1.287440337389062393e+02 3.652412242104966253e+02
2.710555297497033514e-02 -2.147518776474913921e+03 5.330826645647273381e+02 7.499928428738699040e+02 5.328885459580252473e+02
2.017259653566731703e-02 -1.081502776387962513e+03 4.042498328061645907e+02 4.056778205667269503e+02 5.281561124077705927e+02
9.639857165201634603e-02 -3.409961432655443900e+02 1.681991401447174326e+02 3.444317458971345332e+02 2.189935023073135483e+02
3.876790995893680120e-02 -6.432607516520465651e+01 2.927114163678573391e+02 7.023931965973166598e+02 3.040360760446441191e+02
5.913819310567605680e-02 1.247869396091764145e+02 6.162180610993882510e+02 -1.659900078643167376e+02 3.846025303852932211e+02
7.060598013869515133e-02 6.631206918709932552e+02 2.383746491230584468e+02 2.543839545753909306e+02 3.874107606094312928e+02
3.590113038616293134e-02 1.295909587182989071e+03 4.945670541953235215e+02 1.289841817767213115e+03 5.233520244850783456e+02
2.051317337024477841e-02 4.923993068359388303e+02 2.967365634191428398e+02 -1.080335626586863327e+03 2.170756202721228476e+02
5.412134913934901065e-02 1.377240699807543933e+00 2.577844498000180238e+02 -6.091198365247680613e+02 2.081967539390941226e+02
6.605590561147826889e-02 -9.237396503452130219e+02 2.613282533449847165e+02 5.218051110346351606e+01 3.256432053864602381e+02
7.755498740454146167e-02 7.340328223142847719e+02 3.528755395735942102e+02 4.462646405454542560e+02 5.839737903594760837e+02
3.694317152844157209e-02 2.900530100078566420e+02 2.631668881981933055e+02 -6.481110169795721276e+01 2.788394932700481377e+02
3.208143615206979909e-02 1.339232411947309629e+02 5.165742292096675925e+01 2.558517228306841389e+02 4.830581675046281021e+01
1.054191114020947978e-01 -5.149737906723994030e+01 1.098114472445931113e+02 -1.316866925405726931e+02 8.915834875718373098e+01
2.357991840969245537e-02 3.244720977169441767e+01 4.387908871028056979e+02 -5.896924236782492699e+02 4.450864759773147625e+02
7.697582933858608534e-02 -8.583184522185208607e+02 4.210845589547307100e+02 -9.399184080596169224e+02 4.405126947311229060e+02
1.064178855801630602e-01 4.095440462160777884e+02 1.432544181952619908e+02 2.453257758295071653e+02 1.329049410311685904e+02
3.115298095672848835e-02 -4.913012498894933060e+02 2.446232686699148076e+02 -3.838310997840755476e+02 2.793167340144066202e+02
1.148480041413954406e-01 -8.915576519634531678e+02 5.043612655658196786e+02 -5.526877372037703253e+02 3.478639195713858498e+02
1.940520655196329228e-02 -4.323771107755078447e+02 2.698765297212534051e+02 5.765870243533006487e+02 3.274699140335647485e+02
6.369304146387175236e-02 -6.594825838054714495e+02 2.350019907053743111e+02 -7.743403430405695644e+02 2.623863710107985980e+02
6.814104576090547483e-02 -5.646714409785214457e+02 3.458095780085996580e+02 -1.901271604093143139e+02 2.431946492104668494e+02
6.213787627538239211e-02 -4.502775508595045721e+02 2.495626677424448019e+02 -4.206063012971927719e+02 2.044095230118199424e+02
8.717006301912963440e-02 -9.459843797025362164e+02 1.882898275790119840e+02 -2.175558661295438299e+02 1.983231272857133547e+02
2.962756679068367927e-02 9.194821315099608228e+01 2.811364759810314240e+02 8.778575004475710557e+02 2.425297164229469615e+02
3.791523926178215487e-02 3.083612504538191956e+02 1.034309426291649885e+02 -1.177055994209327565e+02 8.648599129769016258e+01
2.777138641585397832e-02 -1.048019183069020528e+02 2.839986103427757484e+02 -3.543354182494250040e+02 2.752216435630265323e+02
5.853254591636920107e-02 6.963100349412928836e+01 5.133816294108199827e+02 -2.978826229536112464e+02 6.276062330760303212e+02
5.557657021407858694e-02 5.700402740446602934e+01 6.875123224378882014e+02 -3.198762641806555393e+02 5.340242587249987309e+02
4.694592821055110915e-02 8.016959017268170840e+01 8.528996648789862434e+01 1.150247867131196529e+02 7.018175250171822199e+01
3.354245854011908556e-02 4.387269446939384920e+02 3.711216436235930587e+02 1.129853886991375020e+03 3.155248639430229218e+02
6.621647060370633442e-02 -1.706310057595889475e+03 5.730479833182021139e+02 6.376555952052198109e+02 4.152350287846858805e+02
4.635244623720707197e-02 -3.777788874325892721e+02 8.834485384453670065e+01 -2.766241839123411523e+02 1.254627847645894576e+02
8.999175147140885123e-02 -4.260980620741336793e+02 9.781718799023859674e+02 -2.334073738717172546e+02 5.172595079614694669e+02
3.393186973298274733e-02 5.275937468430390709e+01 1.516434378799621641e+02 2.343673366688302906e+02 1.290496115570821303e+02
6.119764916074810213e-02 -3.356040160958663705e+02 8.591289349254591912e+01 -1.674500772793945202e+02 5.896479674355402523e+01
2.364999054225339070e-02 2.605622461471743350e+02 1.408613443399919447e+02 6.778441950193215462e+02 1.495646552064991965e+02
2.155449517500209258e-02 -4.591576524575350504e+01 2.850779223546637127e+02 2.503873896491054438e+02 2.417000996614075063e+02
8.177499845030258840e-02 2.833861079053971821e+02 1.977684945360908841e+02 1.212024098788591289e+02 1.778954519421452574e+02
9.928157960626278478e-02 6.587031183490076103e+01 5.933467343025619130e+02 3.184299534443606490e+02 5.007340369752145648e+02
4.530514561855501082e-02 -4.597327390582713065e+02 1.454343177413095418e+02 -6.493083218374060834e+02 1.528997594023459783e+02
2.191023574445271141e-02 -3.598200430617868619e+02 1.642209288368810007e+02 -8.986017937969405978e+01 1.477528801845475357e+02
5.270135972745927655e-02 -1.072038422494201484e+02 3.858938182574245701e+01 -4.379376624171582080e+02 6.325183914939346153e+01
2.231856618532467723e-02 -3.327592943952669913e+00 2.454711026146349582e+02 6.287862669451521924e+01 2.664852652621061111e+02
4.566447905341043667e-02 2.061614648709805238e+02 2.915824440042418360e+02 -1.149349796110703892e+01 4.179887904397163538e+02
1.222137024801288607e-01 -1.022455823237556160e+03 7.916308809451345496e+02 -6.798577436907419269e+02 6.122146603897264185e+02
1.129215082400268771e-01 -9.050302224411861971e+02 5.823893404500327051e+02 4.535315655876571554e+02 4.567233571876662950e+02
3.175498819850882531e-02 1.585721865978455583e+02 2.820823220883380031e+02 4.401094669526309389e+01 2.329420363677020873e+02
2.702074109659591966e-02 -3.286887257361427146e+02 2.921454751101223906e+02 1.433997013570997751e+03 2.933581581601865764e+02
3.677052822817700184e-02 5.834877428835222872e+02 6.735627629816016224e+02 -4.852964874944118492e+02 5.318068797898396269e+02
2.857568431911209489e-02 -4.506522655611000232e+02 2.991053879461190945e+02 5.669094537828107150e+02 3.107793149637229817e+02
1.027529088491298814e-01 1.526683739121954488e+02 1.256649215284795105e+02 -3.137147808409163758e+02 2.185625339738232640e+02
4.321793037149253280e-02 1.495031881183728331e+02 3.497752405579935839e+02 -4.871168114493053736e+02 3.352350299469269999e+02
1.225547541978686539e-01 -1.139670346051374509e+03 2.556230800314309022e+02 3.443555237091592517e+03 3.190530969493935345e+02
2.525541622807586303e-02 1.962827915528010578e+02 2.159193183627896531e+02 6.399504870876685345e+02 2.161197636284125281e+02
2.700593377925987124e-02 2.130704046726372525e+01 2.824374168238977063e+02 1.492163814715974013e+02 2.809790777368876320e+02
8.381533940616425760e-02 -2.613881810837440298e+03 3.999235336466600188e+02 -1.552577502257777269e+03 6.099974761224898430e+02
1.797626428502083554e-02 4.462852618670651168e+02 2.031539286282464332e+02 4.065861961892975387e+02 3.398479671089741601e+02
2.783555126741694974e-02 -9.348898427254631827e+01 1.469403322508407541e+02 1.669240868486728147e+01 1.608290445922023935e+02
9.826520055441513579e-02 -1.638762748220733840e+02 3.957248592778553871e+02 1.135519095422898204e+02 6.015777159915348875e+02
9.102013804851721845e-02 7.664478652416661362e+02 3.110501675210586541e+02 4.273372685457392208e+02 3.518823718879454532e+02
1.035500083422704054e-01 -3.810229128978253357e+02 4.694971380675096952e+02 -1.645434236629131419e+02 2.322654000328606969e+02
1.229986473207672071e-01 -6.926396302365932911e+01 1.443495232391516936e+02 -4.426979387406246929e+02 1.761039647578572840e+02
9.478383643528817681e-02 -4.994139263633417158e+02 8.337833835930397299e+02 -1.541806474904341940e+03 9.673696917520909437e+02
1.929779830860054932e-02 3.138360960124166468e+02 2.964835565780491038e+02 3.130715258350624595e+02 2.377894127345187485e+02
3.875394022884659506e-02 -4.731883177515512102e+02 1.964693268125411123e+02 -2.372202331090225584e+02 1.516874427855167085e+02
9.626928382684671326e-02 2.972862703996937057e+02 1.468181981810155321e+02 -5.339170364451106821e+00 2.187729455193280046e+02
1.757154867040739213e-02 -1.647556361417448215e+03 4.306169465832820151e+02 -1.360631014329493382e+03 2.984389763234271413e+02
1.176267281773965140e-01 -8.319641183056031650e+02 3.092682930061200750e+02 -3.722094694886280308e+02 3.092682930061200750e+02
1.051878778315580576e-01 3.478690364019746539e+02 2.366524533803141992e+02 -8.269999966469027868e+02 3.614601289979069634e+02
2.040808996278097379e-02 1.918886655983694936e+03 6.602327645245931080e+02 -1.600815720143179078e+03 5.123812024266145499e+02
4.252254398685609282e-02 -1.058237627391492310e+02 2.190734380053517896e+02 -3.832451188161005007e+02 2.117728470858792207e+02
1.749339712716454012e-02 -4.766679943521266694e+01 2.322160774122546627e+02 -8.142367816251845625e+02 4.306238302438898700e+02
2.475032684499271080e-02 -2.456807831809490494e+01 3.359468708237413921e+02 -1.404385891401935282e+02 3.364566032783054652e+02
1.936114146707207037e-02 2.532643667908094471e+02 4.100606860124249806e+02 2.900849391901846275e+01 3.362393972796008939e+02
1.932180221505132994e-02 2.981280969083611126e+03 5.429783338378470035e+02 -1.231770223124399990e+03 4.770454860664925150e+02
5.787379925330789210e-02 -6.963071317279426466e+02 1.862598804267777268e+02 -2.868768816666699877e+02 2.584764307452945218e+02
1.750936611784338626e-02 1.737788180732565593e+02 3.092682930061200750e+02 1.251630994713895916e+03 3.092682930061200750e+02
1.236793677248570617e-01 -3.922255370474300662e+02 2.459167737202357671e+02 2.607015531662603962e+02 3.625309467607626743e+02
2.794427341408179180e-02 -8.198356910265295028e+01 5.534073846318353844e+02 -1.246612539996385749e+03 6.382083429248272068e+02
2.842414299071841996e-02 -9.962593465507115980e+02 4.168781389567038786e+02 4.444436647719529105e+02 4.228338655395081105e+02
1.251073843143327979e-01 -2.996449290260479756e+02 2.652995013813648484e+02 4.637358305342611686e+01 2.759283500242553941e+02
8.069982357351962454e-02 6.554006192108851110e+02 2.734804827004049343e+02 -3.412489659951804697e+02 2.133049772313478627e+02
7.735557521751115773e-02 2.844966768194489077e+02 1.564220332536745843e+02 4.273676356110191819e+02 1.862832596779027199e+02
1.071201387637941149e-01 4.371819873007801789e+02 1.316022478906709807e+02 -3.791070548555154005e+02 8.975828890402563331e+01
1.720616903397367489e-02 -5.428942478799660876e+02 2.226053952834783445e+02 -7.085032278520365878e+01 3.191348625237970964e+02
4.207768374740714773e-02 2.212710016783995002e+02 6.952935206258645167e+02 6.200083420434948493e+02 1.526265997494777821e+03
1.860352715134620458e-02 -6.811837927448360119e+01 3.201368319085475491e+02 1.076798843024274674e+02 2.680454477626269068e+02
1.190318707326216974e-01 -5.349630369431532699e+02 2.532149463055610283e+02 -7.325112190245047259e+02 2.108575732578121347e+02
1.022881561164298708e-01 -5.094822418745775963e+02 2.998835222059386751e+02 -3.349387124723527336e+02 3.520417052672589193e+02
1.697587083061592034e-02 -5.616252528615900701e+02 6.737074440523454086e+02 1.018667704932723041e+03 5.744206447843085925e+02
4.313844134485991799e-02 -4.969068391070257462e+01 2.476848844582573008e+02 3.746620790035481718e+02 5.203194203834979135e+02
1.875996843751985554e-02 1.874860032121825384e+02 2.059139337924804636e+02 1.565946408018252214e+02 1.920898770374988089e+02
2.110759822982754760e-02 3.519517677549355312e+02 1.189029348523243499e+02 1.463941435239037503e+02 1.250189689476721071e+02
2.324019974179726555e-02 -7.083781379034292058e+01 1.225047579310647734e+02 -1.711836767577433704e+01 1.244677717465427946e+02
1.731528770753800600e-02 -1.100926976699659292e+02 5.021290577828265782e+02 -2.746612521669707689e+02 4.051240825286907352e+02
3.375535684959368732e-02 5.812812718822115130e+02 3.604230527548276655e+02 3.607656743689078667e+02 3.267605305673333760e+02
8.990124076637805162e-02 3.649797363483642698e+00 2.581159894241998245e+02 5.212912460445282932e+02 3.504852516244401386e+02
1.739477555064058642e-02 -2.272236776091754678e+02 3.194432172642607384e+02 -1.235713617720173261e+02 3.101672184794792315e+02
2.019197485512685963e-02 3.281731418533425426e+00 6.308389346289592226e+01 -1.923153513260405134e+02 7.105150521751305348e+01
2.626992090209328765e-02 -5.689864768441227483e+01 1.060044600954583416e+02 1.470596678585486643e+02 9.748236222513892812e+01
6.379552101352828353e-02 -3.285785522829656315e+02 7.016466063138305742e+01 -1.808472255252486889e+02 1.080218755742608607e+02
6.148527707035205542e-02 3.069263385354424827e+02 3.048194894726332222e+02 4.580445354773901272e+02 4.638226624719360984e+02
4.497376244481088303e-02 -2.120805576856253651e+02 8.994116737870399447e+01 1.792425846494234065e+01 9.798152235880466776e+01
8.415707655387660857e-02 -2.489560173745142322e+02 2.448523026314985884e+02 -5.422378419261547151e+02 2.855970735172139143e+02
4.738453334395286570e-02 1.556293570802501449e+02 2.352228405843763142e+02 1.475977153774125554e+02 3.099523152919068707e+02
3.752761482287075845e-02 -1.489670043912417157e+02 6.428952208277088687e+01 -1.677247174753548791e+02 5.752190868423689807e+01
1.670211312391214897e-02 4.834191812300412039e+02 4.389606580354007406e+02 1.501801925985215576e+03 3.351267818156443354e+02
6.260267702483475472e-02 -2.524926033231087672e+02 2.298243941145600502e+02 1.637864260544498052e+01 2.012700974882459377e+02
3.348181916970480176e-02 1.859496677588157638e+02 1.727947437147876713e+02 1.751554352512150672e+02 2.231749117570070098e+02
1.089943298305053598e-01 -1.682141096306444439e+01 2.091675459680519111e+02 -5.176974348721031447e+02 1.775445126455080640e+02
6.521782437064056748e-02 -9.172673967876193046e+01 2.706310466734999522e+02 3.255034009208202974e+02 3.380393987337149611e+02
5.421122055880898960e-02 3.562501264084169748e+02 3.670097139687166532e+02 -2.122028375243396567e+02 6.495085338900137231e+02
2.472184644104088308e-02 -1.579433731577856577e+02 6.032600189476091401e+01 1.193084675328551896e+02 6.166592352103450025e+01
1.688533940329929248e-02 4.372641385097879265e+02 1.034682212468280795e+03 4.774150450672530610e+01 7.926302884110950799e+02
1.117176963428781200e-01 3.672443541615710956e+02 3.516306824531376947e+02 -4.288332316346703692e+02 2.565533838409102145e+02
8.954413763194993270e-02 -1.202392083769372903e+03 8.950354682365137933e+02 -1.435405049283066091e+03 9.053521315986137097e+02
3.526372496351908026e-02 -3.713658862841530777e+02 4.259577444665690109e+02 -1.608850499289576987e+02 6.433607154572424633e+02
1.040115347389206496e-01 -2.682650869112159739e+02 8.137293400470092593e+02 -1.093704330446009578e+02 6.561903167765251510e+02
5.718453236366581593e-02 1.107699806721835557e+03 2.646013780290864474e+02 -2.874483384599828923e+02 3.569030586122887030e+02
1.634274945543410032e-02 -8.554292036265076149e+02 5.140981434650261690e+02 6.846923084112281686e+02 2.853892774492032345e+02
4.689353673559116392e-02 -3.825061619185997870e+02 5.083979920866549946e+02 -6.659637179714385979e+01 4.326571961345880482e+02
1.035623856353911354e-01 2.050980338958991638e+02 4.501124837070017861e+02 7.664462522087675325e+02 3.241591271165980856e+02
2.990384903747804468e-02 1.246557691189073864e+02 5.229720809945934690e+01 -2.105739452419973645e+01 4.761242799697108552e+01
7.493933537113169063e-02 -1.586288009831410761e+02 9.851213436301551951e+01 7.342266513730035626e+01 7.845491177280277384e+01
1.855604011892532726e-02 1.243785413963945530e+02 7.270596513431196684e+01 -8.115798556219313298e+01 8.314865844743086143e+01
2.768738656887333865e-02 1.705862923677479159e+02 6.792931898355065812e+01 -6.172984691105966704e+01 7.901569556550902007e+01
1.109957082937819417e-01 -4.982793877838849994e+02 3.411814307257784549e+02 -3.250077945807078663e+02 2.776417829937325905e+02
4.332890453038356487e-02 -2.014888668569066681e+02 1.026381709523014507e+02 -4.620943349572266357e+01 1.187818022020171895e+02
2.080998102210744258e-02 -3.007027785254840069e+01 1.677691685959155734e+02 3.148406800729747488e+02 1.643072081764111942e+02
1.121352381497493778e-01 -2.026458456508439667e+02 5.928573654650863318e+02 1.006482243678560877e+02 3.811801566127584806e+02
5.131812544309548307e-02 -4.384474960668711674e+02 5.768542249871103422e+01 -1.548894787478755575e+02 7.550023867020215107e+01
1.799301234380402958e-02 1.159166555755689387e+01 8.595824554934453943e+01 1.503277435772039325e+02 7.998136138877231360e+01
9.732584062826182825e-02 -1.528407420557040723e+03 3.941734805462247095e+02 1.084071058207251554e+03 2.377788453360795700e+02
6.171847598657091011e-02 -5.594054518179052593e+01 1.672084283696951275e+02 -1.059254272866978965e+02 1.864097778235191072e+02
5.790929278518536921e-02 -1.646327076202033595e+03 5.766452913923761798e+02 -8.077123177298483370e+01 4.639544986155412403e+02
9.412291112978631025e-02 1.015142752891433133e+03 1.233767688033812675e+02 -4.584779920207792543e+02 1.754184509506875145e+02
7.230544377091976949e-02 -1.438571467070105427e+02 6.627177707273999374e+01 -1.668457335485202293e+02 6.627177707273999374e+01
1.258477148445909244e-01 3.149244951335662677e+02 4.476014322173143682e+02 -1.123529964385800497e+02 7.254491208640138211e+02
8.061014543379126096e-02 1.286242774970609844e+03 5.571718353704928859e+02 -4.170960531498644741e+02 3.738104607935934496e+02
6.442842965517309173e-02 -1.179457145374784659e+02 2.936143829770531966e+02 -8.193639154131108171e+02 4.869155968477143688e+02
5.981704773484761151e-02 8.923391774152844391e+02 3.459755335152915450e+02 3.596027287339695704e+02 5.819360351207197937e+02
2.900144470115596437e-02 4.338413655978826569e+02 2.288383533355008979e+02 -7.834837511617877226e+00 2.241289884401741972e+02
2.418209798451192993e-02 7.280616370671008042e+01 1.656794426818500199e+02 6.060039836840472560e+01 1.656794426818500199e+02
2.176114377180992862e-02 -9.726765657449772107e+01 4.639260705704099337e+02 5.385418181712149135e+02 4.641417293732489497e+02
2.551559904619199112e-02 9.603503051098755350e+01 3.617164569752229113e+02 -1.157361916533270829e+01 3.675841159375258371e+02
3.262863097330307577e-02 6.385905473160192969e+02 2.161499888267973404e+02 6.152139801356898943e+02 2.039758449632287522e+02
3.352054754663628261e-02 4.301944610941840779e+02 1.570119308109431984e+02 -1.911875898531266671e+02 1.634278145699741174e+02
2.011296212917522419e-02 7.672918043777268338e+01 3.457528647274508558e+02 -8.769169862857430076e+01 3.182331912740724533e+02
2.610801262748719750e-02 4.257600519038447828e+01 3.612136896878977268e+02 5.706629207545111058e+02 3.680781818015514091e+02
2.413261315920552097e-02 -5.003952864905429578e+02 3.119853196250579686e+02 -1.311593783007306797e+02 3.184349652356001457e+02
1.228332401665000323e-01 -1.893435428168221506e+02 4.418118471516000767e+01 -1.383681146442248462e+02 4.418118471516000767e+01
6.327029020590159425e-02 -1.884016625387292265e+02 5.464252550062302305e+01 -9.609568902068116358e+01 4.490139955144690020e+01
2.765381069497005115e-02 4.114735085944977300e+02 2.138822031018959535e+02 1.479715859730831653e+02 1.884288971184883508e+02
1.529153036716573121e-02 2.757625893056721225e+02 5.742427495420796504e+02 5.068936824272004742e+03 5.082109412462731370e+02
8.714833753764378299e-02 1.798937478498886264e+02 6.862964634297252076e+01 2.196865750423071688e+02 1.201821399716190086e+02
1.688812662720329955e-02 1.977012791359405810e+02 2.832565054093668095e+02 7.069531771330605352e+01 2.692730192112068721e+02
6.084289594260600814e-02 8.688421352656602039e+02 4.253805104907528403e+02 -4.141387423293707002e+02 7.865303769409986216e+02
9.924967861622704945e-02 -4.948002026494322649e+02 1.668581447788699563e+02 -1.305600779826214932e+02 2.089246758518217177e+02
5.383990297974493994e-02 1.054866369013457614e+02 1.104529617879000227e+02 -2.103900883359914644e+02 1.104529617879000227e+02
8.814434548230748456e-02 2.144080373391929584e+02 7.849993701815847658e+01 -1.559265565362833001e+02 1.096154481450808618e+02
1.567475586892683181e-02 1.771316190893944054e+01 2.216523733056511389e+02 -8.703250288672186343e+02 4.081221545827297064e+02
5.803243595611069089e-02 -7.425339473691872172e+02 1.211568873463069451e+02 -6.985988452107260400e+02 2.152214963407484731e+02
2.847534342591586179e-02 -1.561828361291330793e+02 1.000368492223009866e+02 -1.572333001757834268e+02 8.114452539618964977e+01
8.144603339570918865e-02 -6.722866423223240417e+02 4.421942038661009633e+02 1.053016726736329019e+03 4.524837970757576500e+02
3.113695990401325192e-02 -1.138080877137774962e+02 1.877700350394300415e+02 5.546311689472608464e+01 1.877700350394300415e+02
8.173583973448837747e-02 4.659742075648630362e+02 9.144411586502906175e+02 1.625884287247090924e+03 3.867115128852945531e+02
6.998529322891766657e-02 4.750652982553779111e+02 3.511225809977067343e+02 -2.345420513612930620e+02 3.009591704062667077e+02
8.643585874384243639e-02 5.803994168870096928e+02 3.135692917537124913e+02 8.451087103067428643e+02 4.276458789290562095e+02
2.637380757759648711e-02 -9.132274093935016879e+01 2.633935485069721949e+02 -2.291539811532490489e+02 3.209483053901033145e+02
1.884227322583949954e-02 1.513112691044047438e+02 1.568053176930791324e+02 1.371872140124910686e+02 1.651105193680268144e+02
2.160919499584131043e-02 -6.874377242933906018e+02 4.366187311308568724e+02 -3.005372139478602662e+02 4.360293721140812977e+02
8.579792996613212763e-02 -1.304766592066982184e+03 1.025472719060388869e+02 3.901261026866156953e+02 1.749216233970030316e+02
8.439434765786051063e-02 5.815175428256601435e+02 3.383603754218995050e+02 8.095456497672380181e+01 1.737888305084712499e+02
1.953977404661496817e-02 4.143571147159357224e+02 1.104529617879000227e+02 -2.205669290877583251e+02 1.104529617879000227e+02
1.099877199840982589e-01 9.927041622092071975e+02 4.626353035044410262e+02 -3.983915628184881541e+01 3.881008821665877235e+02
1.661340742251453742e-02 -2.822824268815861615e+02 4.841429856406574572e+02 3.542339575713020281e+02 2.871164392935735350e+02
8.226382296298281882e-02 9.878768978525688738e+01 1.856031161522044783e+02 -1.702082270349674786e+02 1.033970662792359860e+02
6.862130857354559188e-02 -1.030196144033104247e+03 1.613151893939466106e+02 -8.663551038797785964e+01 2.610752840036531666e+02
6.905558975767410457e-02 -1.220031471489802186e+02 1.847243785492694030e+02 -7.040198052359320968e+01 1.049589158201800245e+02
3.431085629940553577e-02 6.760627522914303427e+02 1.695807804367605911e+02 -2.637613318838140799e+02 1.415690148914528663e+02
1.275759230175650127e-01 -1.146468777682588325e+03 3.367026895359801415e+02 5.148753829006379874e+02 6.156439864112929854e+02
1.611961224922316138e-02 6.713922594157734238e+02 2.924633336798010532e+02 -1.172680632759827120e+02 2.714283133198051132e+02
2.257736655032692441e-02 3.375084777128701035e+02 8.506414680347641024e+02 7.331247416170381257e+02 7.907890083115626112e+02
2.133048932663199337e-02 -3.037933086395433975e+02 2.040217923005487251e+02 4.103442639262301554e+02 2.048026540974236980e+02
3.023118117436070229e-02 -2.043203703766414776e+02 2.691075878075299102e+02 4.996193738195779019e+02 3.222871956469206793e+02
1.479577106714489304e-02 -6.856932440301520728e+02 2.351019853749808135e+02 6.480914076034852656e+01 2.957454659923936902e+02
9.889714899520667124e-02 2.929401456553671323e+02 7.340476800441643945e+02 4.305785457893077819e+02 3.764067134432685862e+02
5.682991465092262356e-02 1.158893121083370943e+03 2.231691249810142210e+02 -5.260394463009727133e+02 2.520559680454338434e+02
5.540958313792415657e-02 7.356758805321956061e+02 3.099551872757235174e+02 -9.471781703145910569e+02 4.336616722758120090e+02
7.803934659174649457e-02 4.190543442059580315e+01 2.623447871120844752e+02 4.914636769823284794e+02 1.699884272076975265e+02
1.136678829293205628e-01 3.478945381871910172e+02 1.240230558404607990e+02 6.085534450479406132e+01 2.306110939538174591e+02
3.161380997754591193e-02 -9.067415080684888551e+00 6.345473230103077356e+01 1.262935146662616148e+02 8.265209901675032711e+01
3.844413402069871144e-02 -1.301040167124323261e+02 5.838870959641423042e+02 -3.710552157641789677e+02 5.758940551619938333e+02
5.832578081625541810e-02 -1.618929388534920975e+02 5.754102257976007877e+02 -7.945909711383819740e+01 4.013044904525124252e+02
9.275544628804846536e-02 3.073307306407895112e+02 2.286167859508082074e+02 4.264929076662999705e+02 4.378715571213873545e+02
3.210672257407919117e-02 2.792701122136475647e+02 1.237587098961145671e+02 2.416761390169838819e+00 1.304354329133978183e+02
9.081936756021125046e-02 -2.535478968637074217e+02 4.298401292833735283e+02 -1.990295344612170538e+03 1.103564676782625611e+03
1.877990608516590457e-02 9.007606352217322865e+01 1.812673028092576430e+02 5.513145799114624879e+01 1.748754417418216747e+02
5.484415131569491536e-02 4.565306037275648521e+01 3.286002992312053834e+02 2.328588043496278885e+02 2.903301327875191760e+02
2.815593642827180984e-02 1.134002693910503581e+02 8.682221168548605306e+01 -2.131818135644116410e+02 1.031488736823743011e+02
3.303566305292848782e-02 4.954947012292623185e+02 1.858170893734120170e+02 5.294623040698954242e+01 1.787770362235139601e+02
5.342025565310676988e-02 -5.876595259939352900e+02 4.675537819620772098e+02 1.309108230286321373e+02 3.631739884814630841e+02
1.518122054872368329e-02 1.333992506450082658e+02 2.094840880710596878e+02 -2.996418278251090328e+02 2.949930168032196320e+02
8.332724711310218746e-02 3.769556565707605955e+02 2.319512197545899994e+02 3.999552575583066414e+02 2.319512197545899994e+02
6.020182245228014595e-02 -1.066821735229396779e+02 1.089191746872305089e+02 -1.399054628100205946e+02 7.946319883665850625e+01
3.780318537831559023e-02 2.616284547280362176e+02 3.395257581203580344e+02 4.408039101554969363e+01 2.518931543728092208e+02
1.592392413700529849e-02 2.579588147179928797e+02 2.589461950984047576e+02 2.504316001756342587e+02 3.107200465035604111e+02
3.637083389665206334e-02 7.922807412428218754e+01 1.165880343752833141e+02 -5.177032448571359282e+02 1.776139079043901177e+02
1.408180753198280157e-02 2.449033658557470972e+02 7.698938537282083416e+01 3.824933529725081627e+01 6.665217770243286566e+01
2.722187352926769624e-02 3.867708952595631331e+02 3.685187902145563044e+02 -3.037940798150680166e+01 3.951410807677718253e+02
1.389069337837091009e-02 -1.193608424081486135e+02 1.986128724026200416e+02 4.274602583707972485e+02 1.769522426214274162e+02
2.483953535729643489e-02 2.160432287061697139e+02 1.812597751658471452e+02 -4.037579411388219341e+02 1.727777696722115195e+02
3.069048804257134069e-02 -8.651762112607032407e+01 6.863474833516976048e+01 -2.107267336629340946e+02 7.522731932967781177e+01
8.293677597845293403e-02 -1.820893888248833150e+02 3.415521514886650607e+02 3.487199378638388794e+02 3.102090076225476309e+02
2.754145893664731656e-02 3.214578132209056207e+02 2.236517906231798349e+02 -1.530918376891708306e+02 2.682879874840435832e+02
1.242899606235626647e-01 -2.166224937473223235e+02 8.813051365185380348e+01 -4.653648452903162536e+00 6.657979671927296295e+01
3.887957112356363321e-02 -3.047094692794282764e+02 1.733599367395308946e+02 2.719286406394245432e+02 2.149312381481841783e+02
5.373171461407626887e-02 -3.186867042170022728e+02 2.432295067270996185e+02 -4.141321928412082798e+02 5.157185181055758676e+02
5.788716487589269655e-02 1.705347257742987495e+03 7.158508265925652267e+02 9.687151673340634943e+02 4.522644981707104535e+02
1.406656478026466379e-02 -4.138038032086731164e+02 3.365283861290074583e+02 1.548067877913289294e+03 6.213604290845665901e+02
1.658606306071009479e-02 1.797688164473117922e+02 2.664722713209740732e+02 2.441736376625680407e+02 3.311682462842173322e+02
7.404376337281230736e-02 6.621944678005509104e+02 3.937376894141424373e+02 5.116764552527633327e+02 2.600346475869889105e+02
9.939272222257826417e-02 2.656623908786379218e+01 2.956712631888607348e+02 -4.223868125927227766e+02 8.656436782625760884e+01
2.439678708320417236e-02 3.772019033834269521e+02 4.912073035845208437e+02 -5.640852931586634895e+02 4.520798078105351578e+02
1.560993561495352053e-02 2.053915171659955377e+02 1.529418406431848325e+02 -3.108878927613216092e+02 1.835868270154505808e+02
8.492187402209398772e-02 3.662454913608261222e+02 5.587742472922762005e+01 1.368199915102369602e+01 7.684794996447065785e+01
1.466101760399960395e-02 -3.944668502693622258e+02 2.602339462951759970e+02 9.913941294240753450e+02 2.815787052435908890e+02
7.134329093661342935e-02 6.150129679144292538e+01 3.734380553071101758e+02 1.730997074311557355e+02 3.118032073956234740e+02
2.801098143667845805e-02 -2.155772805282086608e+02 3.730208425200481202e+02 5.056255660363395350e+02 4.396607191528308363e+02
1.698904625383775707e-02 8.349160843937831942e+02 4.156440167885801316e+02 1.002573793211498128e+02 3.737357129431783278e+02
2.278681469794840639e-02 -1.005912152905419930e+03 1.179216230493745314e+02 -9.216790192244836817e+02 1.142636174556927102e+02
3.071958271150719913e-02 -2.003181936704187933e+02 1.256052745309139027e+02 -4.425474146817418841e+02 9.797457367536691208e+01
1.624762404474303784e-02 -5.107708556560750139e+02 4.836890712919051794e+02 -2.283594283931901714e+02 5.007446372096879941e+02
2.260750455254459737e-02 -2.377559685660721982e+02 3.682536151461415557e+02 2.839057439787866883e+02 3.718548902019385309e+02
3.239065386083223030e-02 1.905972045564145674e+02 4.111434391431467361e+02 -2.481721091996465020e+03 4.999041446647809721e+02
3.323973553608317727e-02 1.270114913360090725e+02 4.041701725248831281e+02 3.614998050547440585e+02 5.471627169689098764e+02
5.799310397552066149e-02 2.379832843098874662e+02 1.165642256357321145e+02 -2.743568173506701768e+01 1.952950946569625614e+02
7.678244539852972783e-02 -3.154147408014679144e+01 1.645737121032110508e+02 3.017029350962592389e+02 1.229918603033476927e+02
1.073640263724151972e-01 -6.073526069935516034e+02 1.658467751400757493e+02 7.894025081035894686e+01 1.765677157024097426e+02
2.491660633802181973e-02 -1.353052677421901308e+03 3.282342135560962220e+02 -5.527027097133320694e+02 3.732417455182724666e+02
6.326046453877132159e-02 -8.195220349034474339e+01 4.025334314698976073e+02 2.252394900093882200e+02 2.319101178690220024e+02
7.785599033037400585e-02 2.599346055124906798e+03 4.879388069740790002e+02 -2.981680616052090045e+02 5.505464257124376672e+02
9.075569968459140657e-02 1.941731907524102212e+02 7.755421572524704743e+01 6.632429580360522436e+01 8.815430659227408228e+01
6.669237315307417757e-02 1.269398412252529340e+02 4.583140869911929371e+02 -2.451404879656413414e+02 2.853117169802939657e+02
4.115771672000615583e-02 -3.456038639774861849e+02 2.483832355627538391e+02 2.539521574439855556e+01 1.951937413221064617e+02
3.781377046498797523e-02 -2.855225977796476400e+02 4.105298806959760896e+02 4.602464932554213419e+02 3.426804045916368864e+02
2.572184615357724080e-02 2.261501707413599149e+01 7.585139520699529214e+01 2.367170625305285796e+02 9.230600339839111257e+01
9.326924369785911939e-02 6.839201054678009086e+02 2.650578207217722593e+02 8.691738030368542240e+02 6.027663404661617506e+02
1.508353324900953488e-02 -1.348075292703009609e+02 1.193144263663221807e+02 1.294421697769356001e+02 1.643154999863577359e+02
1.082229244645726007e-01 1.213849845721469052e+02 3.999818469963205985e+02 5.020720921147814693e+02 5.394842229166617926e+02
2.993258110149187370e-02 -2.977466118701865526e+03 1.450696319925966122e+02 3.410347904863888289e+03 2.717897855446167341e+02
2.103496565429645304e-02 8.770190445475833485e+01 4.419556751809210482e+02 -2.168228393781748196e+02 4.969104436467410437e+02
3.120397648152199374e-02 -1.854390934638763895e+02 3.081892079357215266e+02 2.386330532078821989e+02 3.815764504937080233e+02
1.065014366200504325e-01 -2.025292390355036503e+02 3.450556847698818501e+02 -8.163941292807721766e+02 4.952012696793964324e+02
8.357151624021562364e-02 -4.316661128177552769e+02 2.517989376230953553e+02 5.960912928752196649e+01 1.260807836351599036e+02
5.485898362904293585e-02 1.353570732852979290e+02 1.641027317805269092e+02 -1.744899711198999341e+02 1.344907613743511376e+02
7.620021530318622782e-02 3.519013074574793336e+02 1.788576293517931504e+02 1.251360725289455189e+02 2.414309186988679983e+02
2.130426682581656669e-02 1.814048927800966027e+01 3.846924624819153564e+02 1.158512268902293556e+02 4.368085756360161440e+02
1.704336806479542568e-02 -5.282371747960343100e+01 2.482437768113979075e+02 3.210636014036646202e+02 2.489168060445284425e+02
6.241176649987523195e-02 -2.549259076159988240e+02 9.442422328572657761e+02 1.016497170632885627e+02 3.860756246840522294e+02
6.394188389171454046e-02 -1.459998802182370348e+01 1.339277453309178725e+02 -4.851905659634292078e+01 1.645625428323864696e+02
6.628857507859690912e-02 5.995635354376765918e+02 2.683941210994536277e+02 9.368081262166351735e+02 5.230550047449499971e+02
5.650312570936365242e-02 7.118578090683196251e+02 4.805248850246530878e+02 -7.425520502982715243e+02 3.608484379854446615e+02
1.389121709604493674e-02 -1.112418751434832416e+02 1.418501431474546450e+02 -1.543487936420998352e+01 1.848456099164854720e+02
2.876922406202691088e-02 -2.139794505629461696e+01 3.127399898483083689e+02 -3.573341948130699279e+02 2.846815746837946222e+02
5.393520469683583257e-02 5.129536556935948965e+02 5.247214630912994835e+02 -6.478120325291297377e+02 6.137994219661035231e+02
2.816257475594459089e-02 4.903465090391530339e+02 3.227574396468999680e+02 -3.455458663769495047e+02 3.640121652449712428e+02
1.264296137564253387e-02 8.267214007639864803e+00 2.671735275689148352e+02 2.366313045537209234e+02 1.125847205262253823e+02
2.532488860607715400e-02 -3.967660889354496021e+02 2.985975209379726607e+02 -6.209345292739944853e+02 2.031157043082004350e+02
3.735898469963161439e-02 1.319309382148302575e+03 5.398319671176665224e+02 -9.382182328806925398e+02 7.897421752853873613e+02
1.798718744784469706e-02 4.063157383667122531e+02 2.708945145257322906e+02 1.673749724539723047e+02 2.877052808459984590e+02
1.872063473294955510e-02 -1.891234984928775589e+02 4.151798114700471274e+02 1.810403912487180662e+02 4.132888759979393285e+02
7.379513238361706806e-02 -1.893513472598671115e+02 5.554940821594352940e+01 3.620163891721237803e+01 6.600133237418195620e+01
7.811891850946282856e-02 4.495882208710214627e+02 3.078582570316156648e+02 9.072685561491681483e+02 2.447804677504649362e+02
4.363961470462871667e-02 4.964980751114752877e+01 1.291758615044544456e+02 -9.249686982073892949e+00 8.282101403798587569e+01
2.123127399418259578e-02 8.772822217308960262e+02 4.883295604777222820e+02 1.011093344628921500e+03 5.353653664986870808e+02
8.164404106887615531e-02 1.430021785172568343e+03 3.615811529952686669e+02 -4.871771172615938212e+02 1.933212250576332281e+02
1.678638665297152791e-02 -4.327150237046270149e+02 2.487070435107913227e+02 4.180133143485250002e+02 2.484539304682416798e+02
4.979373693434629294e-02 3.338340435701708770e+02 2.313254371333093786e+02 3.594104139434298872e+01 2.215611372772821426e+02
4.234150479936377165e-02 3.786709389378725632e+01 1.504153430197867181e+02 2.241447790925718095e+02 9.536693441812043659e+01
2.900775510398129892e-02 -1.094306403279788071e+02 1.045745646387187833e+02 6.651418196195363919e+01 1.740680220646907799e+02
8.349590377230442506e-02 3.975646432780990835e+02 5.502326387869768354e+01 2.376246288516134655e+02 4.443401520119599013e+01
2.952445321688287883e-02 7.755567629749774028e+01 2.045663487552420463e+02 1.883326238280816654e+02 2.268953794813841682e+02
1.625109404597601531e-02 9.771261876822759405e+02 3.260175669491226813e+02 1.841255759041523561e+02 3.331546113648362848e+02
5.286453326656886248e-02 1.876953787308337382e+02 1.401177235404257999e+02 -7.864422191973225154e+02 4.563735965619795110e+01
2.689988169481637159e-02 4.973871705009462403e+02 1.893298288935249900e+02 -4.746641465422745227e+02 1.558830002149198322e+02
3.191301832852880965e-02 -1.523748858714050698e+02 3.612094967308281639e+02 1.208238446166338690e+03 2.740351911845121435e+02
9.403419322021741578e-02 -1.217009757837094810e+02 7.809359083362939202e+01 -4.807368899787743999e+02 4.383481077250685303e+02
4.085533514611517508e-02 1.776268167344897506e+02 8.748875435555342506e+01 3.202592992545937989e+01 7.830425281449559805e+01
1.488423452488634932e-02 -1.066850987132271769e+02 1.181689738507598264e+02 1.434925044928189664e+02 1.068260066459220781e+02
2.433527323243554405e-02 -3.739508194328728052e+01 2.272974392347764478e+02 -1.165061345493580269e+01 1.508476065451515922e+02
1.200668714228366428e-02 -8.883364136763176475e+02 7.547430495571793472e+02 8.922200816792371825e+01 4.973804749678967596e+02
3.776783692239528423e-02 5.102187961495856143e+02 1.732465811061426280e+02 1.190083055223757924e+01 2.263551815356637178e+02
6.773795541250020313e-02 1.199810632176668435e+02 3.386797251564851194e+02 -6.892929991932168150e+02 1.056244100003601943e+03
1.117728050513900062e-01 2.591970528706424375e+02 1.323191637576741755e+02 -2.259798056561054125e+01 1.107216754556437621e+02
1.903891961456791182e-02 2.733805155296630574e+02 3.663697178894195190e+02 -4.655085818581654848e+02 3.102072277620958403e+02
9.712763575752071665e-02 9.889344727104804633e+01 1.915389008186992044e+02 -1.518730803488215599e+02 3.625284481697077581e+02
1.174870923557367816e-02 6.294744482868666324e+01 1.766898347329729404e+02 -6.984074854597710669e+01 1.546740278525323902e+02
8.086860641626081314e-02 7.944296916805099329e+01 3.075072048882850027e+02 -1.854111088886662060e+02 2.124327633209631756e+02
1.784901130080224566e-02 -1.790228570971427189e+03 7.410372076917137747e+02 3.848443040186192547e+02 6.971525683503222126e+02
9.356876713104141097e-02 -1.138429305068887061e+02 5.541386274242547927e+01 2.862576045151743074e+02 6.611517559738007321e+01
2.930684056844065286e-02 3.361281340929410248e+02 4.717648668922879551e+02 1.463257636750288611e+03 4.038259313042055965e+02
1.281481098704962199e-02 -2.276088925288320013e+02 5.315631878733195208e+02 3.377054317030332413e+02 4.965363685712658253e+02
8.754909307386800343e-02 -1.481158879620385846e+02 1.620251064053593950e+02 5.148634752360079574e+02 3.946767384438863928e+02
5.608780986507052452e-02 3.101555776339487807e+02 1.309785142501241637e+02 -3.967319071757074767e+00 5.405857900779408283e+02
8.994117129471029815e-02 -7.737301451224159621e+01 2.237241311804616544e+02 2.153223609499070221e+02 3.516723951348334936e+02
9.237207223600442385e-02 1.697257509958595847e+02 5.486348977296835017e+01 6.140126757413006686e+01 2.297729210699110070e+01
6.108624386402622397e-02 -9.872777223392498058e+01 6.798612126152345354e+02 2.150375673593507884e+02 8.233998694998613246e+02
1.286144666202470102e-02 -5.282851017873214232e+02 3.191589415723092884e+02 -6.710000731776972316e+01 2.015735524849544618e+02
1.199087897169596670e-02 2.001537942227730582e+01 3.246129172584071512e+02 8.590126476031025504e+02 5.426009216976581229e+02
2.481561417158410082e-02 3.139100417381715147e+02 2.502361949970661215e+02 -4.524062509763424487e+02 2.946694624794903348e+02
5.884373717620142163e-02 -6.728677829979594662e+02 3.372778540199435042e+02 -1.327780709165376720e+02 1.655173464933933190e+02
6.746053122297908378e-02 2.215020592330347426e+01 1.553007475718484898e+02 2.251861414786818898e+02 1.761392358156360842e+02
1.208522632259038596e-02 2.026172193780992757e+03 4.789180801131910812e+02 -2.052658609762651167e+02 7.495319765875847224e+02
1.138299384660958341e-01 1.417015938661355108e+02 3.748536129123390310e+02 3.569741587435979113e+02 2.990853874031212740e+02
1.606448999019588833e-02 -4.525672094082090666e+02 3.370072570423421894e+02 -7.450596948624882998e+01 3.368463197781042595e+02
2.952345043623736884e-02 2.387530695103023106e+02 2.641238664939952514e+02 -4.540728797521504134e+01 3.494886694937144966e+02
1.267214176773569234e-02 -7.185422878994108942e+01 3.606823316667574204e+02 -1.550752291938503731e+03 4.298680713873343393e+02
3.535713793782174763e-02 8.630380300848090656e+02 1.425227616566020856e+02 -3.641310328861545145e+02 1.336892444916074965e+02
1.524312872580609220e-02 -6.451154763535861321e+02 2.313741088087460582e+02 5.082158432904424785e+02 2.330509721060978165e+02
1.131667533026141509e-01 -2.543169800102621281e+01 3.635801432216352964e+02 1.294423110235057948e+02 2.553490982099476128e+02
1.113509999832040104e-02 -3.054247951080357097e+02 3.201801234573815691e+02 4.188411873344807645e+02 2.652482967737934132e+02
9.588281728018049899e-02 -2.755321861333372908e+02 3.188186843059492617e+02 -9.861092620973959129e+02 1.794075675084644388e+02
7.114372784236031033e-02 2.668904142457358830e+02 2.967871932072324626e+02 -4.845399345682278636e+01 2.337855558636776152e+02
1.486058600831288365e-02 2.071321780587785213e+02 1.487591111030209845e+02 -7.442450450652178517e+01 1.544803770002547196e+02
2.607302015540224546e-02 -8.393587307607862158e+01 2.038157136682162616e+02 -8.957497387849633697e+01 2.529583283916298342e+02
1.937175822636839906e-02 9.116877649580560501e+02 4.625997035472548191e+02 6.027649060124190328e+00 5.050603993551653730e+02
6.456922447355917249e-02 -7.485669684031571478e+02 5.589616156034765027e+02 8.854337321506666285e+02 3.928465759235935479e+02
1.544578286150173098e-02 -3.372449537677550779e+02 1.393059182900864528e+02 -1.701871520854689379e+02 1.388070858530858231e+02
1.622427992153827048e-02 1.747336922743893410e+02 3.108359066054334221e+02 -2.156875713155113772e+03 3.216499497207714171e+02
2.672002083559053831e-02 5.583044889468483518e+01 6.627177707274000795e+01 -4.482585582200456997e+00 6.627177707274000795e+01
8.404624239789029727e-02 -5.306324592462762268e+01 2.647301034980520740e+02 5.687669802817084701e+02 2.433854022732983253e+02
1.685266505845115989e-02 -1.110714406908388554e+02 3.599193118635533892e+02 -1.746626214285425363e+02 3.581076129455711907e+02
5.017602405627401285e-02 2.861434872314249560e+02 1.811008143096758829e+02 -1.152110755978036423e+02 2.509409705149177228e+02
2.347331585574561827e-02 1.728614160688455854e+02 3.265581605524959059e+02 -1.036540987879796148e+03 2.404450810589113985e+02
8.944342667514965095e-02 1.775396154144559659e+02 4.484642684372661847e+01 1.277997657673514880e+02 7.693311964536356129e+01
1.007783582039158132e-01 3.900234891748776818e+02 1.989463677448878798e+02 2.626342804618711284e+02 2.097364098576902904e+02
5.528106687033728511e-02 -2.316032103488458347e+02 3.219624911954754225e+02 5.016173628935507622e+02 5.449618798733589529e+02
2.529167219615596762e-02 3.243559475433310126e+02 1.713282515224190377e+02 -6.728692537571793082e+02 2.199084305811003901e+02
1.177066055299691161e-01 2.044976156207222289e+02 1.211451465990463703e+02 -1.384485000786814268e+01 6.691508485248201055e+01
1.632803266785365706e-02 3.705488968020652010e+02 2.540418121121700210e+02 -3.717531979899749217e+01 2.540418121121700210e+02
1.720144040960666296e-02 4.989003026809522225e+02 3.450903901903106430e+02 -3.012598273269122728e+02 3.400556819246202735e+02
1.138776068899923465e-02 9.276561983217195575e+02 3.066337741229003200e+02 1.485933460170379476e+03 2.899890297508648587e+02
1.149379684840331900e-01 1.344782609701527008e+03 5.416145323198833239e+02 1.510300470939279876e+03 5.850352433640982781e+02
3.963304582778364588e-02 2.068460725969420650e+02 3.351136539608331191e+02 -1.444397515310058964e+02 2.318164997097461253e+02
2.048094097171949957e-02 7.112669583470902523e+01 2.523733751642668608e+02 -1.237866130444622570e+00 3.355526930330617006e+02
2.804461906292832554e-02 4.013036764767136333e+01 8.187192234652259515e+01 -1.438847327586101130e+02 1.353022346641382967e+02
1.138701597067788389e-02 -9.182471033757882140e+01 9.549357228437509093e+01 6.367342786641118835e+01 7.179700600025333301e+01
1.079022929222097499e-02 -4.248227428985906613e+02 2.409650755543374316e+02 -9.190192438925436136e+02 4.876293253899785327e+02
3.239565980099318870e-02 -2.965692935971711677e+02 1.845792750349888820e+02 -1.415198910568703070e+02 1.584291530968860400e+02
4.304005338700341715e-02 2.109790634724051017e+02 1.457384739213033811e+02 -6.396498017917987227e+02 1.749562473360028321e+02
3.927744788364466444e-02 -4.028515560441795174e+02 2.187433762393882262e+02 -1.134152429512624849e+02 1.902849139605645519e+02
2.523414253841427604e-02 1.302526012266084990e+03 4.602338619032710767e+02 1.320041195920032351e+02 4.456321061410164361e+02
1.499667595863115287e-02 1.804968280690162032e+02 2.125252137914358741e+02 1.128842934509265433e+03 2.163791892292510113e+02
1.209960052358581145e-01 1.193590108169218098e+02 1.765059883652743054e+02 2.785422281395645427e+01 1.438576634524719395e+02
1.004677601061144399e-01 -5.884704750723360576e+02 5.529955037101682365e+02 -1.679899177936025296e+02 6.178834034872577377e+02
1.038053979151249973e-01 6.444455650371671709e+02 4.197212547940200125e+02 7.290121909745990934e+02 4.197212547940200125e+02
7.151894154350992017e-02 1.716201424547532270e+03 4.961818122936458622e+02 6.395502367399745935e+02 4.537954395547297963e+02
1.467395486953748315e-02 -9.334032468792700854e+01 2.119872006454117184e+02 -2.615522342412029388e+01 2.071241064919796315e+02
2.661602010691594897e-02 3.846241572362378065e+02 9.695047969739748623e+02 -2.525882153577121585e+02 1.271720262371444278e+03
1.112017807232686117e-02 -5.264479499880978892e+02 3.558925421630505639e+02 -2.358531881869592439e+01 1.937796958564622116e+02
1.055030682024885730e-02 -5.227286849923183354e+01 9.037289833699151131e+01 7.840595874146168853e+01 1.088140815576341254e+02
3.259285434293182626e-02 3.720891953011844180e+02 3.930566995678815942e+02 3.019461548520811789e+02 5.173214427103248454e+02
2.994253016291350059e-02 6.444795589604601105e+01 8.717541621964092258e+01 -1.001354270458448354e+02 7.865293989708953859e+01
1.836278259003241292e-02 -2.229388039859055652e+02 1.175619330419429645e+02 6.264650582540042478e+00 1.262808077764662329e+02
1.328536094088846910e-02 -4.458540950042753082e+01 1.390065643351665301e+02 5.938543729897561008e+01 1.373416424639468687e+02
3.548891671854877139e-02 -4.579031061362842436e+00 5.089161494837120614e+01 4.091593092751028848e+01 9.614522657227681179e+01
6.563014649364051767e-02 -1.603559159512192025e+02 7.707841859423605513e+01 7.236895356271165980e+00 6.654919713695376515e+01
1.005949890491454266e-02 -2.383015813771686453e+01 7.731707325153000454e+01 5.789993550354375174e+01 7.731707325153000454e+01
1.206356742906544016e-02 -1.204115985991037121e+02 4.396371809304685598e+02 2.846381407635447545e+02 3.605764183749014364e+02
2.864877631090641946e-02 1.345244293843086894e+02 1.919908721996844463e+02 5.398252425344848007e+02 1.422491991714918811e+02
1.366561745870447167e-02 -2.577909850945471248e+02 2.172825675903527838e+02 4.448659032582218060e+02 2.116015261049581682e+02
2.800117264459048988e-02 8.677994264492078855e+02 4.318641182976962227e+02 6.794281689574385155e+02 5.951395090836037980e+02
1.155080086892747160e-01 3.074496754611227800e+01 4.438367486244151650e+01 1.573786024200775557e+02 6.613633588972942334e+01
7.362235530634457514e-02 4.188320022138785248e+01 1.009792089986129753e+02 9.949669392796813838e+01 1.647263216952151481e+02
1.149207727045980891e-02 9.477975725106108484e+01 1.971664994706763139e+02 3.614279396863013289e+02 2.125614843193982324e+02
7.259361432472406783e-02 4.683909768165781884e+02 2.973043228193085383e+02 3.645040055538813704e+02 2.441196473563475990e+02
2.449700048761175447e-02 4.153083735139495616e+02 2.044846284950278061e+02 4.413000383502442219e+02 2.269690308881436636e+02
2.972652390474346887e-02 2.570163024086668884e+02 1.877700350394300415e+02 4.958986152773584166e+01 1.877700350394300415e+02
6.746656963134410601e-02 1.014559614575433955e+02 1.098577343920243692e+02 2.690546425904044554e+02 7.816050651162122165e+01
1.394235002756308815e-02 2.125259978702666217e+02 2.960414663565520641e+02 -2.021488129118544919e+02 2.977370996214719980e+02
1.699824591832520965e-02 5.955006614726954695e+02 2.356277537861913629e+02 -3.040570011486463500e+02 2.394331571588979841e+02
1.220138584213290196e-02 5.061096147995336025e+01 1.927165806537083199e+02 -3.265461397740388350e+01 2.251650245236184276e+02
3.411944952645298151e-02 2.821364214871788931e+02 1.632655113728598621e+02 3.678603149703167219e+01 1.355058827838953448e+02
1.180958415539579837e-02 -1.292944604147402856e+02 3.065666281338881163e+02 -9.023530711332343799e+02 3.251592806643896552e+02
1.185120800386731954e-01 -8.388273602860855362e+02 3.087687399360244171e+02 -7.136738098262449057e+02 2.216036312159984618e+02
4.899933691021100129e-02 -3.005981219986325641e+02 1.749264451460530267e+02 -4.644296568901701221e+02 1.240733605689257644e+02
1.444677228601755174e-02 1.954622692621421010e+01 2.684328939538354462e+02 6.286874286453624450e+01 2.483026613183444340e+02
4.644999743250961127e-02 1.332939274169731107e+03 2.509371412390822513e+02 -1.856339020285532797e+02 5.102222608739432985e+02
2.736871434873991080e-02 4.894231643291752221e+01 3.152479867042570731e+02 -1.074458699870471179e+02 2.819017685181800061e+02
4.862643097443485746e-02 6.611107687554630274e+02 8.247165629895347649e+01 -4.829980938948652636e+01 1.631748554491719858e+02
1.231311769766799680e-01 -4.656030623688277501e+02 2.456859813642630286e+02 -8.011944771470135720e+02 5.289332710702676650e+02
1.265927665573636229e-01 -9.931982502318397792e+02 3.974544600331228708e+02 1.153373411733851754e+03 3.646869014783558782e+02
4.000402493227898926e-02 7.529543340204631363e+01 1.361867581718018698e+02 1.912708171080167858e+02 1.851446642571147549e+02
9.482456930606451492e-03 -6.164108528527734734e+02 3.393535110412123572e+02 1.020466587878925395e+02 1.825142498742102362e+02
3.125347079453339588e-02 -3.660495101688561022e+02 3.890078547714844603e+02 -8.177798183825500473e+02 2.987541872267437384e+02
6.161890004919016312e-02 4.947329759941676457e+02 3.103435953844970072e+02 -7.521997050675932996e+02 3.525056923855111108e+02
7.431737496456411463e-02 6.752884205015593579e+02 2.681934584810536535e+02 -1.226960212933768844e+03 4.177431932849430609e+02
9.630919652873640505e-03 1.790520604986175840e+03 6.354540709669099670e+02 -1.796694878880874171e+02 4.438930834128381662e+02
1.043808553811449366e-02 -1.209206269406602132e+02 9.152421871953715993e+01 -2.114494536891872656e+01 6.749196664463691775e+01
5.238948126099710056e-02 1.119256196393704613e+03 4.717208153371398680e+02 1.644977178417025243e+03 1.025015377766036409e+03
1.383759343508924808e-02 1.357284319845172149e+02 2.633721351634230814e+02 -2.109983935002380520e+02 2.812603336459009142e+02
6.710965044419381353e-02 2.836266518551755098e+02 2.862435597845002349e+02 -9.003922209474272620e+01 2.331030342516412475e+02
3.226419766515527948e-02 -5.948425712783132724e+01 3.514055794340169996e+02 1.104354528092296306e+01 4.346866118986575884e+02
1.114860659293923500e-01 -2.856389346768676205e+02 1.782088542489316012e+02 3.607597554850228789e+02 3.305630779474897167e+02
1.891787965142770200e-02 -6.281205310073244164e+01 2.098743001217493998e+02 2.624429207507764659e+02 2.335115004268051848e+02
1.019512488665666738e-01 -2.154975516111873048e+02 3.197059194717812147e+02 1.956304091856406302e+00 2.327880770504889654e+02
3.874669183035501369e-02 -1.304960825853549409e+02 2.173788418653531664e+02 4.226598947169487133e+02 1.488745247434920316e+02
1.466645023728963861e-02 -3.349391161428696932e+02 8.056988269927282431e+01 -3.074665658193271156e+01 8.821749497722660749e+01
2.172357959447731440e-02 -5.972677717347665975e+02 3.148272768721261627e+02 5.474097964107443204e+02 2.931818768334485412e+02
1.953665153854034983e-02 9.468453905284355869e+02 1.791412128836280999e+02 3.507198227120539968e+01 1.854660217685515420e+02
9.053837460567417880e-03 -7.020051243782811525e+02 4.112045337628745756e+02 3.142757464181628961e+02 5.503846743468760678e+02
1.859566655256692305e-02 1.912865370115836754e+02 1.300709218383812527e+02 -2.380747585140072715e+02 1.241417565792021094e+02
2.364157402724291132e-02 -2.964445203268104478e+02 9.503268943244013656e+01 2.809158105852417293e+02 1.561934553135574220e+02
1.307681379844244894e-02 -2.075602633397253527e+01 1.275599400314601155e+02 9.468737664565813361e+01 1.267204882157042505e+02
4.596277562341603146e-02 -7.389820660046325429e+01 3.216113531315719456e+02 2.220736443203941803e+02 3.522690253979822614e+02
1.350385356450727915e-02 2.025459622633682386e+02 2.719305171939654997e+02 2.254677801288356989e+02 2.622825156218733582e+02
6.400006006395481117e-02 7.415185653952048028e+01 2.196930533307642008e+02 -7.237136545910017560e+01 1.454377781957934985e+02
9.685316868438249502e-03 2.346789931848659307e+02 3.405274198435348012e+02 -1.303140963176143714e+02 3.332872796581969510e+02
7.042687765471952743e-02 -5.861602272301519179e+01 1.664592940318277101e+02 5.465820355588861048e+02 2.092425962591284190e+02
9.888887267915753843e-02 -4.929629646276171684e+01 1.896489953191073141e+02 -1.238494871718797867e+02 3.524448580056284754e+02
1.179580240609698766e-01 -4.029615659971275932e+02 5.407709789881905635e+02 -1.327490610965440510e+03 4.533926571333679476e+02
3.366343214525786137e-02 2.664178463605223897e+02 3.493585758299771555e+02 1.161985964158406262e+02 2.921406348751885957e+02
8.372034119833912658e-02 -3.531244570550359185e+02 2.864466328112886799e+02 3.862062487090990999e+02 2.108573954888086632e+02
1.184021477117587311e-02 -1.271526201059308960e+03 1.275985631811764875e+02 1.568497231913637961e+03 1.266815973555569741e+02
9.492154088794935163e-02 -2.290831823781035155e+02 2.643499207790529795e+02 3.365080331927658790e+02 1.558910312715308351e+02
3.297180164278347425e-02 4.207319513040360448e+02 8.579994550927164028e+02 8.660635280435525374e+02 4.308806243374981477e+02
6.109658522658807656e-02 -1.819483393714243675e+02 4.429981310865966861e+02 3.992452540660378304e+02 4.959813138451964392e+02
8.811416667656368426e-03 -2.060235425820232820e+02 2.777080324602915766e+02 5.598744285253927728e+02 3.189485051255117014e+02
3.476720994772908302e-02 1.779434783790257057e+01 2.531023097723581827e+02 4.133081409197227885e-01 3.688046525987623454e+02
1.120461533775493623e-01 -5.280821066570696303e+02 2.878622284773418301e+02 -4.641648474182475752e+02 3.860759181435725509e+02
6.251757332685577151e-02 -3.355238258259794861e+02 6.627177707274000795e+01 2.875963944420755780e+01 6.627177707274000795e+01
7.336892693316386660e-02 5.419530897907071676e+01 8.852037328045835807e+01 2.209090182474236030e+02 9.926699263844606946e+01
5.137114448849571663e-02 1.350738206262875281e+02 2.793234650232082004e+02 -6.337637163809589538e+02 3.731726824413992176e+02
1.864515365510824654e-02 -2.105125035334219206e+02 4.818490559041206325e+02 -1.177142976301213366e+03 3.985309231787558133e+02
7.476059187590960997e-02 -3.916572287917364292e+02 1.673289336889536969e+02 2.162302072331598595e+02 2.640490118518706595e+02
2.288160361245038590e-02 -3.267178602942731658e+01 3.274455177206820053e+02 -5.384572426584141169e+01 2.325113747623623510e+02
4.190033369910464711e-02 -5.128700323242076138e+02 1.010518390952849700e+03 1.260421038970728887e+03 4.992230631377866530e+02
1.074537734207440809e-01 8.802688946954172877e+01 6.674603687169306454e+01 1.973515760926003679e+02 1.212383672244141337e+02
1.051715583185450081e-01 3.822752822182650903e+02 2.439478665440825012e+02 5.506016106297892065e+02 3.638587436970769318e+02
2.711408528200088749e-02 5.984615350153947020e+02 1.867683302384804165e+02 -4.395354799848403786e+02 1.777830425096840372e+02
2.320295741253830882e-02 2.807140294597516004e+02 8.587366296115480679e+01 9.905666327651857728e+01 6.946632837104095870e+01
3.692531775486738305e-02 1.979757093508868024e+02 1.307241248044754798e+02 -4.025087974991738520e+02 9.103244076130259543e+01
4.940865013757896745e-02 1.047712015745228058e+02 5.247276152754754008e+01 -7.990561044286349102e+01 1.744425971655708452e+02
6.357717201894065584e-02 -1.789435944148406179e+02 2.635346548354636411e+02 -1.390272302716130071e+02 1.464186416419093177e+02
4.844674948684843385e-02 5.971308325821553353e+02 2.080720558994464113e+02 4.874405547002557171e+01 1.353340172711950515e+02
8.833968327633970330e-02 -9.390710930773474274e+01 3.085050446419983814e+02 -3.636624432205338735e+02 1.999976260278317852e+02
5.366354026025255131e-02 2.417732470818537820e+02 1.027365640517372896e+02 7.973821083159458567e+01 1.971157485238215372e+02
1.104048295532440577e-01 7.580858884792644403e+01 2.676852102751547591e+02 1.405770624705818136e+03 5.731491343281776381e+02
2.464675700733127625e-02 7.996196095950432436e+01 2.207965757446817747e+02 -4.214087323423297562e+02 1.050150955874800474e+02
1.032520672726383246e-02 2.061387900014868251e+02 5.055596935425410265e+02 -6.462143758601091577e+02 4.376461433648017305e+02
5.232762788744876187e-02 -9.079916059286319978e+02 3.181519140542603736e+02 -1.430638746251066323e+03 7.763447011998047174e+02
7.534654420814430875e-02 1.825892705738904453e+01 2.099875864658591524e+02 1.139613538599107159e+02 2.207852430136289854e+02
4.877101904650997521e-02 7.366875776338559945e+02 2.021087038855479818e+02 8.432180294846797608e+01 2.960009519879760660e+02
2.869966735559196028e-02 3.518323104573950673e+02 1.325435541454799875e+02 7.340410391046172833e+01 1.325435541454799875e+02
6.212242479796238614e-02 -6.255611396250774305e+02 2.231484787697677632e+02 1.967944064715413788e+02 3.298528374943732615e+02
5.603359095257350042e-02 1.054352483323388469e+03 2.737152969374164968e+02 7.028566771965929547e+02 5.480397160767707874e+02
7.967437913122321635e-03 -1.013539274687806255e+03 3.213350962059961944e+02 7.194275193135736117e+02 3.525210414489440609e+02
8.779493214432521411e-03 -4.517424395129265804e+02 8.240285583843256063e+02 8.970414056291074303e+02 6.718747376289131807e+02
3.323351141886455445e-02 8.226135517466834699e+02 4.691107490298433618e+02 -6.590123553388609707e+02 3.611606153517223561e+02
1.014638656705786207e-01 1.470740106094085320e+02 7.716428158215896360e+01 -3.971295590281713572e+01 4.444750326988940969e+01
1.096746381999443576e-01 2.810798686819410932e+02 2.365384501398719124e+02 -2.617143321578858206e+01 6.943077452123435478e+02
1.246513209755745893e-01 -5.770800760112015126e+01 1.551389520771856212e+02 4.159717576505855874e+01 2.537338509429864075e+02
4.066601498679947579e-02 -3.337466298869866250e+02 3.503550601111170408e+02 -5.943064703941840889e+02 2.582926779008966491e+02
2.084370828219029442e-02 7.652934330354541999e+02 2.090556586318755876e+02 -3.339232199951421194e+02 2.570883943383411747e+02
6.850361871519108914e-02 -1.158000962391192616e+03 7.619876399342438162e+02 -5.648053578216300821e+02 7.512199373272098910e+02
9.925071013203404235e-03 -4.848643789840824070e+01 3.626013947117180010e+02 2.236721819409254977e+02 3.560775144905031198e+02
9.264156317795611828e-03 5.868907220362072508e+01 1.859565994856069437e+02 6.074629848004468613e+02 1.698805412632357559e+02
5.667837884046009883e-02 4.137259961921799345e+02 1.320211238739476869e+02 -1.180180399162862557e+02 1.001004524386787438e+02
7.824079297800049654e-03 3.156630503203409148e+02 1.118507342772812052e+02 4.730745256375275858e+02 1.313661438684569021e+02
7.853091900261259528e-02 -1.619413143707033953e+02 9.931111766229930993e+01 9.814861974205587103e+01 8.847086651467773777e+01
7.635516099245146134e-03 5.997073741639713944e+02 1.998939871690965049e+02 9.369705685730687605e+01 2.421099679418694279e+02
1.088711372440651255e-02 1.803716779835555428e+02 1.004935693182411569e+02 7.432020276198750253e+01 9.954299385059461258e+01
3.118324183473033043e-02 -1.928999619803484507e+02 2.506683208793630797e+02 -4.398377079405843801e+02 1.922504129188402260e+02
1.264787164741149605e-01 -2.245201923808092488e+02 8.850058538904639249e+01 2.920936665652920539e+01 1.213976169703376513e+02
3.546931530706921853e-02 -4.993287170277433518e+01 2.028753390203083882e+02 -4.701833905011804973e+02 2.731633898293310949e+02
9.336671754989350064e-03 -9.411812027551179938e+01 1.227266718499772082e+02 4.661178296318368552e+00 1.488211247040280796e+02
2.448007138056280604e-02 4.536462534080942532e+01 2.882011927966373719e+02 -2.062775185940675442e+02 2.972340156460084586e+02
8.717039297384185370e-02 4.065900439104068909e+01 1.677789236866307476e+02 1.454672738934217193e+02 3.524577191598585841e+02
3.157960955791223878e-02 6.037487987177062223e+02 2.965789819794557047e+02 -2.240308138034377805e+02 5.302910269269277705e+02
7.670435036943559770e-02 -2.446966801421598348e+02 2.429965159333800102e+02 1.614445932616565926e+02 2.429965159333800102e+02
2.682328510148603712e-02 -5.867162467537530119e+02 6.239668933872728758e+02 -3.427601809487748028e+02 3.820929611026072621e+02
4.829389684321249571e-02 3.919325774765101187e+02 2.002228293365926390e+02 -2.556350097214822199e+02 2.529339772373323285e+02
3.977747532047233581e-02 1.992364843305572037e+02 1.664515753488461485e+02 -1.104531777076457786e+02 1.870859076733590598e+02
8.363976730392815029e-02 1.041425734910680603e+03 3.087660993863061094e+02 -2.071574658813508165e+02 2.326193054635130579e+02
7.182284427540390481e-02 -1.077217013086290081e+03 3.197218852912726561e+02 -3.978176630995768619e+02 2.547860941722462940e+02
6.546709250181154127e-02 8.913223161195321609e+02 3.425368809859808721e+02 4.739941553039482187e+02 3.533208768295812661e+02
4.163617701456331921e-02 -5.154903693884655524e+01 4.444786599424101610e+02 2.492020130799016897e+02 7.653701874982168647e+02
7.139395940403375773e-02 -4.366395829269326896e+02 5.759432200968742563e+02 9.030639156657020976e+02 7.166711119193475952e+02
6.024727031142291384e-02 -3.900661991279706626e+02 2.223448174554209515e+02 -1.005859854055636788e+03 3.082354396893908302e+02
3.507936981324126513e-02 -3.445782844014041757e+02 8.648062426548973747e+01 -2.295683197477927990e+02 2.062535196652418961e+02
4.646709920171940983e-02 -8.439757684089778422e+02 8.473236679125008095e+02 1.171752595431183636e+03 6.997030975093383631e+02
1.257192532899924914e-02 4.694872783876903668e+02 3.611483352978532935e+02 8.071633472613928006e+01 3.568681176758414608e+02
1.417262549781487038e-02 8.400928219596809186e+02 6.849497390540473134e+02 -2.692579970878034032e+02 4.332252801300954843e+02
1.018528551913448210e-01 -1.845093141262851759e+02 3.207134882678160466e+02 1.102326713771442655e+03 3.973081896579163868e+02
2.995911109475247677e-02 2.933771522433678456e+02 8.435226004071037664e+01 2.687511357501721818e+02 1.622106771133616121e+02
7.618593265009632187e-02 1.894745832584102345e+02 4.529484706861117047e+02 1.872567896504105533e+02 4.638132690545221521e+02
8.733035750449515133e-03 2.608864927385430406e+02 1.435888503242700267e+02 2.505762654720824116e+02 1.435888503242700267e+02
4.497209496301572684e-02 -5.086107965504774029e+02 4.929157427691673661e+02 -4.423780244798662125e+02 7.243266240828224909e+02
7.411608872679872895e-02 -4.141526136435292926e+01 1.212586023720835300e+02 8.626767433535471241e+01 8.869095991728606521e+01
7.167841908092692504e-02 -3.028983334490005177e+02 4.419118148227487950e+02 -9.954921955772965703e+01 4.527595923544136554e+02
5.247608064892946705e-02 6.648603543187242622e+02 2.098606273970100631e+02 -1.594527672521295472e+02 2.098606273970100631e+02
2.786158443828808465e-02 2.302499089270114041e+01 3.989622996752013364e+02 7.961309008384605477e+02 4.184556832848415411e+02
5.968051437640877616e-02 -4.196437362597882981e+01 3.006882652674403857e+02 2.651626153438271558e+02 8.458055962443835369e+02
5.501111925997523994e-02 8.738038677531751830e+01 1.457998447772534973e+02 2.759167095004983850e+01 2.527793613046949588e+02
9.058551503932402507e-03 -2.011627770707677030e+02 1.776686423586809269e+02 1.498298330082935763e+02 1.819150746676466213e+02
3.639804069353962807e-02 -7.834236828867462066e+01 1.419018700654531244e+02 -9.298487516770492789e+01 8.037130722811055250e+01
9.164214290662989204e-02 2.701488527745792112e+02 1.779828134540837823e+02 1.292665129761274159e+02 3.417519202259333042e+02
1.028798149929980033e-01 8.116308444074477393e+02 2.539551354018556708e+02 3.069020791995715740e+02 2.320461157828382568e+02
6.609125548814662535e-03 4.342431153748722750e+02 2.315868413747242016e+02 3.746003934977158565e+02 2.102626599736317985e+02
1.053646841063625300e-01 1.070098878906739799e+02 1.047736881165522391e+03 1.802016400127831275e+03 5.003314907923810324e+02
6.816929007304949051e-02 -7.532198204501413556e+02 6.165635245192593175e+02 -5.107674912807106011e+02 3.459444348531256423e+02
6.785998366195555853e-02 -8.013938135141005432e+02 5.281482699177092854e+02 -1.238323586011106954e+03 2.257067388937699945e+02
7.515727280101667379e-03 -1.839665291622411303e+02 1.299091397897604168e+02 1.923858889992037859e+02 9.858652622297107371e+01
2.993586574252094304e-02 1.448361033003525336e+02 6.627177707274000795e+01 -1.403248008751087923e+02 6.627177707274000795e+01
3.405960472778150200e-02 3.381677216683863776e+02 3.234316532645408984e+02 2.939398033072367156e+01 3.950986013550633515e+02
3.495976673784434441e-02 1.223606072322388854e+03 2.757896409608565023e+02 2.579174670650776875e+02 8.260781858806046785e+02
1.321938416664477332e-02 -1.083847107299485373e+02 1.520668769667903462e+02 -4.770645916178942514e+01 1.463049627720895103e+02
1.430059323539233443e-02 6.458106469749513963e+02 3.890209846132284497e+02 -5.579187782308140413e+02 2.804103664311701323e+02
1.573474533724085467e-02 -4.505764714580208192e+02 4.129218403368637382e+02 -1.708362957438128262e+02 5.365111112885099374e+02
6.632307165223103908e-03 -4.661013333976310378e+02 5.529580991394814191e+02 8.406732824307266583e+02 3.694349041791748505e+02
8.820565240341218805e-02 8.966571572115242361e+02 3.995985523310457097e+02 1.124336857980688819e+03 6.725978077658370466e+02
1.052019110726153464e-02 -7.588391502892523022e+01 2.618533087462564026e+02 3.277171294039135319e+02 3.090645858464898765e+02
1.101397827062520172e-02 -8.830570622505555320e+02 2.214323304892420765e+02 2.523996000859279718e+02 2.104676395248346239e+02
5.595136132108722432e-02 -8.609964253996501782e+01 5.599506151631600233e+02 7.484316791267486906e+02 9.786737875014468955e+02
4.839250009713011447e-02 -2.517730033654374893e+02 3.536426810937891787e+02 7.160229637735614006e+01 3.643073257713951421e+02
3.760943933212480134e-02 4.785975607837497137e+02 4.489969419252521448e+02 -5.139610063985367105e+02 2.931763465167604750e+02
4.290945476858707558e-02 -4.204882555428822855e+01 8.955510582122340679e+01 2.009680084420320156e+02 1.317405977601651443e+02
9.023523903119279321e-03 5.312323912805449311e+01 5.748085457585050335e+02 1.557887146036296144e+02 5.782433147006690888e+02
2.474433689965827368e-02 -2.367237008717313245e+02 4.629629481153291977e+02 -2.958282886771599465e+02 1.040671935506878981e+03
5.284148398711390610e-02 1.499281940796841468e+02 2.226170857710623636e+02 3.651183175938305112e+02 3.191267077669870673e+02
1.619553430673787570e-02 -4.578462677845814000e+01 4.354955850537423885e+02 1.792002991683048378e+02 4.045385610690896669e+02
3.459802271355682385e-02 3.314665825999793469e+02 1.443639354439438023e+02 3.033356007285506735e+02 1.650045145077882012e+02
6.572924454078033808e-03 5.655831411303765890e+02 1.925076705192678617e+02 -6.810863196804880317e+02 2.280345394794304354e+02
5.108656805224148778e-02 -1.739725102411084436e+03 1.011497477308355542e+03 -3.520476602853466375e+03 6.370573573876957880e+02
8.088759476292818607e-02 -4.729443592082766941e+02 3.969775853413228788e+02 5.397877684274405965e+02 2.660641190169731658e+02
1.008437520312156360e-01 -1.350991321780574026e+02 5.518909898391225255e+01 2.233649346628751289e+02 4.422787162083259460e+01
2.569230297673143898e-02 3.895955367439909764e+02 4.238306519446985021e+02 2.394312358262702389e+02 4.824134504976454423e+02
3.058701292183754750e-02 -8.720872288296395425e+01 1.230226407829951967e+02 2.033116342493587752e+02 1.534241695706654411e+02
3.246884103797764015e-02 6.992574323880029397e+01 2.461645587029772173e+02 -3.963567159394684154e+02 3.178853758996302190e+02
5.847008945491458803e-02 1.493966706293160200e+02 2.313296579723588877e+02 -2.218926007532934932e+02 1.665461960400236876e+02
1.205349473091816420e-02 -5.721434798451031156e+02 4.420201546314813754e+02 -1.587009199995541167e+02 3.421352287047514551e+02
4.465640467530005570e-02 9.659484824758227433e+02 5.996555030575329965e+02 1.065397088880570436e+03 7.485201920715649067e+02
7.742852432404983068e-03 1.023791831412903662e+03 2.567230358757364570e+02 -6.548950985934570781e+02 2.518169267316435196e+02
2.638745707402487262e-02 2.266529610962810182e+02 5.407170764992461045e+02 -1.217924727646509950e+02 2.777745572876069673e+02
9.126595081380821373e-02 5.937118843561332824e+02 7.502015207815437634e+02 -1.163311786139350261e+03 5.093800392254685789e+02
2.864450158789432974e-02 4.141568141339569706e+02 2.098606273970100631e+02 1.649661635624252938e+02 2.098606273970100631e+02
1.366178856435114330e-02 1.700255216819245447e+02 5.824332735493449036e+02 4.056237461000676348e+01 5.348028994014598538e+02
1.056726459069207702e-01 -4.924237706159026828e+01 2.097353350949973958e+02 1.956529454151948357e+02 1.658380229966103059e+02
1.089843871056946079e-02 7.592817217499141691e+01 4.433740543086169623e+02 -8.817163699743008465e+01 4.297266246780243932e+02
6.529309610472841530e-02 -1.020890924186515576e+03 5.621107081410938235e+02 -6.906531426920987542e+02 3.883272739920009258e+02
9.169524614516222361e-02 2.995487953761954714e+02 2.646834382424628984e+02 2.623849313872458424e+02 1.333478393065568639e+02
6.099426213979301098e-03 -2.709173146086068300e+02 3.592966953808415838e+02 2.283610050740439306e+02 1.338437848367429410e+02
8.967878708249280018e-02 2.659319337353224455e+02 1.004337802958873169e+02 -8.987824946476436594e+01 2.425742082602589846e+02
1.237720154319862584e-02 3.754354409114367854e+02 4.271223805261664097e+02 -1.573689631387909458e+02 4.458833883930739717e+02
7.404769865160748879e-03 1.393716868070534474e+03 4.389490191911330612e+02 7.691910409503188930e+02 4.250169121850951228e+02
9.379971261103983715e-02 -1.019133308900077139e+01 5.517658651347534260e+02 6.362008821665571077e+02 3.983227246526637373e+02
3.178589162239153776e-02 -1.885155754485133173e+02 5.232467774473366262e+02 7.801969920711418354e+02 2.471818726461795848e+02
3.212734411483614966e-02 5.574015805062845175e+02 3.865853662576499801e+02 -2.638942509586116216e+02 3.865853662576499801e+02
2.791762044672102885e-02 1.004970710112541070e+02 6.732853717399500226e+01 8.364876752916389080e+01 8.755983582516171282e+01
1.164247559292125034e-01 -3.242697419153104477e+01 7.729272764246307759e+01 1.169724373372288682e+02 6.630016972941645292e+01
1.254094328546285775e-01 6.691769028963098265e+01 3.644947739000700722e+02 1.234249116100055232e+02 3.644947739000700722e+02
1.612541504114963636e-02 5.445376388360826923e+02 5.023536203148742629e+02 1.004701923139219161e+03 2.697536339259558531e+02
1.045846107556016313e-01 -1.485301950899034296e+02 2.318906422447816738e+02 -4.075379417410015890e+02 2.099275620694230611e+02
1.212975117342506709e-01 1.348164984982367969e+03 1.050149603377745052e+03 1.048280393360885682e+03 1.391068705799734516e+03
5.591844373426956352e-03 -4.165018593373328315e+01 3.877640758790891482e+02 -2.908136717354917096e+02 5.293127306143788928e+02
6.501768958709753729e-03 7.687503337103257763e+02 4.382151900620177116e+02 3.680166035334389676e+02 3.382718569494342660e+02
8.906472276478483163e-02 1.150135985704701397e+03 4.750814083075330245e+02 5.968697750183500830e+02 5.079586364268269563e+02
9.723294568152625328e-02 5.265331029496717292e+02 1.107344219607321492e+02 7.835125940598928196e+00 1.765485142562894794e+02
8.097380228744967268e-02 3.800367053675161344e+01 3.636981357131560344e+02 4.671997724486824950e+02 9.158610489904181406e+01
7.766248584246153441e-02 -6.415894945727777099e+01 3.528868669480768290e+02 -2.121297201950875717e+02 2.108053020407282929e+02
1.205336812190283546e-01 -5.936755789484687966e+02 4.201495059954031035e+02 -5.545866177499319747e+02 5.961444017051409219e+02
1.056659881240488014e-01 1.675186994495269062e+02 7.726788332998181374e+01 1.289750473589441242e+02 5.529528202131356096e+01
5.043947644364438904e-02 3.111109448866490084e+02 6.103646497088573142e+02 -3.723400325789745011e+02 8.262824001474940587e+02
1.097713994540335143e-02 -5.165215262614154881e+02 2.114494825945073160e+02 -2.882615957236005215e+02 2.584488482610622100e+02
7.653300542796110176e-03 6.594323480883664388e+02 8.270686640960916236e+01 -9.486224301868936664e+02 8.333914084165901670e+01
6.424204266584850054e-02 -8.991230829028376093e+01 1.692006217733424194e+02 4.541342967559197064e+01 4.515533407962388424e+02
7.863695947271692743e-02 -1.170312094543015746e+02 6.627177707274000795e+01 -2.060758833971015491e+01 6.627177707274000795e+01
9.104512783506636675e-02 6.475411255341019796e+02 8.854272429691540935e+01 1.889922951833995626e+02 1.324231401641592640e+02
1.159647492907681376e-01 -2.646405463111189249e+01 3.978825609757500956e+02 2.602879064619410201e+02 5.078863855095557938e+02
5.246406009241657252e-03 -7.960627279787107682e+02 2.291207160398220708e+02 -5.144817608611973583e+02 3.481804960846056929e+02
2.362801882009464560e-02 3.121451135476464742e+02 1.424406359074910142e+02 -2.640887200744875827e+02 2.711596647476002886e+02
2.409338290579728786e-02 5.446399704935928554e+01 2.180605525316851470e+02 4.338239829370488110e+02 1.478742047752041628e+02
5.292278984432759181e-02 -1.563294325837600525e+02 2.105638005086189821e+02 -5.349473414187522167e+02 2.755965777093010161e+02
3.353076865865453615e-02 -2.368007102856479662e+02 2.681045153084106119e+02 1.863000827361807055e+01 3.733918693385549545e+02
9.217119680960761396e-02 -1.497982739463032431e+03 3.986897954449749477e+02 -5.988511938780396804e+02 6.620811388006617335e+02
1.214490053429845839e-01 -3.624358986694532518e+02 3.533636580186413880e+02 -9.084920102081547100e+01 2.983246793843982800e+02
5.586303321869909994e-02 1.194300492495899562e+02 3.152396556220972457e+02 -1.458605532576467795e+03 7.485934901677421749e+02
9.821783141232090508e-02 1.502909677746251873e+02 1.892682780355105479e+02 8.290586246180492225e+00 5.075274122578226184e+02
7.746791822046111831e-02 -1.345977338274259409e+02 1.544798627884035795e+02 -2.964826805230052287e+02 1.106686406590645078e+02
4.951317309614746386e-03 1.362309597171707082e+03 2.840320240378020458e+02 6.676040120950334540e+02 5.371158861104141806e+02
1.611323581667252827e-02 3.721266883706772433e+01 8.262563475132036217e+01 -2.802975321092691985e+01 1.696955693106975787e+02
8.719650197049327867e-02 6.189904062377523815e+02 3.861332021403177350e+02 2.802587316723152639e+02 1.886981231176789890e+02
7.049779296493137448e-02 -5.321882575160962858e+01 1.105071259333818716e+02 -5.796909144028485628e+01 1.214489957743716531e+02
1.358712726953931367e-02 1.266289120062100153e+02 3.040839761141906479e+02 9.892440972174833291e+01 2.710184265166610658e+02
9.016584284538825544e-02 1.775708393315122180e+02 1.326102017732676188e+02 -1.041239830434711564e+02 1.545769950409790852e+02
1.777221320595853346e-02 5.034841443926373472e+01 1.011519969399552394e+02 4.560993421078706547e+02 1.200499237228090692e+02
8.882314083833346696e-02 -5.392657200774009425e+02 6.299151842402256989e+02 7.743182348958703187e+02 7.397511590729155841e+02
5.325243871674113089e-02 8.553090754285744879e+01 2.105632464673452375e+02 -3.575242225004516285e+02 2.866629273526333463e+02
6.899081791151218113e-02 4.186168143278893581e+02 2.324987595209238691e+02 4.295981326597276251e+01 3.309749327008730120e+02
4.459238365580826119e-02 -1.293814653889930355e+01 1.992020199022739178e+02 -1.826128923918098792e+02 2.316192123721750420e+02
6.679247689407989685e-02 -4.480670873913360879e+02 6.176645802625755550e+02 2.228175903179322177e+03 3.989838571100036688e+02
2.626010077242987503e-02 -1.088858851312129588e+02 4.948294021420143167e+02 -2.673983865096499812e+02 4.223232104063891938e+02
1.288438263459196209e-02 -1.424925677537517004e+02 1.008830093970056367e+02 1.230709577827182244e+01 1.091070995149976994e+02
7.271931216587181057e-02 -3.803675189367057214e+02 2.212064893669985679e+02 -5.135379677857558818e+02 2.869462456325010180e+02
1.525552454279512256e-02 -2.623281988804312732e+02 2.742790012890537810e+02 -2.941394770043875724e+02 2.560417476728354700e+02
8.741501106608853822e-02 -1.731590879728394441e+02 4.524362726944344217e+02 1.252353671483132075e+03 2.437792406491788597e+02
1.117094811801262744e-01 -8.115167342178332888e+01 8.838037483140433892e+01 3.009336631438372578e+01 9.939165788864502815e+01
1.189903062095945679e-01 6.300314713681130740e+01 2.653335172418592265e+02 3.451225068800592339e+02 4.085160202001928269e+02
5.805568753502610667e-03 -3.443989703534406033e+01 1.701753731394761928e+02 1.701962406476922354e+02 1.765945532616909190e+02
7.254886651181992330e-03 2.197745778809239425e+02 5.317337003340090860e+02 8.294267108795651211e+00 4.595992520164244866e+02
7.307188320130661441e-02 6.335839638239855276e+02 3.752462646056864628e+02 -5.435391862262036966e+01 2.765315351502607086e+02
1.649904228066744610e-02 6.630546407255030772e+01 2.734283109571495061e+02 -3.327296530450339560e+02 2.351327963322175378e+02
9.872390940833439266e-02 5.045078693868595110e+02 5.850341486527755706e+02 5.359060295135412844e+02 3.320056210741485074e+02
2.086955987612866201e-02 -5.226240287725756843e+02 7.395969030132484932e+02 -2.884570363446725878e+03 7.294338572879545382e+02
1.243274756182175395e-01 8.767807155302757565e+02 3.865612179746648280e+02 -4.003761252620670916e+02 3.645203840157203672e+02
4.011721225666059487e-02 1.570853004618942123e+03 2.989845614448647098e+02 6.435492080363908372e+02 3.638703451158927464e+02
7.356876397930939282e-02 3.164540348207550551e+02 4.084915635037684183e+02 -1.896225185447938202e+02 3.426241457254675993e+02
1.038388689479565197e-01 6.018463234619617452e+01 2.760589889767489353e+02 5.441093983322516578e+02 2.209976616940959104e+02
3.169956713929592690e-02 1.342470021234973103e+02 2.096918931484471784e+02 3.437241665668676660e+01 1.989932883458570814e+02
2.593921543800948443e-02 5.923275832672775323e+02 4.603763316546408078e+02 4.666370668352461166e+02 7.020251838241703126e+02
2.921358572644670165e-02 9.886317640067883303e+02 9.548677172757292055e+02 9.963841434816789615e+02 5.410355821769624072e+02
1.547423547306745438e-02 -3.901908001076327537e+01 8.117040918266689005e+02 7.001447693021556233e+02 5.343476206562481821e+02
8.362444491059052576e-02 -4.214796555593076022e+01 2.099386045326314445e+02 1.505225347563910532e+02 2.429291501942890932e+02
9.655772683301505621e-02 -5.936551294231307452e+01 4.306516031840537266e+02 2.946182393730117042e+02 3.535895239023076897e+02
9.753920197546790682e-02 -5.938261826151474452e+02 7.286341425578732469e+02 1.310755423689509371e+03 4.534287588653447756e+02
2.084884815077598166e-02 -7.308532707141752383e+01 3.933573753045059789e+02 2.960620279819975167e+02 2.498548093572616153e+02
2.129722221728750503e-02 -2.276915641038564786e+01 3.169754668992340498e+02 -7.161028600816734979e+02 1.933518421407995334e+02
2.718624825851830365e-02 8.461067201709631718e+02 3.850266353215624804e+02 -1.407536774283572186e+03 7.129016641612869307e+02
1.839857936438239749e-02 -1.062902549885031078e+02 1.959297864489671213e+02 -3.317107261369466187e+02 1.154942053836121403e+02
5.295456882254541420e-02 1.614810622634821868e+02 2.870767455381362083e+02 3.258030850673914074e+02 2.651964345595125678e+02
1.026280224293821125e-01 2.390694074544288696e+02 2.871051942315850170e+02 3.390076597943662478e+02 2.210001499228078217e+02
2.313765543976883249e-02 3.509343678277178924e+02 1.868243509784033733e+02 -5.088401511405906490e+02 1.448171463524011244e+02
1.362619289695235318e-02 4.565566455539999424e+02 3.061516196905989204e+02 -6.475004824627346807e+02 3.915587890817146786e+02
7.725823296555640873e-02 -4.861060183444877794e+02 1.551302445872445617e+02 1.157863660472743135e+02 3.090197461942373707e+02
1.019383090925483903e-02 -7.477888452138192861e+02 2.709065565287361892e+02 3.794214946066723542e+02 3.041836446469881707e+02
9.456317805711754454e-02 5.246144365516847756e+02 6.624887257568091172e+02 -2.603820706912309646e+01 4.752671706715541404e+02
6.530711096209970701e-02 3.105269840365313030e+03 5.187369595373063476e+02 -1.990073386465422800e+03 3.650523839250656124e+02
7.167873592354621903e-02 -1.900570385032386639e+03 7.723955427525684172e+02 1.315816459343143663e+02 3.221783707369730791e+02
7.007499904814863678e-02 -2.640709336435589876e+02 3.311381309319414186e+02 1.283379362542965794e+02 2.212366972797491655e+02
1.914400426314773196e-02 1.221592509958975938e+02 1.185939362446281109e+02 4.664509632767715175e+02 2.615463821882985940e+02
1.538321352942022442e-02 -1.713919106424420136e+02 1.337167193008187098e+02 -6.810451213268053152e+02 1.536208058489203836e+02
1.600534707316293020e-02 -7.267723048804739960e+01 1.121717183710325969e+02 1.564361200197218977e+02 1.422502031733335457e+02
6.064433893211965132e-02 8.356631131220980251e+02 6.191009509401482092e+02 4.014039279800892928e+02 7.837705661999635822e+02
8.480401810309312616e-02 -4.819278601234573216e+02 2.318774974670644724e+02 -4.274487345220074985e+01 1.768214575197678187e+02
6.573677257732876700e-03 4.067993194856324379e+01 3.966687751816570540e+01 -8.403372147305952922e+01 5.073943366833535151e+01
7.199449613270603177e-02 -3.723174177850960120e+01 1.769376589899411840e+02 2.717853695928482125e+02 2.649450379580335948e+02
1.433416490210252976e-02 1.902303434656851664e+02 1.638204958348246123e+02 -3.696678092906878419e+02 1.239933448243936596e+02
6.431870366553049667e-02 1.833737222204201771e+02 1.767247388606400307e+02 6.923448800243301449e+00 1.767247388606400307e+02
8.959789852760070145e-03 -1.015744720378132513e+02 3.980655719361927822e+02 2.187714405149099548e+02 4.653680236960883008e+02
1.239982435101534206e-02 -9.788290282997251097e+02 2.373119301708307489e+02 6.019762076440753162e+02 3.051742014049617637e+02
1.040784976913258636e-01 -5.840962925444522824e+01 1.104529617879000227e+02 6.174899523598640627e+01 1.104529617879000227e+02
4.815679486454962910e-03 1.986573841411594685e+02 2.270361386949709015e+02 -4.697172470483909592e+02 2.413572096208266089e+02
1.896070333338367719e-02 -8.041394642430445856e+02 3.779083554862618257e+02 1.165838933580288540e+03 4.619752076368089888e+02
1.217895869654441743e-01 -9.474095196652782533e+02 3.866349140035742948e+02 -1.380507478667222472e+02 4.638611452369971175e+02
1.160736874475101349e-01 -4.324166655100839307e+02 1.437380967994307923e+02 1.371757210269124414e+02 2.981510913993051304e+02
7.904039918579694804e-03 5.906912369437324060e+02 2.564035143090889051e+02 -9.967219603286939673e+02 1.994642797362996873e+02
6.373880478339900846e-02 -1.608955582299186631e+02 1.328538993564114037e+02 2.220516944177441303e+02 2.428269794052418149e+02
3.505646798567573462e-03 2.063903149264734225e+02 9.438679737050559027e+01 2.298865571614294652e+02 7.963010386649162342e+01
9.517283963615619236e-02 -7.363682870271009051e+01 2.319610202617883772e+02 2.942739252659906697e+02 2.429871605260528327e+02
4.425233311754574184e-02 4.766043375978547374e+02 5.856168109214281685e+02 -2.678344731001889727e+02 6.404296284819503171e+02
5.803251561721846363e-02 -1.016746418642702139e+02 6.629735943836942624e+01 -1.784583970088527280e+02 7.729513816574143448e+01
2.894430117493842353e-02 3.992168222412644241e+01 2.431929045639761853e+02 2.451602579838286715e+02 2.649069514141925197e+02
1.959510853698063354e-02 8.083728800793616074e+02 5.270123567645412095e+02 -6.644093120321739434e+02 3.146260523298348062e+02
2.957292721752777936e-02 -1.525762595909824313e+02 9.019496094464409452e+01 -4.141079219031303751e+02 6.931588076100255194e+02
4.780726020022342537e-02 2.217210851718270135e+02 1.214387435996168279e+02 -3.059443274103068120e+02 9.948036099522113318e+01
4.542697759207669356e-02 2.903921294709091967e+02 6.739124770993663560e+02 9.064279569700506727e+02 7.178040066569506052e+02
9.129960515176989422e-02 -6.402988672786136704e+02 3.094787520474622511e+02 -5.847991564137995510e+02 5.079554589676196770e+02
1.161969216572297271e-02 -1.304075144982892027e+02 1.490636970391054774e+02 -1.022262501139998960e+02 2.284713122212973246e+02
7.173812456206173083e-02 -7.004878254498531760e+02 4.087497141707315222e+02 -2.909179309013186412e+02 4.638374539620435826e+02
8.090291895443250253e-03 -1.274340677386810512e+03 7.890466325879640408e+02 1.796660458499577999e+03 1.278237426833902418e+03
2.476578770405298262e-03 4.042759828670876914e+02 6.628950486601088699e+01 8.496736827924843283e+01 9.939584479670517680e+01
3.206388777714140170e-03 2.077620459040021501e+02 6.260070809408473451e+02 1.207877819032246975e+02 6.339067880372770105e+02
4.793918869221394825e-03 -6.768619448876154365e+01 5.249569276329644936e+02 5.217075572795157541e+02 4.470443404945193606e+02
1.122325623361498798e-01 -1.546461638423186287e+02 8.834446224697495609e+01 2.291191080113568148e+02 3.318360183476031011e+01
3.177689678956787528e-02 -6.404153395871152270e+02 1.235309075801907994e+02 1.065575894154496382e+03 3.195351889508791032e+02
3.110025299508117555e-02 4.071255802820581948e+02 2.646522356283319368e+02 -1.151761952100075064e+02 1.773753153185370479e+02
4.131307965150826308e-03 -6.708998378883275109e+02 2.765903185550842522e+02 -4.391661675647179663e+02 2.655297906687960108e+02
7.211662603387691828e-02 -4.874966188046656725e+02 3.423721339317660863e+02 4.623887401982815391e+02 3.093037705940725459e+02
5.884981529099400643e-02 2.221976330604379939e+02 2.099351144244581349e+02 4.382681984161719697e+02 2.539802609737447199e+02
1.033373734420270779e-01 6.662693777133270601e+01 2.651231307710061174e+02 -2.618140985440533655e+02 3.313300641682201899e+02
1.226077969704651022e-02 -4.322248133921425506e+02 2.102132059575046128e+02 -7.829200500720078253e+02 4.141302641613445417e+02
6.759224477102092343e-02 3.208440411144048312e+02 2.981678493040627700e+02 1.599253473039807716e+02 2.430641813057301022e+02
2.565137808819308723e-03 -4.441232147826251548e+02 3.164707488715581576e+02 -1.677377661623403071e+02 2.759242566397870178e+02
1.817966620212853324e-02 -1.962796077867428224e+01 9.926679872476739774e+01 -3.153677178881025043e+02 8.852059073531708577e+01
7.598862512316398310e-02 -3.438025468283523196e+02 5.632205414833075565e+02 9.314309935756321011e+02 4.308836474231061402e+02
2.709977668595830308e-02 5.470832269220747435e+01 5.538324561936048696e+01 -8.803267096997588226e+01 7.720485809052350135e+01
4.043085763538570993e-02 -5.687086183906218650e+01 9.950737380689821521e+01 -3.683258061400792371e+02 1.324687143646478091e+02
6.142506377319233851e-02 -1.776977235925724017e+02 1.879908399599314066e+02 7.843366994921148034e+02 3.312336653472015655e+02
8.537968112322907865e-02 7.719674318497624199e+01 8.834708472711871252e+01 2.018341911013819470e+02 5.525092889254884909e+01
7.012742816793851586e-02 7.364874901714060229e+01 2.098516979099469495e+02 -3.398666097228893932e+02 1.988247563639638145e+02
2.858574614045965648e-02 3.861413526551599062e+01 1.140775464988904986e+02 -6.332357617884099454e+02 4.187506440333907562e+02
9.672894703526122018e-02 -1.607069208038039676e+01 6.626714038870795775e+02 5.354169419801894492e+02 5.412762835199434903e+02
1.805370306801815442e-02 1.231298652218944198e+02 2.383536522320662527e+02 -6.691053727678403220e+02 5.495319135466655780e+02
2.256043616338022830e-03 1.454266549215639088e+02 1.647670960863066227e+02 6.275535266340867224e+00 1.789444309575584953e+02
3.037759367570319960e-02 -4.040212802688371880e+02 2.546126186970577123e+02 8.887556770898593186e+02 3.751533032458823413e+02
6.994496460313987668e-03 -1.034557687008938956e+03 5.375509018286006722e+02 6.318517697529828183e+02 4.900477690585319692e+02
2.793692972730045521e-02 -1.609702788439235519e+02 4.968575716035944083e+02 5.048779750084939337e+02 4.530554550514277707e+02
8.350446041200282332e-02 -2.832750039614983706e+01 1.326623911187358544e+02 -6.088910063550968488e+01 2.981701520354595800e+02
8.722315976968000872e-02 -1.784659687387159295e+02 3.645184796367935860e+02 7.154075376082129196e+02 4.197006670588103816e+02
7.342015942131012440e-02 -3.037446936711558010e+02 3.092742178052877762e+02 -2.136774326264211510e+01 3.203078685832835504e+02
6.979728336857161930e-02 -6.856537492569850656e+01 3.867499927127932438e+02 5.699270958679682053e+02 6.073864961988574578e+02
1.498990709769305006e-02 2.004959402104088326e+02 1.006940331325611879e+02 4.935613490007791881e+01 1.759949686744275255e+02
1.433816483064145539e-02 6.088522325656094836e+02 2.804557126739135242e+02 -7.256076564638635773e+02 5.168060893853053130e+02
5.168046544576052580e-03 7.097889076053611745e+01 1.536113652301671948e+02 2.619607090805523626e+02 1.446824995440003079e+02
3.160643558566186839e-02 9.435661230179916004e+01 1.546084833544859123e+02 4.311168237132852710e+02 1.436164826090693225e+02
1.618653750503055988e-02 3.087300132719648218e+02 2.857654294512034880e+02 -8.517578975348829999e+02 8.140340169361007838e+02
9.600880714718859621e-02 6.346470917903822340e+00 6.628680036460836789e+01 1.574679136475367258e+01 1.104439464231553529e+02
4.812491623608874947e-02 1.366206752631596544e+02 1.104113813001367816e+02 -6.583226632122423894e+01 5.530956372133966426e+01
7.073584262412170934e-03 -5.846431637017363983e+02 2.035272127054076634e+02 1.418518895395422703e+02 2.838577836973310013e+02
6.846213795305819416e-02 2.294723840782551179e+02 2.540471170828076026e+02 -3.978986084963052008e+02 2.650820242589311420e+02
1.753316393761279735e-02 -1.656982564378566281e+01 1.658385371388581007e+02 1.280943325490419227e+02 1.876295376152720280e+02
3.979269311561040717e-02 -3.002423538759415322e+01 8.841307140010032128e+01 -8.253682870516911407e+01 1.214613676272479381e+02
9.901392934791201916e-02 3.032957944337954359e+02 1.005051747590678133e+03 7.297043191929756176e+02 5.082224835686633924e+02
1.032998951268840060e-01 1.115529310473107074e+02 7.511086493815611220e+02 4.673000639109668555e+02 9.056906441081266621e+02
2.608745593734694557e-02 3.493064265401783928e+02 1.545610663001096725e+02 -2.528417409210229323e+02 1.215912115978917427e+02
4.080009858177049281e-02 1.334329066079601205e+02 1.657440656116450270e+02 5.310152631914002086e+02 2.208574416060467343e+02
1.499834338381413230e-02 8.114111560309508775e+01 4.221109043910179253e+02 1.062065729690631770e+03 6.944066756813639358e+02
1.192514488337735688e-03 1.667430953759863144e+02 2.324740921378932512e+02 4.462647453018932708e+01 2.756923459738229099e+02
1.208208390208368767e-02 -8.836171143032032660e+01 6.683667880875029255e+01 2.799103718833662242e+02 1.101120500668033202e+02
6.268625054700552313e-02 2.168185703605265076e+02 3.865646153436720169e+02 6.415254829925835338e+02 3.203386317403500811e+02
3.811229008027271214e-02 -4.831057327363518539e+01 2.539890732694654787e+02 3.930274762952408878e+02 1.878413666359516014e+02
1.064498407799138735e-01 -1.488356800785528264e+02 9.940448133918012275e+01 -2.673831807449525044e+01 6.627655322902793955e+01
3.473158171474651640e-02 -1.186253986168619434e+01 6.629926759932568814e+01 1.267542048342495491e+02 8.834174485209305772e+01
1.027236228475259250e-01 1.958519642640607685e+02 1.546321732146978718e+02 2.017049512464026009e+02 1.325458562805541476e+02
5.786231275066554269e-02 -3.062308860277423719e+02 6.184651157901089391e+02 -1.891528761278799209e+02 1.880053053642724592e+02
6.785101072954967567e-03 -1.588637496013439261e+02 2.424289474048010220e+02 2.606823578923916784e+02 2.105160211181760133e+02
5.876061408439917089e-02 7.965603119388787263e+02 4.417775666850587299e+02 -3.274303019854786498e+02 2.430588336454751470e+02
1.424463331863417941e-02 1.085830683262621051e+03 5.737014463613706994e+02 1.049544833844511516e+02 3.545099585955900352e+02
1.361302497059483849e-02 7.939216813513139641e+02 3.531767989518933177e+02 -9.866148688502640880e+02 2.654502909503073056e+02
9.016613068686110677e-02 -4.163071223967848482e+02 6.295649757806357911e+02 -3.007925650802530981e+02 3.534795905776925906e+02
1.187015915083305673e-01 9.533746969709454788e+02 5.522981109401861204e+02 -4.208940993509588111e+02 1.115558427299946743e+03
1.852026585798798725e-02 1.442318392305345697e+03 4.754823631860777482e+02 1.985494203753733473e+03 7.507418004037429000e+02
3.594027894438239692e-03 9.489374352092582967e+02 2.418731587737097755e+02 5.280677862234422264e+02 2.111543623798852138e+02
2.282278026912503213e-02 4.636051037940701463e+02 4.639748731160466377e+02 -9.414697282085318193e+02 5.411574184028683021e+02
6.015960241256980423e-03 1.737296419355431851e+02 1.212638024782827273e+02 -1.928719186820833187e+01 9.969353479188619360e+01
4.238757590221983035e-02 -6.012289116305630614e+02 1.768408965823458630e+02 7.757482959092817509e+02 4.749044980377037177e+02
4.445380596769474280e-02 1.561541859896370852e+02 1.988052578364473959e+02 -3.397432532752702627e+02 1.325586629742092555e+02
2.159731911914403168e-02 3.660858777020904654e+03 9.938203311328582004e+02 1.266450813955932517e+03 5.527259418601790912e+02
9.631841294584637947e-02 4.263779483099585264e+02 2.319472257375848017e+02 9.055391425348976497e+01 6.628575453790155336e+01
1.856222552437200232e-02 -1.133554490460137387e+01 2.319411243864436187e+02 5.134717486437037905e+02 2.209165232273756487e+02
2.789254933017701679e-02 -7.971733836493214653e+01 1.657120662454024682e+02 -1.831778360817983184e+02 2.319279137440982197e+02
8.102890947183818970e-02 1.846962304400357766e+02 1.104519952642311011e+02 2.686067104617890209e+02 8.836357757136097746e+01
3.030881394753274019e-02 -2.461504617492001401e+01 4.639852003462208359e+02 1.000036779053401915e+03 6.626598304410345008e+02
7.191297706123825351e-02 -2.372758325943872819e+02 1.767247388606400023e+02 -6.001310806225678363e+01 1.767247388606400023e+02
9.458641091248591592e-02 1.474607270209289993e+02 2.982244956337216877e+02 -4.929077844887489732e+02 3.644935475987869609e+02
1.192906584788161126e-02 -8.082474940185843479e+02 9.953917846593836316e+01 4.507075369486319119e+02 1.877003516003299524e+02
5.816511216505410725e-02 -8.352808747092321084e+01 2.871772907043169312e+02 -2.045498206325804631e+02 2.761328308111085903e+02
9.005869335725728841e-02 2.156864586215963868e+02 2.209053849927869919e+02 -7.331052258299295943e+01 1.767254120873033685e+02
7.927619646166643094e-03 5.923471283564820169e+02 2.540314119552844261e+02 3.008987476889078039e+02 2.430073883588750050e+02
9.744702590016070254e-02 1.170014192458283020e+02 1.104526707843695874e+02 1.812331108131316739e+02 4.418191221703808935e+01
9.649261448737211574e-03 7.131741194313391929e+01 1.215267173957721667e+02 -5.189800563561410485e+01 1.767051696281404531e+02
3.044041153025197483e-03 -5.360611212731572550e+01 6.627177707273999374e+01 -2.575382391366002253e+02 6.627177707273999374e+01
4.880876897298709431e-03 2.732619403058412217e+02 5.188414398874231210e+02 2.153726404807700874e+02 2.325935609601152692e+02
1.547078017926671947e-02 4.499022251306376461e+02 1.988127373295173186e+02 1.765200592366256558e+02 1.767276569423029002e+02
7.133107036422847713e-02 1.830191951611836885e+02 7.068981260334729768e+02 9.276914585878519404e+01 4.970395076474932239e+02
8.333327510167841748e-03 1.675490488736322277e+03 7.289830964598857008e+02 4.990730039510690403e+02 7.069056083264529207e+02
9.502550197762267559e-02 -2.148501972416855210e+02 9.940764678880587724e+01 -3.917002025670766585e+01 7.731709744905781179e+01
1.995459736538733250e-02 -1.940845941558506524e+02 1.214982579666900193e+02 -4.032216788813038306e+02 1.214982579666900193e+02
7.244886181575719598e-03 -3.010023861941922405e+02 2.209179497642276715e+02 -4.378646603686299841e+02 3.755329955911764159e+02
1.080138387032450048e-01 1.275110764736051010e+02 1.435888633565571979e+02 -1.609430910893847511e+02 1.877700250735626355e+02
5.301201494979283779e-02 5.032164555330413691e+02 4.970383346773202788e+02 6.564089682856882746e+02 8.063066169635925462e+02
4.701334803344645735e-02 1.353730962578073104e+03 8.836237077481865754e+01 -8.123667118677122971e+02 1.435888494968862688e+02
5.652887372090178997e-02 -3.029916847849687542e+02 1.877706395048874697e+02 -1.391858269808296313e+02 4.086756808873162754e+02
2.537074630801405741e-03 -9.134503163322541752e+01 3.644178398482879402e+02 3.307973379636165419e+02 3.204011136330365730e+02
1.113139479630507189e-01 6.565603695601894287e+02 3.092683326652067421e+02 1.132121481790929920e+03 3.424041457213753574e+02
5.615424832038565586e-03 -2.934217563962855024e+02 1.104727774332126273e+02 5.334978806013615582e+01 1.435736053435894917e+02
2.039643790472923934e-02 -1.667501276416213045e+02 1.325561720756583952e+02 -4.605251992725594050e+02 2.540352284455826180e+02
2.249150621485469792e-02 9.856939768018514769e+02 2.209040889511158525e+02 -2.996134729695359056e+02 1.877721934000439035e+02
7.695815084173146525e-02 -4.913921578873994918e+02 1.656791224289856927e+02 1.691846166436222347e+02 1.104534421656876617e+02
6.548464758449401568e-02 -3.691836053883788509e+02 3.865844462130667125e+02 -8.471282103056761059e+01 2.761336925276298189e+02
5.559162561673389180e-02 -1.616691973673170324e+01 1.988181875271791910e+02 3.786438478771038518e+01 3.092664567888623424e+02
4.474590202331872255e-03 -2.848741984696196141e+02 1.877700350394300415e+02 5.390691672068960827e+01 1.877700350394300415e+02
5.156759286706383977e-02 3.416790677069949425e+02 5.633077197432547791e+02 -7.332796326768429935e+02 4.859957967195593938e+02
2.939926985790602271e-02 -4.942448428542047054e+02 3.865639781771994876e+02 -1.983214638218099708e+02 7.742393684489005068e+01
1.531289303649910859e-02 1.702611794510922891e+02 1.214982579666900193e+02 7.462321738423784723e+01 1.214982579666900193e+02
1.962365745817444551e-02 8.380784630573685945e+01 1.436938159664324530e+02 9.324564975403971800e+01 3.644534063373723711e+02
8.073034456092131883e-02 8.694512043343464711e+02 2.650901561832391167e+02 -4.445066326365750342e+02 4.086739815878743229e+02
1.018611892610130076e-01 5.911819184112877110e+02 2.871774659370807399e+02 9.512891317360086418e+01 2.650873625614818252e+02
2.201109920860762348e-02 1.687964676026423092e+02 1.769297611551828311e+02 -4.844301487230177372e+02 3.643952979161429084e+02
4.866389260271548889e-02 6.633870974200949888e+01 2.098810697955686919e+02 -4.141477351333558659e+02 3.203001949569397198e+02
4.595824228057679602e-03 1.843192325355016692e+01 3.458155471387220246e+02 9.849763668829983772e+02 7.890823107288546225e+02
3.890853024991072773e-02 9.525650420252975437e+02 5.742974128021407978e+02 -2.476139802390594923e+03 2.872936483768478979e+02
1.038076569035501912e-01 -9.061613681028633209e+02 4.197234862110487370e+02 1.059589966854320210e+03 4.749457637287021043e+02
1.030090831242465449e-01 1.037856118826889258e+02 2.982225595403158422e+02 2.705525679109451858e+02 2.871781547535935601e+02
6.572388199463322089e-02 1.072148323629496929e+02 4.749333672934546371e+02 -1.708608918709758768e+02 2.982458786020422394e+02
8.639976236273487920e-04 1.788110384828227780e+03 4.504442934480758822e+02 -1.244932501994672293e+03 4.806754037059097300e+02
9.968009880265370215e-02 -2.302836238581153623e+02 2.209021631210297301e+02 6.327893004694529964e+02 1.215050949066233272e+02
9.327510864984520089e-02 1.814141962179318739e+02 7.731946409593500391e+01 1.829294465404638856e+02 1.104512881582608799e+02
4.362860789092416064e-02 -2.485796088575722251e+02 3.755016827560266961e+02 3.354703310310179631e+01 2.209711690540297866e+02
8.421892071035115557e-02 -5.711051484409217665e+02 3.534485086541777150e+02 1.468499003617635935e+03 3.424051818669888689e+02
2.684489625627601433e-02 3.128665535413455245e+02 3.533072964293572795e+02 -4.782838359630348180e+01 1.549587262981784193e+02
7.258322281478005178e-02 9.795160000495544637e+02 3.755614361502749716e+02 1.684819445886210360e+03 4.970221840701819360e+02
1.040054577566192490e-01 3.146822512915931611e+02 3.755267766856329104e+02 7.402624940218203164e+01 1.657095711004719192e+02
1.237470412401695669e-02 -7.334039960331805332e+02 4.998087728295714101e+02 -2.222639765657225439e+02 8.156607424347592996e+02
3.153924489060143388e-02 -1.390904649059596068e+02 5.856447800852688488e+02 -1.119657156383303942e+01 7.729858664829247346e+02
1.130164015849691173e-02 1.002909937752969313e+03 3.194838355853041207e+02 -9.089602038449926340e+02 2.111216643257824330e+02
1.695939666442051671e-02 1.637368959408628299e+01 4.446895873078675265e+01 5.175015333683587571e+00 8.821789571042275213e+01
2.211495351641991954e-03 5.564875014567589773e+01 1.322398677297646543e+02 -8.949783701979430361e+01 1.786673929178951141e+02
1.999215548766005920e-02 1.063257894924115021e+02 6.398314556419269366e+02 -1.327390700647660196e+03 3.109111884383214033e+02
1.035884906882069412e-01 -2.152222145848109562e+02 3.755802187083480703e+02 3.553421492115350588e+01 6.185122082752303641e+02
4.789093521481271702e-03 -2.815415324982195244e+01 8.307639050142334725e+01 -2.601105228410496011e+02 1.403353166344206215e+02
5.280608549575516869e-02 -7.235018375334922212e+02 3.424573575349739372e+02 4.963124991949513287e+02 4.307242775198027971e+02
4.544871400587754268e-02 1.399181287418748525e+03 9.939372783660350024e+02 1.589857929490556216e+03 7.843926724035046618e+02
5.842973717939558415e-02 4.960469382806012391e+02 4.638549585751194400e+02 7.896556332772930773e+02 3.645551960791477768e+02
1.099761964908731321e-01 1.272510912577130568e+02 2.098533329513036279e+02 2.846293300976897456e+01 1.546440456190467501e+02
4.937647518314060291e-02 -1.210588539370873349e+02 5.536951639395215352e+01 -1.974229479121505904e+02 1.545829877798961718e+02
1.229845242180126613e-01 -1.354777609630296183e+03 3.645218486210006859e+02 1.996293947519838241e+02 5.412012777805794030e+02
9.888551091742013577e-02 -7.709656103149366118e+02 3.534691456789443009e+02 -5.141781804823231141e+02 4.417961120674917197e+02
5.942052821440562543e-02 -9.529544261444864333e+02 2.767452852553766434e+02 8.327246166109326850e+02 8.171446068398632860e+02
7.363521618938094829e-03 -1.867005512271320526e+02 2.977850627320949002e+02 -4.401678210602673857e+02 2.876317854481638392e+02
9.185724699021648176e-02 4.495745673713234964e+02 3.202976857159666793e+02 -9.831014698707681987e+01 2.540618630230642339e+02
8.605502654757407610e-02 -3.555350121072382308e+02 1.988435213643645909e+02 -1.671160277461704879e+02 2.761121053794557270e+02
8.194363205782756801e-03 1.634692519250887699e+02 6.627177707274000795e+01 6.551623482837462120e+01 6.627177707274000795e+01
8.455983535374117510e-02 4.655491209968946009e+01 4.419036139711239031e+01 2.044988965760568362e+02 6.626565836695986889e+01
7.205308346258336438e-02 7.379924439357638732e+01 2.541112590386020997e+02 4.483012419246335298e+02 3.754930819148160026e+02
2.064132400591834129e-02 -1.361017899468586734e+02 2.479363171301464490e+02 3.872464414475479089e+01 6.941089284215266844e+02
1.087806940426135245e-02 9.062624156363528982e+01 1.978094998707498746e+02 1.269712415011048137e+02 1.449713613985188374e+02
3.045914953110654896e-02 7.454381980995227650e+02 4.195527173362438020e+02 4.094558069642822602e+02 3.536495191613955171e+02
2.208524921317222417e-02 -7.653758700065165499e+01 8.849356469232837696e+01 -5.460868744110804585e+01 1.103478776737656517e+02
9.118057587234520978e-02 4.680380483201858510e+01 1.546378468504475165e+02 1.934439429207049272e+02 1.656759889469678058e+02
4.848575678955865248e-02 -1.613732719691718103e+02 2.760848717747611545e+02 6.955430858707205743e+02 2.320077945263939228e+02
1.655598812779775220e-02 8.254297209026370865e+02 3.754291693611044138e+02 7.551798276857160772e+02 3.646090004760299053e+02
9.269790437303077058e-02 1.929445371702292675e+02 2.761080180186178836e+02 5.248787830739825466e+01 1.878058924602341051e+02
3.642058344818752819e-02 -4.574951316863972579e+02 2.538335267328519649e+02 2.152832829649036341e+02 1.329420052245092450e+02
7.465971101183861702e-02 -4.185799237757713058e+02 2.430027535137152199e+02 -7.342274954897080761e+02 2.540358455843369541e+02
1.196433497928489631e-02 -4.068494525359816407e+02 3.047587353914252049e+02 1.429564776212305787e+03 5.153192263424801922e+02
3.185093520773191449e-03 2.497239601632538779e+02 1.953702344633135226e+02 -3.488976006989954612e+02 2.422753273064369921e+02
7.841432629373586150e-02 -8.541374481571351680e+02 3.092997774168923684e+02 4.161355246822648155e+02 3.644680575156667146e+02
6.577057927818537320e-02 -3.820440839970742530e+01 9.938686906130632792e+01 3.753855383090005216e+00 6.630296129451782861e+01
1.043611835177773034e-01 -1.791599578152661252e+02 9.943451182975812230e+01 4.877449395851018039e+02 1.656633319911161095e+02
1.581458159797393889e-02 4.109795323695625484e+02 2.092234612157988920e+02 1.525582488386525881e+02 1.554951622175995851e+02
2.268778814583308906e-02 -1.154147430701356996e+02 1.103844676153708946e+02 -4.537298346594392129e+00 9.948371755640755509e+01
1.675669320678522048e-02 -1.189373033348949320e+03 3.959344203546244216e+02 -8.392657686806778656e+02 2.239319217060553058e+02
1.880665276810410472e-02 3.780892395539996187e+01 4.092540266916649898e+02 -1.656394497118963500e+03 4.633925486769328472e+02
3.677005893274781778e-02 -8.778900649217204943e+01 1.987358955684050557e+02 -1.102853916990651584e+02 1.657747190237491282e+02
9.569671066906380863e-02 -5.200696225724279884e+02 4.197043043623788208e+02 -2.045216297659294469e+02 3.755590138185921774e+02
1.227305391397854051e-01 -1.905608818327556833e+02 4.418118471516000767e+01 -1.309434754037590380e+02 4.418118471516000767e+01
4.213297605761730236e-02 4.212460030742890638e+01 1.989693120238733570e+02 -2.806360433297772374e+02 2.539212301116079686e+02
8.085681841358531574e-02 6.952958463276761449e+02 1.988081306133537964e+02 2.658909216538967826e+02 1.877776589164509176e+02
3.348337157003690705e-03 1.635294452472322746e+02 5.019910313069268000e+02 -1.401488017919271442e+03 5.420577425654664694e+02
2.984882188751812951e-02 5.663367849136002974e+01 6.679087237853244119e+01 2.193376501966316710e+02 1.322827333736695152e+02
4.310431010965012216e-02 7.761403903559551054e+01 7.723187395073099424e+02 -1.018590319472966428e+02 2.894611856084819692e+02
5.246567498913370931e-02 -2.157747510285898898e+02 2.546250290507880720e+02 -5.126963355915030434e+02 4.856877226214043617e+02
2.953543788604173076e-02 -2.235993033337911982e+02 5.522648089395001136e+01 2.003663833772970122e+02 5.522648089395001136e+01
4.810140370797372916e-02 -3.457722480430321639e+02 2.650871082909600318e+02 -5.198320670246490636e+02 2.650871082909600318e+02
8.357987273868965061e-02 -7.081279786351880148e+02 1.657373005198780902e+02 2.619266940391208323e+02 2.319098818278215788e+02
1.647257688625456545e-02 1.001235479728052127e+02 1.550776343703106477e+02 -1.151126056412817320e+02 1.763357023072738059e+02
3.267295859971425590e-03 -1.028235792308003283e+03 5.705558878656985371e+02 -4.040977790236826763e+02 5.751680388591518067e+02
1.114659170362535950e-01 2.162689773707240022e+02 1.767349901167764585e+02 -1.277272101064411203e+01 1.988062185174168235e+02
8.239954570633369058e-02 1.290121361669812131e+03 5.301076179733723848e+02 3.070063781783503600e+02 4.418917532364216640e+02
2.754625295913357488e-02 -1.732462200945680308e+02 6.636005577699478408e+01 3.759699156472387926e+02 7.724131828131591249e+01
6.990178726058951519e-02 8.083499181547983881e+01 4.093304606117535513e+02 7.149216366076702798e+02 7.838746027434339112e+02
3.638014686590194252e-02 -3.044452114493275872e+02 8.847522089848092719e+01 1.724410153772535352e+02 1.103625859882988749e+02
6.370397088317425287e-03 -1.557066826873587786e+02 5.698178885458661398e+02 -5.752054791403613763e+02 4.935351072958196141e+02
5.893473410723211285e-03 -3.816205610941643727e+02 1.822079950245761779e+02 -4.694859382705067219e+02 2.763240132946164067e+02
1.231783603881691086e-01 -1.904857528065995496e+02 5.523171938531903180e+01 -1.096311606348272960e+02 6.626741131242525285e+01
6.651774361127826829e-02 -3.528525137075452562e+02 5.189425284505855416e+02 1.347972910599979173e+02 3.757975949884029205e+02
6.394798942126402042e-02 -2.434641131748859095e+02 5.524641608228644429e+01 -1.156097983385597132e+02 6.625515933398436630e+01
1.960300589653113379e-02 7.987416318531141997e+02 2.004477902684230344e+02 7.363146385516408827e+02 2.749496755811188109e+02
4.655403734467306216e-03 7.534436469929933082e+02 6.381717628362430332e+02 3.989536681929106408e+02 5.230782038327503187e+02
3.694493184000583949e-03 -2.101775707214063402e+02 2.860349709081499441e+02 -4.334325930267789317e+02 2.902137936525992359e+02
2.242799865127826156e-02 5.096101635446264027e+02 2.967497688254982791e+02 2.991669506479287861e+02 1.791875103461411811e+02
2.983980427280849904e-02 -1.028871071238605168e+02 1.552161959228909609e+02 1.491964799701200093e+02 2.094305009291226725e+02
7.046928559685189733e-03 -3.965719548858081680e+02 2.623677464522143055e+02 4.455186323201244818e+02 1.965805273804951980e+02
1.077703840797558238e-01 -1.438989776410298873e+02 2.319362359118605639e+02 -1.758267118941788283e+02 2.098771872980637738e+02
1.253638180340704011e-01 2.637489642546222058e+03 6.186662707424233076e+02 1.358086304477599924e+03 8.283003663318944518e+02
5.252447906904246511e-02 -8.604932111642003179e+01 9.944286326975688439e+01 6.644461746027053550e+01 1.104212737396393607e+02
8.950798307288980460e-02 -4.296514814955181123e+02 5.300358583836751905e+02 4.881900427606833546e+02 3.757353230540994105e+02
1.020247040919485156e-02 -1.179841567416274302e+02 1.370732408439801304e+02 -4.538924888319970705e+02 2.459877957027617867e+02
1.130843712469595391e-01 2.714555170834087789e+02 3.423831551479778454e+02 4.206266887710203264e+02 3.092915706378328764e+02
3.062264254632957820e-03 4.752850302374525882e+01 1.729657642511954236e+02 -1.754598300920042959e+02 8.539559437432212974e+01
5.212396873299856431e-02 6.081505401538409927e+01 1.104175756217311886e+02 -1.797411091358388830e+02 9.944696950330465768e+01
4.834314753313436082e-03 -5.254389776197249518e+01 2.016475844231507040e+02 -6.562110720024477928e+01 2.241142222524422891e+02
3.410228090261166120e-03 3.750250568331469481e+02 2.063062189979988261e+02 -4.765853386583028168e+02 2.625727229925152528e+02
1.099418984141534994e-01 1.023888977399537225e+03 4.861124866464751904e+02 1.525357455056528806e+03 6.184427100266472053e+02
1.203759516192437762e-01 2.719900937830965049e+01 1.549213336498569049e+02 3.864958912899491850e+01 3.975188591180570938e+02
5.598848307724758021e-03 3.821770151017964849e+02 2.555360211465385021e+02 -8.495121056468630627e+01 2.934306807135074564e+02
2.446743891772344345e-02 1.682689712964829312e+02 5.059327007522340978e+02 -4.608860076413860725e+02 3.565215348558013488e+02
6.694259065292158112e-03 5.652467810716865415e+02 4.140808024247936032e+02 -3.587158514377248366e+02 3.356661335068250196e+02
4.418117820785689293e-02 2.198238274033721495e+02 1.433569214267048437e+02 -4.574536209624189809e+01 8.873815046440597598e+01
7.810275521415223701e-03 8.259979024051374381e+02 2.786197255473209111e+02 4.643048313733839905e+01 2.421640944305330549e+02
7.724057485951704716e-02 -1.804302615618655992e+01 6.402326698865291519e+02 4.826565635380340780e+01 3.541635827940099830e+02
2.548308748047590014e-02 -3.528210703022672590e+01 7.714897844614988287e+01 3.312168102229711764e+01 6.646738581648077115e+01
4.304086756655871315e-02 2.017847684132458497e+01 1.215656773742448280e+02 2.500707067631495875e+02 1.324817214524221356e+02
1.155921894895785423e-01 -1.029328393583710522e+03 2.982138778767975396e+02 6.489835499192288353e+02 2.871871700270377232e+02
8.507989033809759682e-02 3.238542769025274879e+02 6.402123073853507549e+02 1.178408863388575355e+03 2.770929229277572858e+02
3.103865522260149459e-02 -1.086508499279926241e+02 2.540418121121700779e+02 6.373562145120127980e+02 2.540418121121700779e+02
4.121809623461138335e-03 -9.600081961208736914e+00 7.731707325153001875e+01 -1.304017485209735696e+02 7.731707325153001875e+01
1.143761709035058527e-01 -3.397719654088830339e+02 1.436503159249913324e+02 4.695858186676726973e+02 1.987709249349771596e+02
8.105061938097030128e-02 -2.882329730938249099e+02 1.325884940426206811e+02 -9.614327444566679048e+01 1.545956152604451290e+02
8.701173155578759491e-03 -1.044930216271459926e+02 1.686245230241348168e+02 -1.026096415479871240e+02 1.325112457461055726e+02
7.710675929339803891e-02 -3.141591920081540366e+02 4.196500747388823243e+02 -2.422775806169576640e+02 3.866626331856733145e+02
9.757645387855130859e-02 1.157633155012845464e+03 2.097918625677418731e+02 8.223920947449427103e+02 1.547274267754563652e+02
6.673478028584958754e-02 3.864229622391923158e+01 3.976306624364400477e+02 -9.775978732550314589e+02 3.976306624364400477e+02
2.481795010993699882e-02 2.392832391340883760e+02 1.427428126216622672e+02 -4.434063519088407475e+02 1.006187426086973034e+02
7.065982023828093483e-02 -2.411531704571070236e+02 2.324383908731493307e+02 2.794781248676488303e+02 3.641842981162235446e+02
1.232422105714368887e-02 1.057940646259972439e+01 8.572057162886903825e+01 -1.193214854919455661e+02 5.924403871184096460e+01
1.463779452294078874e-02 6.766695075847858789e+03 1.954622919719495258e+02 1.951805973212998424e+03 1.481208502606182833e+02
1.211312247398135394e-01 4.550311698999038867e+02 7.066018081195057903e+02 1.298706605626684052e+02 2.989263685336264871e+02
6.282847780002985549e-02 -5.502835507812766309e+02 6.727141957097575187e+02 -3.061529826920437927e+02 3.005814981898965357e+02
9.855324659806086879e-03 3.882089694945668157e+01 8.390472808351029244e+01 1.586481733599575534e+02 6.178890781121136655e+01
1.540160113231660820e-02 -6.547917088838721611e+02 5.700997516478313401e+02 -9.840228900986053304e+02 5.128541404484819850e+02
9.138594243537986883e-02 -2.310449218932414439e+01 2.209059235758000455e+02 -3.389584289532985508e+02 2.209059235758000455e+02
8.303415932265875710e-02 1.368901784496759319e+03 8.055407196451444634e+02 3.935734431439094010e+02 3.881787752439664132e+02
4.177761738101762323e-03 -3.289595412630234250e+01 2.001322559868410735e+02 1.895887440322212001e+02 2.530056488346913852e+02
9.376733216735601631e-03 3.812263175144042293e+01 1.635766986663208797e+02 -2.335272860597775093e+02 1.568568157445697580e+02
1.389613699544897142e-02 3.790359330898592702e+02 2.120189906598606342e+02 -3.209419103581274157e+02 9.912267392798489141e+01
5.946501299532415408e-02 -1.435041370962548797e+02 3.660130117219158592e+02 3.932884200912357073e+02 5.955155235570359764e+02
2.024305213321669905e-02 -4.833465521773102864e+02 3.223408943717108173e+02 9.444556700786611145e+02 3.627031615972323948e+02
3.628732436819399887e-02 -1.570992063283494815e+02 1.211088242425068984e+02 6.424417583478410165e+01 8.889537508148708866e+01
1.406079492463747568e-02 -1.370910220215503159e+02 2.853209003177920522e+02 1.238263898354511809e+02 3.573479100828118362e+02
4.158352763279998116e-02 -9.409914720292297829e+01 4.181833263586299836e+02 -1.048167795325860112e+02 2.347126021907225208e+02
1.061881336618209493e-01 4.291117826090506071e+01 1.104205989917913087e+02 1.834060516261824318e+02 8.840280774587238000e+01
1.011534714477726471e-01 7.086085381586330811e+01 8.868937416058648182e+01 2.952755428768344359e+02 1.986696735029138665e+02
2.358052343349512775e-02 -1.426137012789416190e+02 7.667364210916514367e+01 1.117025283261038879e+02 5.611636671977204571e+01
6.512179586977318024e-02 6.750704325555077503e+02 2.429472858529123869e+02 7.479493895132164880e+02 2.320027831688810522e+02
1.048789731404199954e-01 3.907160540324538829e+02 4.745791950487057420e+02 5.456541451907021667e+01 1.777120496404614300e+02
2.832934714608827467e-02 3.935062389486432721e+02 5.628341312604482027e+01 -4.427085502606863798e+01 8.769292976148729224e+01
9.579310774021006225e-02 5.571556053720097168e+01 5.305897728192917384e+02 -5.896898688516068887e+02 6.955368487856010233e+02
3.987771778653189519e-02 -3.026458493462489230e+01 2.555361100849424361e+02 2.237232958649454702e+02 3.523706458338107836e+02
1.811445597545128378e-02 -6.645538331774926633e+01 3.990043489836993444e+02 4.338259641746016086e+02 2.175755146370613318e+02
2.475700336280696121e-02 5.216848653029597926e+02 2.133498938344653482e+02 -6.601660120537644616e-03 2.957368113187175709e+02
1.168282400483281608e-01 4.567465686746551796e+02 3.644332198706926533e+02 -2.207703715186017916e+02 3.203836198554193970e+02
5.056559634062276348e-02 -1.064004977527823712e+02 1.583926425469353489e+02 2.613168498136822677e+02 4.072339980917677167e+02
1.209891532314050500e-01 3.568852976481640553e+02 1.987853293967246202e+02 6.594352994036330529e+02 1.767584851411881175e+02
4.135603235278328266e-02 1.277185847577868287e+02 3.418921370040430929e+02 1.197246557162525733e+03 2.988098827503281427e+02
9.866272534482708675e-03 1.953712588248692441e+02 6.073321000269838805e+02 -1.105781055197236583e+03 4.093597712934568449e+02
6.866146537113919368e-02 1.544600897088285762e+01 9.959581972582704168e+01 1.830500997723089540e+02 1.324022296659274218e+02
9.328761060043582604e-03 4.570663520083986668e+02 3.261149084534565077e+02 6.217357456302596574e+02 2.951928095676142902e+02
3.423443310225532388e-02 -2.366532548424705737e+02 1.160681864436855761e+02 2.166091746283541681e+02 2.738195348430034528e+02
1.725547571793913798e-02 8.586132782832290786e+02 5.900806767548812104e+02 3.126998440427428250e+02 3.513563113998803260e+02
8.113126290005326369e-02 -1.281559063842273360e+02 1.547181816919796802e+02 3.954970751594581770e+02 1.766511727784981929e+02
4.375119942847945781e-02 -1.164905445949796672e+02 3.546619826295080316e+02 4.030703657233923423e+02 4.408391085898131792e+02
1.902936703067353852e-02 8.877008058003619908e+02 4.464730389633982099e+02 1.073743210126924396e+03 3.506879542869013449e+02
1.902562790897684500e-02 7.856209739261365144e+01 5.204522655991688680e+02 6.769901126526169719e+02 3.676148425490877116e+02
2.139864830506776894e-02 5.774912060844300186e+02 1.967729696525509553e+02 -2.117988011262522150e+02 1.572248504729981846e+02
1.230538443436638707e-01 -3.172410456080991707e+02 7.735712081778970628e+01 6.953639467159092646e+01 9.937650455121159609e+01
9.595475840651945809e-02 -7.645763135087099727e+02 2.650871082909600318e+02 3.638382373070513154e+02 2.650871082909600318e+02
9.898554207581740372e-02 7.785053038271381354e+01 1.676419876378927540e+02 1.003979772337700297e+03 5.406148376627536436e+02
1.090370681750467245e-02 1.054418227757288378e+02 1.179991709700327078e+02 -9.605208389429124338e+01 1.374547574860540067e+02
9.561266846889213133e-02 -4.057489693437113942e+02 2.320483881333880163e+02 4.991174326440508224e+01 2.650020545060015706e+02
8.248039213632646360e-02 -5.661547973595759231e+02 4.306867793270341735e+02 -5.185074595509993856e+01 4.087600258097585311e+02
1.150588826611810139e-01 2.278921126408316127e+02 2.098606273970100347e+02 4.901734972419204155e+02 2.098606273970100347e+02
2.737471703858134278e-02 -2.795162591155618088e+02 4.882917245859158584e+01 -1.998494510467504597e+02 1.197059551099466574e+02
1.764389304069848702e-02 -2.597923504961882486e+02 4.014267469681109333e+02 -1.925896872297316520e+02 4.383656222969032683e+02
1.114756687728229168e-01 2.320743708684710498e+02 4.195769357210079420e+02 1.369618936305110140e+02 3.425810127176027891e+02
1.038231942808827066e-02 5.045850077947497994e+02 1.717158854460848545e+02 1.678100846675327773e+02 1.601780486694675574e+02
3.956432132845929400e-02 1.281382922325674940e+02 7.138233648926918704e+02 -1.678956282139562575e+02 4.049818463574111433e+02
5.898618234279796868e-02 1.446028045194826177e+02 1.556249265888837670e+02 -5.701826538159118627e+02 2.534360743662383015e+02
1.052822160898540631e-02 6.268307496885850014e+02 5.419246086397965882e+02 -1.111221901244524304e+02 7.666533571427983134e+02
7.906759319622518045e-02 -4.408181512524688372e+01 9.940766560910999772e+01 9.048092585829537882e+01 9.940766560910999772e+01
7.818954634673462578e-02 -4.335358828421454405e+02 1.553687744335413470e+02 1.200531743329225236e+02 2.757197272485137773e+02
8.784439128555480980e-02 -2.549138535525538884e+02 6.618516808212159219e+01 -7.664816635121025001e+01 3.330854351986889128e+01
3.213617558974633803e-02 -4.969304670893826028e+02 1.534407635843705577e+02 -5.766208623376623166e+01 1.012399887259366125e+02
8.355489097781242103e-02 -2.463728157763795821e+02 1.215437730404854761e+02 -3.282378423468800577e+01 1.325018176084354877e+02
1.577005337089923409e-02 1.926837222803135546e+03 8.949815925131778158e+02 -1.026326227749851341e+03 1.490722796052671811e+03
4.010299970140972226e-02 7.388353968710521258e+01 1.544501094975764204e+02 -1.747757410843380512e+02 1.437867896517691690e+02
3.408354330220542128e-02 8.678947154537543440e+01 8.895460800404862312e+01 -1.509632697291431569e+01 1.099765557466940464e+02
5.610695828139518511e-03 2.463627283679031734e+02 2.738943320060689075e+02 2.543369671214758228e+02 2.564531964987569950e+02
5.143273051545008134e-02 1.074557141286171102e+01 6.672324583248551733e+01 -1.495294787378587955e+02 9.910520109363224606e+01
1.247057298771283435e-02 -6.205643764544282703e+02 1.709584163079563552e+02 3.799869792980924217e+02 1.504081485700908445e+02
3.105523529773393521e-02 3.473973420320123751e+02 1.557571298997014253e+02 -1.564760008944998333e+02 1.868395616801917072e+02
5.480140115778497564e-03 -4.650460755689868506e+02 3.110335488293430330e+02 4.922184508327278536e+02 4.516465441325832444e+02
1.212338349973723639e-01 -4.470235671166656175e+02 2.098606273970100062e+02 -4.263641615284146980e+00 2.098606273970100062e+02
9.058351760855538892e-02 7.685227388193335401e+02 3.093985829153663190e+02 5.608867242285043631e+02 3.422864553070498346e+02
1.619922903724862681e-02 -5.547070198592075485e+02 4.776014394246540178e+02 -8.537827424815790778e+01 4.184520656331158648e+02
4.831928648748708144e-02 2.806272787188601114e+02 4.951971690265557982e+02 6.045241815897657034e+02 3.341041368254429926e+02
2.872325026416555280e-02 -2.168743172782457407e+02 6.672285879115803198e+01 -9.701724973932935825e+01 7.692813768249295947e+01
2.173397524329811689e-02 9.090724538382103503e+01 1.840982575465947377e+02 -3.594550883740993754e+02 1.269930876699862097e+02
1.589325838999091148e-02 -1.819246617938884185e+02 2.606164101960134190e+02 -6.378015992923136679e+01 1.349447128146987609e+02
9.866819871702632583e-02 8.990159673958395103e+01 1.801961099200574097e+02 2.754774911689592045e+02 6.396594226313852687e+02
4.706581321455511474e-02 1.515661539125743275e+03 2.870181772622482868e+02 -3.328873943091930414e+02 2.762982129313990640e+02
3.204810358107824247e-02 6.229872584199171115e+00 3.648541472601715441e+02 -5.553245802817829144e+02 3.751909322762898000e+02
1.152396915416132872e-01 -1.656634983566726476e+02 1.108644846319596553e+02 5.605447709676606109e+02 2.206996825686129000e+02
2.964662741955395239e-02 -9.328682765704518260e+02 3.203135891849100290e+02 -5.859039854899190232e+02 3.203135891849100290e+02
1.177875704940999912e-01 -5.056036019085864268e+02 3.090172593496262152e+02 -1.638040186604863493e+02 1.771633252350119392e+02
7.151280895355720431e-03 -6.027913575477300583e+02 1.862535359539240574e+02 -3.314953550624255740e+01 1.480437629448734356e+02
2.179538139828074081e-02 -2.599408258306804953e+01 6.084360927478423520e+01 -1.123933309798394049e+02 1.074610448956574942e+02
1.366152826645295609e-02 5.277432049914552863e+02 2.067836526706421125e+02 1.481694729908610668e+02 2.621968951859302024e+02
9.351150744516492641e-02 3.007100534445719404e+02 1.214191502604240611e+02 -1.090873877038980169e+02 9.950427438471953678e+01
6.244366799655874829e-03 2.776347798269031273e+02 9.096967857421337555e+01 -3.607719233968604158e+02 1.887961915502900183e+02
8.217299488736637403e-02 7.440781342358003485e+02 2.803712034820151189e+02 -2.515547737901137566e+02 7.273698191828864310e+02
3.300575212742776210e-02 2.548615069303366454e+00 1.889512033316838142e+02 -1.962846604218974278e+02 2.198964662951513844e+02
3.108695029717352051e-02 -6.462005650446695881e+02 2.646822566809595401e+02 2.827931951340942760e+02 2.544635932340281101e+02
1.999747564863212784e-02 4.821294780823473047e+02 5.263286795936022600e+02 -2.598290432133920831e+02 4.901551264534051597e+02
6.213349111462038339e-03 1.997957448554993107e+03 4.715527510444952668e+02 -9.243625923731880221e+02 5.792559477210156729e+02
1.772222232930488472e-02 -5.437052142349928090e+02 2.626705712975988831e+02 8.650346729150287501e+02 3.132765690120272666e+02
1.755582095033741269e-02 -7.155343191838054508e+02 5.557679684480231117e+02 4.711986208474572209e+02 5.054575544215874743e+02
5.601541855342039716e-02 -2.613979599173550014e+03 3.844785997469029439e+02 -4.256966618070229060e+02 1.175768196071893925e+02
4.049470691308031806e-02 -8.016406378794435739e+00 9.967214179755208647e+01 9.301752757798664106e+01 1.102143588606339648e+02
2.778657105791174781e-02 -9.110679511012691592e+02 6.241045202376918724e+02 1.549628653891175531e+02 1.010646814176751604e+03
6.929170059982027452e-02 -3.228953879592868361e+02 4.046405132039546970e+01 2.090565770674926682e+02 2.640678371969943328e+02
9.886198349300141797e-02 -3.011321023133195141e+01 1.456717404636109450e+02 -4.840046078424614961e+02 4.190029041589266399e+02
3.222591972484440542e-02 -7.035268172024503031e+01 6.778408133429812210e+01 -3.850430869674799510e+02 9.838267497835602171e+01
1.854172387423815016e-02 -3.620518275194915532e+02 1.980719813384891381e+02 -1.831210254955746279e+02 2.574805842183389473e+02
6.477657966292324487e-02 -8.924460730855746533e+02 2.207098080137524789e+02 -8.031566872093384291e+02 1.990330214934704429e+02
1.245095428456308301e-01 -3.561335892575785351e+02 8.833560904081095089e+01 1.636340689376389150e+02 7.734764587828003357e+01
2.351026168863578486e-02 1.178252785064261161e+02 2.938263599171140186e+02 9.258909623287464683e+02 2.374960934419225111e+02
1.189645883591265857e-01 -4.815179809302321701e+02 2.318100755310864827e+02 2.221882642580234801e+02 1.769098373558562969e+02
1.051323925604239068e-01 6.519255148606816874e+01 6.631638613573156249e+01 1.194579513502546746e+02 7.727881457720451408e+01
1.742632002883566164e-02 -2.374381317010146120e+01 1.130959488774269914e+02 -4.327365714275499187e+01 1.682938610131946291e+02
1.193857936777507345e-01 3.891142993628755420e+01 3.311329239774679536e+02 6.924359989517949288e+00 2.433043450564900638e+02
9.260763733029492295e-02 1.213532401088875190e+02 9.935617645340613535e+01 -6.415006064863807467e+01 8.842026076501140608e+01
1.501595356309390339e-02 -1.912758584963131625e+02 9.742035456372560986e+01 -2.809706766892919632e+02 9.054869866470183126e+01
7.116385978074520058e-02 -2.028219833607423084e+01 1.873713626752106620e+02 6.463009838205077813e+02 1.331065447431464293e+02
1.161310496213981414e-01 1.185207794763439182e+00 5.519490869134118327e+01 -3.048850742329921673e+02 4.422062108699314109e+01
1.413144223943948660e-02 -2.743381225573111237e+02 2.133777142840819465e+02 2.728295242900614426e+02 2.686979137533299991e+02
1.430023624473588523e-02 -4.870561662861869650e+02 4.719686362302495013e+02 2.975707288949992630e+02 3.964204159244797552e+02
1.749949763845408054e-02 -3.704030108550159639e+01 8.466853295280220948e+01 3.121039898501447283e+02 1.453784964454132478e+02
1.091706595596498297e-01 -8.815753095362683212e+01 1.544943317401055083e+02 2.760877404187126558e+02 1.106484409859776008e+02
7.435857020200670707e-03 1.938895286924934567e+02 3.043922383563191261e+02 3.401227469981923832e+02 2.524827300838440749e+02
1.111699684330702265e-01 6.848036492202288628e+02 4.087994821491172388e+02 1.783101321113774020e+03 4.416975558322682218e+02
1.634658273516783125e-02 -6.103679652743342103e+02 1.488229959544039787e+02 2.161885791308155262e+02 2.272902314659766034e+02
6.719861561436082237e-03 7.209092713529694265e+02 9.686010508593694794e+02 -8.836517725984729168e+02 4.709292789250591227e+02
1.014895763260194456e-01 1.508877242053683858e+03 4.308154138766766437e+02 -2.937477978970222807e+02 4.417642005491020427e+02
2.674468500411961505e-02 1.948935356003427728e+02 3.240724836284192065e+02 4.237438387333272090e+02 3.723011751341411468e+02
1.094528572431932231e-02 -2.568105007789865795e+02 1.130864511264216361e+02 1.591659151598337019e+01 1.210831627394984764e+02
8.586576659080102925e-02 3.936903579105208451e+02 4.633523070842772995e+02 4.236860265945064157e+02 3.651938568797526727e+02
1.487736345943321652e-02 6.961949659101355792e+01 5.862424438022455320e+01 2.154210659770095617e+02 9.930277865025605877e+01
9.389416945642399537e-02 2.392389468516805948e+02 1.656228866233006158e+02 1.440915078022957516e+02 1.546947200736455841e+02
1.174078660494167793e-02 -1.955067650905147048e+02 1.210034346550025930e+02 -3.907140148628403153e+01 1.383899275535433731e+02
5.425378773083704143e-02 -1.934174214340054618e+02 3.437833589043436291e+02 8.034445723440424558e+01 4.185923523000586215e+02
1.078545847391468304e-01 -2.020058938099901127e+02 1.554018186595397424e+02 -2.073145600929216528e+02 2.867630132562772474e+02
4.483938402511743193e-02 1.956305176059326811e+02 1.107276450380409472e+02 1.471346924844115165e+02 1.212479776366981810e+02
9.189035635150118175e-03 2.870791535534099808e+02 2.380379112685564280e+02 -6.749014609725256264e+01 2.254300133578266241e+02
5.465907085578330243e-02 -2.447342419731192820e+02 3.969571192206633441e+02 7.418525404696117675e+02 3.542057629558275380e+02
7.723941060299706340e-02 1.975101432648034461e+02 2.757963154073913756e+02 3.334039762640923641e+02 2.323507382204637111e+02
2.490887720773690348e-02 3.540149082627419119e+01 4.936742813303710165e+01 -1.307779606472279852e+02 1.273916712118180214e+02
3.151872315227823018e-02 -6.263707683824031847e+02 1.649874728041851029e+02 -1.319881810259939527e+02 2.926222973717003697e+02
2.965853825812430136e-02 -2.919341665229584351e+02 1.000788264177723050e+02 -7.860760035528137450e+02 1.098452058690470921e+02
6.289659129149899330e-02 -8.275293886348422348e+02 2.644494595432066149e+02 3.883650680342882993e+02 2.106635736448894818e+02
1.664017839109558500e-02 7.248087074152393825e+02 1.776435371105092997e+02 -7.465935236130178509e+02 2.385198844726201628e+02
3.192018952704599177e-02 2.431792517534289573e+02 1.050520296170180217e+02 -5.834420249530819547e+02 2.589269286627960582e+02
1.762722837918255861e-02 3.346935265730695619e+02 1.598477060694546594e+02 1.324795016640374570e+02 2.378103170829308795e+02
3.115687244186738161e-02 -3.041510993275075236e+01 5.146994878065096373e+02 -3.644744200175911431e+01 4.360494177127707758e+02
7.389028785170336476e-03 2.015304474883595631e+01 7.765901568207371497e+01 -8.000564642446605035e+01 8.806199765400646129e+01
1.106135774742006278e-01 1.947197225293891165e+02 4.307188954482626286e+02 3.276585564568532618e+02 4.197701588568510260e+02
7.967202679580701052e-02 -4.893094823702696772e+02 2.207287734776546699e+02 -4.031672082649532740e+01 1.990119884764180824e+02
7.332187299355638621e-02 -1.695172525884461265e+02 5.534867851357643076e+01 4.206807590557851881e+02 6.616975453414904962e+01
3.678928219364910324e-02 -2.431802006832905136e+03 8.398873187759920711e+02 5.117011459719149684e+02 8.500485435672596850e+02
6.948758835043687687e-02 -1.608500838118468891e+03 3.839103938705968062e+02 -6.699233958071845052e+01 8.356475815895270216e+02
2.368120329700785717e-02 9.019747428168527676e+02 2.403395215307411092e+02 5.011082117887949039e+02 3.634098040726017302e+02
2.300527849973158304e-02 2.631348063159431376e+02 2.506725059868817880e+02 -3.395034623164026470e+02 3.633111714807762382e+02
8.695139737758053600e-03 -6.799612311423373967e+01 2.150622522158450636e+02 -6.572575841669658985e+02 2.051223797398421027e+02
1.172376037058667046e-02 9.551058509334950486e+02 4.153354344110608736e+02 2.649296323091425620e+01 4.131324821392277613e+02
1.257213302116541864e-01 -1.037750462062430643e+03 4.191174189536765766e+02 -1.230349069107448372e+02 1.781520535408909609e+02
4.441998744506533287e-02 1.414253728271562522e+02 2.185683090827090496e+02 -4.707357175378387382e+00 1.150094696245568855e+02
6.077977214609514567e-02 -4.527867694984368541e+01 2.854667610375488493e+02 -3.415698293161143795e+01 1.361894042795887287e+02
9.758317359699554550e-02 1.233905606495885422e+03 6.630603133437213046e+02 3.108148335185106816e+02 7.176279070260309254e+02
4.801710361477314060e-02 -1.673829360886290488e+03 5.025923765863581707e+02 -4.758031677135839459e+02 6.807426067866782660e+02
1.408457055552186400e-02 4.787022648773979085e+02 2.614511909865849475e+02 -1.428606431423438039e+02 3.478290553802252703e+02
1.118606345467161034e-01 6.222459620003487544e+02 3.862199475005527347e+02 3.795547885425315258e+02 2.986960886819668417e+02
1.054691767557978804e-01 -1.369165456704467374e+02 3.316728455209716913e+02 -4.702583585171028062e+02 3.863160362424226264e+02
1.145957113938063793e-01 7.262694750065442122e+02 2.764628171660448857e+02 1.149318752067684272e+03 3.421374563836033644e+02
1.691007675815713387e-02 -3.565241432542962343e+02 1.427408416425050461e+02 -1.139477196981641498e+02 1.685956084779982973e+02
8.850681915638948516e-02 -5.048160167998688621e+02 2.004231406963656923e+02 -1.167220660069633880e+02 3.525402585553329118e+02
8.948851730125856330e-03 -8.805389582049057253e+02 3.302609620233513965e+02 3.209977427044260594e+02 3.832501688847135597e+02
7.612116299922455642e-02 4.405685108307906148e+02 2.620801888030555915e+02 7.491294484854423672e+02 6.817724775094104643e+02
1.000300507267491701e-02 6.688563474873383257e+02 3.782027216875904401e+02 -1.429583696247996727e+02 3.846157630911716865e+02
7.783128876269694227e-03 -3.376206187907764047e+02 3.412340089574794320e+02 1.016064474392061499e+02 2.446370401724783221e+02
7.731077004396769148e-02 -1.016392342255860967e+03 7.055161387786664591e+02 -2.084965360880312915e+02 5.540302611966302493e+02
5.009292148057115784e-02 -6.388041426972638419e+02 5.137970867126880421e+02 -3.076227050538551566e+02 2.122143388460926303e+02
2.073896280188754909e-02 -1.552981395628678001e+03 5.272039108792789648e+02 -3.792476181264508455e+02 5.669523783807971995e+02
1.545693646225473721e-02 -7.363409310664428631e+02 2.693811035583132139e+02 -9.701829214995378834e+02 3.922539517386351235e+02
3.586873429324385215e-02 -8.626783737894871251e+01 7.641759258326351301e+01 3.138680292344776603e+02 5.646455128565737169e+01
7.835585269045979018e-02 6.694886249489802594e+02 3.311466031587050907e+02 -4.165267020197717898e+02 3.094955818502813258e+02
4.983596934639588499e-02 -5.881266257043696442e+02 4.438786196880028569e+02 -9.050393919172694268e+02 5.173628468167205483e+02
2.350436985932681175e-02 -7.383185437182941087e+02 4.664493497950371648e+02 -4.840527122530821202e+01 5.521076623897984064e+02
3.130965570011091242e-02 -8.973338902279641616e+01 4.206548899914167805e+02 -2.126834159968419954e+03 2.396011519884593781e+02
5.994615531252400764e-02 8.356743090573590393e+01 2.771885694315998876e+02 3.391101711799847749e+02 3.304758882039391210e+02
4.890899041063274250e-02 -1.298625782960827024e+01 9.868126490300457476e+01 -1.965140788777385694e+01 6.734864791051576560e+01
1.078106456125283927e-02 -1.791110243769204089e+03 9.864897870077104471e+02 -3.257671180443204548e+02 9.249186077936415131e+02
6.143079563153054645e-02 -1.703364083021650117e+02 4.439042713836056464e+01 7.164041621182751385e+01 5.505843489637909727e+01
1.962371458688608530e-02 -7.443878214907714437e+02 2.457562843642852215e+02 -2.405003696273985270e+01 2.089703972435000594e+02
3.403016252475959957e-02 -2.445919383783182965e+01 8.237432876683510585e+01 3.311840524435149291e+01 1.407485620311676655e+02
1.065494308961116056e-02 2.245435806072914602e+02 3.338713417055238324e+02 4.240764138621622124e+02 3.442342621809488037e+02
5.444861249531516428e-02 5.518258857915189992e+02 3.905997066153141191e+02 -2.143911453995825127e+02 5.383295232378885657e+02
8.367604634566238805e-03 -5.349069209155670990e+01 4.590628263123215902e+02 3.092799260940536215e+02 6.171161772023579033e+02
6.062561739870740707e-02 -2.989748822940317154e+02 1.190934384572771734e+02 3.169518082819098481e+01 3.506324899172745972e+02
1.179796184253730992e-02 -2.996028617444855513e+01 2.653502341445130810e+02 5.079315131546102293e+02 2.732133785297392023e+02
2.628643104245483031e-02 -8.001099546954756079e+02 7.027838487562270302e+02 -1.168448909160483140e+01 6.670800842260711079e+02
5.381509722913080385e-02 -8.139811615362803821e+01 1.511853659030792869e+02 -8.122332705834945727e+02 4.916888024234268642e+02
2.750561803490558441e-02 7.400297084133378576e+02 3.426437035294792963e+02 -1.664871508905002315e+02 5.046691231361801329e+02
1.203556772476534475e-01 -1.614015075248176458e+02 5.078377525703256197e+02 1.819264112261674882e+02 4.531328486598854397e+02
2.562524629303831666e-02 1.451105518059755468e+02 6.750585723812224614e+01 -1.671821744798547797e+02 7.624196673163453397e+01
3.521132080227425826e-02 -1.784037451206478693e+02 2.657135056470208383e+02 2.457919757664174654e+02 2.755296947646104400e+02
2.862340119643207170e-02 -8.688367193602703082e+02 4.799037706653134023e+02 -4.453116888858552329e+02 2.560056591530885157e+02
1.046925236487725175e-01 2.305209791023270327e+01 2.429282780213869160e+02 7.601197923180042153e+02 2.320226860437730068e+02
3.364372688448821064e-02 -1.718428790849966390e+02 7.211812497451536785e+01 2.442144387357791686e+02 1.294554681427359526e+02
3.254193753114757032e-02 -9.710345747428866616e+02 4.591798532189038724e+02 -8.321410350164865122e+02 3.921830965059506298e+02
8.772227522420142365e-03 1.308603761820598379e+02 2.463667358650367305e+02 -1.960035958527780338e+02 1.563919169838644621e+02
9.176463506556787122e-03 2.773763155764304429e+02 8.274004767651659620e+01 -4.381811193304685048e+01 5.398119973345536238e+01
9.154910144938148420e-02 -1.031586819492727955e+03 6.646720991346853680e+02 -8.897212555346328600e+02 8.600262379822071352e+02
9.086636056092836644e-02 5.511317046872089520e+01 1.432630271071842003e+02 1.874857507871265341e+02 9.987665885172799562e+01
9.284764312939984554e-02 1.725282428865524480e+02 2.541360858424513367e+02 1.204830890667950456e+02 2.649967304628049760e+02
2.501459807320898301e-02 -1.112976749003368582e+01 1.257795510972894277e+02 -5.648721628846889189e+02 1.511722543307288049e+02
3.680178411366362423e-02 -1.836975362963624434e+02 2.382409742459589950e+02 4.606588152298083969e+02 4.327104962266600410e+02
3.868209645661340595e-02 -1.243635631664052141e+02 9.940766560911002614e+01 -2.337086277597554229e+01 9.940766560911002614e+01
6.441259303468145625e-02 1.926416840028424247e+02 7.752709313337760477e+01 9.334820036037106092e+02 8.817816043562828554e+01
7.850435944089954876e-02 3.502591058839374227e+02 2.647111056888144844e+02 -1.001008259346346335e+03 2.323802355036041547e+02
8.703235074770375793e-03 -2.339135889452400363e+00 3.636811441799140425e+02 -3.823705913780425476e+02 2.552052269638828648e+02
5.830594536769519165e-02 -2.775037067576050731e+02 2.087960220129141646e+02 -1.932776657324234293e+02 1.560686495993963661e+02
8.672290528866413717e-02 1.260271751155088623e+03 1.876622149660870775e+02 5.536830772866745747e+02 1.768392277128927503e+02
1.042747363798051108e-01 1.770579531195270988e+02 2.314989928024923245e+02 2.081282228784840527e+02 1.553103471820327854e+02
7.698507449557027982e-02 6.535044433544283038e+01 2.541869988049476490e+02 -4.212717235267853653e+02 2.649478947299484162e+02
4.142527708484621679e-02 -1.967554950458115570e+01 8.749218006054380226e+01 3.283898277782191144e+02 6.741643120169356962e+01
1.918821618896965689e-02 7.746008314756365110e+01 1.264469344505426136e+02 9.137546858910218361e+01 1.392506997987663908e+02
4.972457006329756429e-02 2.674599061568738421e+02 5.398953098334645802e+02 -6.428689090171686757e+02 4.984763935825683348e+02
8.829277789920457128e-03 4.259671927518504475e+01 1.102630630389715662e+02 -9.713738508242583691e+01 7.758765051968995863e+01
1.049016221022426587e-01 -6.467787571958791659e+02 5.118370011872594318e+02 -1.590461189933449759e+03 8.925270057262342789e+02
6.720441599396620447e-02 -4.475392515494377221e+02 2.474688857483623678e+02 6.473610570499346295e+02 4.282128895528904309e+02
2.254917702876017838e-02 -2.635244055402107222e+01 1.640117908704533818e+02 -1.795716382649521847e+01 1.564018204739475948e+02
1.006090204918562957e-02 -3.207074379377518767e+02 3.696927697402505828e+02 -3.357012813542716003e+02 4.733677435390393953e+02
7.138082113726798572e-02 1.629259042728731970e+02 5.522648089395000426e+01 8.102225496738218169e+01 5.522648089395000426e+01
1.561994485283847364e-02 -1.388813498866725240e+03 3.191783250416468150e+02 4.903812514240204337e+02 3.679842536790796999e+02
9.088267431772958233e-03 6.200629658320938233e+02 2.887754117642668916e+02 -9.859642212213052517e+02 3.299674290284334575e+02
8.438626959049574938e-02 5.359297959217952894e+02 1.235356049931754114e+02 2.397822930238738195e+02 2.419671212038360579e+02
8.286612159843577408e-02 -4.358775100504112743e+01 7.719655655261951210e+01 -1.554717667143595463e+02 6.641212170213826482e+01
2.736653755297350013e-02 -4.039248285253693638e+01 8.691589721506467470e+01 -1.313637866058355428e+02 1.379902698197535642e+02
1.601759290468687119e-02 2.725947543534596775e+02 5.715385847462750917e+02 -1.775618866177051984e+02 7.558935790295105335e+02
1.001104645757235762e-02 -9.254302080414943248e+02 7.810047061325943787e+02 1.030150247133203948e+03 7.334276871467623096e+02
1.883740240434535196e-02 2.809063001668003778e+01 1.036885546245648868e+02 -9.661746645723798110e+01 8.617697037939072402e+01
4.453269253936986694e-02 3.620350955349778133e+02 3.203135891849100858e+02 5.656731461183586589e+02 3.203135891849100858e+02
1.494810504748885979e-02 5.554922863538885167e+02 2.547993683275388435e+02 2.660849060921538580e+02 2.297953430954997884e+02
7.717458470045615582e-02 -2.660869233903347322e+02 4.525544277207418418e+02 -4.916633911331989282e+01 4.310845667067237628e+02
1.415250667927750450e-02 1.565799667188682633e+03 4.468909349243384099e+02 -3.163337916426868333e+02 4.682217142400931493e+02
1.805395512556023235e-02 1.841762008345337165e+01 8.851943155032434163e+01 -1.959551202576899414e+02 6.323109442904784316e+01
6.585051599122750121e-02 3.291598523378207375e+01 2.453117415918608799e+02 -2.693731010331908351e+02 3.407492916070581259e+02
1.394167432495931926e-02 -5.324752012304005575e+02 3.232925326693000443e+02 3.738582471664495870e+02 3.357996238135926887e+02
1.046844799888105165e-01 -1.103604416586230400e+03 5.588226812240803838e+02 1.515066043322829273e+03 1.112304373369788891e+03
4.761316996246520161e-02 2.974471648256472633e+01 1.219306854059376519e+02 -5.183833751577503790e+02 1.321458602866333081e+02
7.884565363975072627e-02 2.253619683249259253e+02 1.549599053715406569e+02 3.095257756717301163e+02 1.764391688864307355e+02
3.456624021823385268e-02 2.213458142513510438e+02 5.364120246496717073e+02 8.346457495795318664e+02 2.859996526317082726e+02
1.053647423665785357e-02 -5.645964256490444768e+02 6.528854203179440674e+02 1.384122766757921909e+03 7.730152701488278808e+02
1.130845148345199641e-01 3.596856235057829849e+02 2.439273600675286389e+02 -5.194194195207062421e+02 3.528077140138709069e+02
8.390789698486676718e-02 -3.488734255508763908e+02 2.971857332446067517e+02 4.879846079964795535e+02 2.003625007828303808e+02
4.311768378463907980e-02 -5.381190239329796299e+01 6.485775457895795171e+01 1.553743087186355432e+01 2.595022886341041612e+01
8.515686395158109101e-02 6.520485936971251704e+02 2.772077896036095126e+02 -4.116226561296466571e+02 3.526066923397403343e+02
9.004860968507652497e-02 3.986967484735444600e+02 2.871777006485400534e+02 6.897679371242249147e+01 2.871777006485400534e+02
3.880985824370412202e-02 2.079075411909540705e+01 8.721437477020143092e+01 7.847330730962315215e+01 6.777543508648358284e+01
1.352370416211069390e-02 -1.237842099079041986e+02 2.697839101131794450e+02 -1.173803062457536299e+02 2.717699766199899614e+02
1.675815745897323017e-02 4.423155461955373369e+01 2.802401083508648867e+02 -1.974111841545706056e+02 2.724108815802723029e+02
8.060841663819905134e-02 -5.605884912039743995e+01 1.226688924369055798e+02 7.100481605162206051e+02 1.870073677049971650e+02
2.331523856661811556e-02 -4.357529189888977612e+02 3.481510240521011497e+02 6.871400997767844387e+01 3.702186276027866825e+02
1.191336312176615071e-02 -6.420448694934736977e+02 2.579990241860457445e+02 4.959510720788801450e+02 2.612372883076734524e+02
6.458861236286365937e-02 -3.196404060956548960e+02 1.936565870347903910e+02 -4.340080388768241164e+02 6.885921282850858915e+02
2.211633091726722400e-02 -1.719436852084294287e+03 2.782798137359420139e+02 -3.676514742203287369e+03 3.463437999571924593e+02
6.309194530106262966e-02 4.955923071605577093e+02 2.390006649206929126e+02 8.082300801886366344e+02 4.380385357438517531e+02
5.187515501248084193e-02 1.987769374396204398e+02 3.386617410225970843e+02 -1.259993225985467404e+02 2.158479363737178289e+02
4.411549875490062417e-02 1.088818025229463444e+02 2.557365459112274664e+02 9.734423413794226576e+01 2.856695523439840372e+02
9.097485417066625280e-02 -1.689876179714636635e+02 2.640216542711493162e+02 -3.354284484909117054e+02 1.455386512079677459e+02
9.363341884860629238e-02 7.328715075153845646e+02 4.974060349913023629e+02 1.125079135201057852e+03 5.298292515790344623e+02
8.300860721910421902e-02 -1.642342348851743168e+02 7.834447105296004565e+01 2.989669176315416976e+01 1.319388775802271425e+02
1.241416457028265558e-01 4.973086076710121688e+02 5.295581519257551690e+02 6.535580158762173824e+02 4.204982703687356889e+02
3.723444151482085962e-02 1.115519529248441870e+02 2.819167956106379620e+02 6.195526620615718230e+02 2.062073908224988656e+02
9.850461422830759581e-03 -1.332370302562680308e+03 1.655563379467556047e+02 4.463432855511168782e+02 9.961255279773081384e+01
9.853094597795397994e-03 -1.840262545565677783e+03 1.214516606869189275e+02 6.919794774280329648e+02 9.946459061989096995e+01
1.320948284120842392e-02 3.004853843318667259e+02 2.341650863683499040e+02 -1.700628680193841831e+02 2.251565530178395136e+02
7.122942615683967860e-02 1.479497684914547335e+02 2.523668259656798796e+02 1.817596171284747868e+02 1.465127482190166859e+02
3.545267137683421471e-02 1.332719531920933598e+01 5.444004395419166542e+01 5.491817698117537105e+01 4.514668192714270845e+01
1.012048876028055072e-01 -1.769239269483214514e+02 2.440038490926082488e+02 -5.705131676066277180e+01 3.306178145430562836e+02
5.509233315738314152e-02 8.196919418926654544e+02 1.512579302542753794e+02 1.565376926048870132e+02 2.944074596699480253e+02
5.174955845052679054e-02 -2.341707551005231096e+02 3.370914136121297133e+02 -1.291070266579714598e+03 6.207604374222760271e+02
3.028053800621052782e-02 -2.483248278464027408e+02 2.962136874331841341e+02 2.110971547837802405e+02 1.783705348449825010e+02
1.672485229586685024e-02 -6.072383398690774357e+02 2.904125333220116545e+02 -3.366821711244408561e+02 2.843354025168353587e+02
4.883999236173372505e-02 -1.038405548665037941e+02 2.340082345798655581e+02 2.539106710746897875e+02 2.743913615489786935e+02
2.727386954531936525e-02 -1.794736720281495764e+03 3.565638315291002982e+02 9.130153257827519155e+02 3.725843684074362159e+02
2.070706003695137534e-02 5.323772807953153006e+02 1.562115429111876495e+02 -3.033893533180885242e+02 1.334520823277589727e+02
1.016752928960225170e-02 -3.015759592625694818e+00 1.877725160936957707e+02 -4.799133923604768484e+02 3.203121347608779388e+02
1.056221835791085195e-02 3.673881018192216175e+02 1.952878651374155368e+02 3.786967610374890114e+02 1.376879784258484563e+02
1.056873255807880621e-02 1.582956750615027772e+02 3.293477559597813524e+02 -3.633482824464571763e+02 3.004425442416631995e+02
5.103463339787416703e-02 -2.994637174494192422e+01 1.090175859612091500e+02 6.641097421009793322e+01 6.860736954065959026e+01
1.044193630255737214e-02 5.316871851995125553e+02 1.886567508424165567e+02 -2.337772227562613523e+02 4.033067106273102809e+02
1.024134492128886825e-01 -2.329561054099964679e+02 2.200175116163672158e+02 5.904412695200336714e+01 1.013587965342504731e+02
2.465781856374035103e-02 1.617286513432819220e+03 5.576306460205479425e+02 -2.365042900355113488e+03 6.150934644384108196e+02
3.054861257250876538e-02 -2.538832182199491854e+02 1.984141820863358419e+02 1.369828522089580929e+02 3.073503556023501346e+02
6.117245247991570656e-02 2.680047328052968396e+02 5.001394287287383236e+02 9.584039999567235100e+02 5.938480232550258506e+02
1.186403482522932311e-02 -8.006024326159033535e+02 2.859059902271881128e+02 -9.278272322302319708e+02 3.679880639607955573e+02
1.110287554325875142e-01 2.378067896945196935e+01 4.111483319482397860e+02 1.105416035947651380e+03 6.279700905850986601e+02
2.194929508888962197e-02 9.615767345900567307e+02 5.794287900361649690e+02 -1.366881183574923170e+03 5.915185775806629636e+02
8.188842108807567466e-02 7.853692171799741573e+01 2.881626201466576163e+02 -1.298240574651636621e+02 3.415757011817117927e+02
6.228626735626388577e-02 -5.683260897371950477e+02 5.001138154732729504e+02 -5.737578756834176374e+02 5.938695938215524848e+02
9.517982796480431440e-02 2.724713354479325176e+02 4.025601128311091088e+02 -3.984158645302647983e+02 6.930135744542280918e+02
4.823809476910072974e-02 -1.225481742122819924e+03 2.958526404984039004e+02 9.450802445383362738e+01 2.458769564285302351e+02
1.372532628030374326e-02 -3.566148096546253896e+02 1.886465527348531168e+02 2.275326054148758317e+02 1.676178107145867386e+02
8.623894878660080809e-02 -1.063963654604715714e+02 5.505241683764101026e+02 -4.422601660867255191e+02 4.220017665274770025e+02
2.584503821601559503e-02 -8.638644701873677150e+02 4.693345627778944618e+02 1.870056234090997691e+02 3.961623902391082765e+02
2.565145423100130204e-02 1.964974235244158649e+02 1.826979872429897398e+02 4.756215879689247572e+02 2.878994276717570528e+02
3.567448265219769904e-02 -3.080562371691131602e+02 1.205671972520029698e+02 -6.751550215932410026e+01 1.114685354862809135e+02
2.608515581596706004e-02 -3.485149625728942624e+02 1.664360970032749094e+02 -1.161040121369083806e+02 1.158125335252212977e+02
6.979213214934311404e-02 2.895610138123102502e+02 2.885834708310329120e+02 -8.221789198189757144e+02 3.412202157708117056e+02
1.798420290694760157e-02 1.620303846626731001e+02 3.843008317333465129e+02 -7.491226555246958014e+02 4.651414802807873343e+02
8.109466756803462850e-02 -6.832446479363120773e+00 3.745109859251573994e+02 -1.521005935957876716e+02 9.863348584066548028e+02
2.503753644205283790e-02 -6.578927162581468338e+02 4.705320259143250610e+02 -2.488127629342556588e+02 3.680291062467077268e+02
2.623212587272750335e-02 -2.367138547074565849e+03 6.628984147294006561e+02 -1.103687807861697365e+03 7.428351459956916187e+02
2.403641507289643736e-02 -5.991422677050898074e+02 1.634967763911733982e+02 -4.961530207905707357e+01 1.569401194780764399e+02
6.787800576536733022e-02 4.018421838938911606e+02 1.994108363425976336e+02 -2.321444788675097186e+02 2.203685126043044420e+02
6.197665645788112687e-02 1.333030792766842296e+02 1.546341465030600375e+02 -8.352182201813789675e+01 1.546341465030600375e+02
6.603009549033247993e-02 -3.962177189999789562e+02 2.119512630325282032e+02 1.287840449904276738e+02 2.745309633331518171e+02
3.244325722228658809e-02 -4.216263698828749540e+01 7.864946150275952164e+01 1.625006525915148927e+02 8.717855443197458953e+01
9.038372047261092335e-02 7.930382119427354155e+02 3.086659644592204472e+02 -5.215300589499000807e+02 2.657882134810378147e+02
8.347561375323367394e-02 2.904478120993414905e+03 4.104688822660884284e+02 -7.696728914714185521e+02 8.666132362676166849e+02
4.998067385076040287e-02 -1.823234432058249865e+02 1.921731695486902822e+02 -3.191504470699698004e+02 3.791429171638752109e+02
1.219551202952675606e-01 2.448657779183896821e+01 1.787145280774478522e+02 1.016330505383621130e+03 3.413698497483323990e+02
1.222450807313954155e-02 -1.469731889036336270e+03 2.631425729709592360e+02 3.685715736306353278e+02 2.560554697199840462e+02
1.928610923746346822e-02 4.102467690918899734e+02 5.172714977470773192e+02 -4.041012146385627943e+02 4.385941150557233641e+02
1.133784199645319207e-02 3.307190590688264820e+01 1.214982579666900193e+02 -1.007789715830971460e+02 1.214982579666900193e+02
3.775164182130414520e-02 9.261556900228339373e+02 2.471903936327360896e+02 -1.994222448886654320e+01 2.835758237248671207e+02
3.049726706313081112e-02 1.064464397404284455e+03 5.208673260380242027e+02 1.019583202387921574e+03 3.930295534172999510e+02
2.363407211421379717e-02 -3.310524687075985639e+02 2.753843647828629173e+02 -3.662597406366301129e+02 2.105517532464981230e+02
2.312018356127765531e-02 3.547429074448075426e+01 3.557903862298421700e+02 7.850840338767314961e+02 2.768805063861001940e+02
1.134653152384145630e-02 3.841372801577978748e+02 1.991424450093087728e+02 -2.874560786856090999e+02 2.537854700812481212e+02
5.396491769378648079e-02 -7.753996083125407495e+02 1.772697651179988156e+02 4.820284573430988075e+02 3.365497461597028632e+02
9.911447945509227475e-02 1.006903800786470100e+02 4.642009612327576065e+02 -8.174408646128551936e+02 4.857079039877752962e+02
1.277805452361441101e-02 4.929989205570381046e+02 4.732777654786714265e+02 -1.055904429122343799e+03 4.993621924926080737e+02
9.346872295850486290e-02 -2.174856860309646436e+02 9.998216211950794730e+01 1.895282740507608423e+02 1.321107300156836857e+02
4.882696999922297998e-02 -1.155916515106593124e+03 3.746574574070269819e+02 -8.070505762547000472e+01 5.118428135753049446e+02
4.991362447918799850e-02 -5.947530491233020200e+01 1.761600732222850638e+02 -3.949359250281589198e+02 1.662797030760188761e+02
6.643051799812642322e-02 -3.851843189622169348e+02 1.328853654026204083e+02 4.420295679763138992e+02 1.432725770856847305e+02
2.061713535215479662e-02 -2.914339582393495220e+02 3.534859417131223154e+02 -1.020199701810005308e+03 3.078426698783189295e+02
6.377955918204424035e-02 5.096804629130711533e+02 3.605778632448761414e+02 -4.181365389838162514e+02 5.253521083687184046e+02
2.774007617069128295e-02 -8.395806246698392670e+02 3.152321146553953213e+02 2.048307490996651268e+02 3.728456988234179335e+02
3.036545158775730974e-02 -1.916030543532656907e+02 3.751497752629640559e+02 3.086306946053916818e+02 3.124865554890045019e+02
2.452568841992443238e-02 2.153533259137770983e+02 2.347825572659736224e+02 -8.968107419805047584e+02 3.069257200700750445e+02
9.630435506198728457e-02 3.546829634605979891e+02 4.739233582107436291e+02 -3.016131556925802215e+01 3.988510322000220754e+02
4.925872294679491809e-02 -1.858074806284848819e+02 1.546341465030600375e+02 -3.808364205677211771e+02 1.546341465030600375e+02
5.700175380315459367e-02 -1.595772984482642642e+03 1.086347833603871095e+03 -2.876376781046056749e+03 5.458782193869310504e+02
1.379940627831540735e-02 6.942796627792060349e+01 7.731707325153003296e+01 -1.187753795208027867e+02 7.731707325153003296e+01
6.919204217726108996e-02 -3.023991397154557603e+02 3.517162798263733947e+01 1.659968421384104431e+02 7.641252194717930024e+01
6.835098212534665429e-02 -4.844564926486422110e+02 6.573086755193932618e+01 1.786017219222987933e+02 4.498198050423577143e+01
4.207495977016156852e-02 1.793176570318094605e+02 3.888928937067609013e+02 2.756281883566168176e+02 5.921692533797698843e+02
8.709980808454606538e-02 2.067802353225045238e+02 6.608755367046946105e+01 -2.457008888289014124e+02 5.544680223567081612e+01
1.602016126699087190e-02 1.148005947908444796e+03 4.472250441258064484e+02 -3.628951238501454100e+02 4.226976626108519781e+02
7.489703052547831696e-02 1.448347961766476431e+02 5.522648089395001136e+01 -2.803653408751414489e+01 5.522648089395001136e+01
1.030210881957198676e-01 -3.224183065490199738e+02 6.603074364001611229e+01 -4.338846946279674910e+01 4.454061532534669254e+01
1.187544681076591405e-02 -5.504680217667559106e+01 1.546341465030600375e+02 4.595788582336932393e+01 1.546341465030600375e+02
7.894790234702167564e-02 -8.537033361373204343e+01 6.684871922360909480e+01 1.425169933613363327e+01 8.792670530551214370e+01
1.855041638530624884e-02 -2.833186454389883124e+02 1.749151754558940866e+02 1.872012555767554716e+02 1.690384178779262072e+02
2.168135281276635865e-02 -8.628756660103620391e+01 7.620866459916277336e+01 -1.605050720319355548e+02 9.717026499738202006e+01
2.216984056580530160e-02 2.239902661079742927e+02 1.184080127649926055e+02 -2.575499692301385153e+02 1.137595093594597273e+02
4.438648344938637968e-02 -2.983407757247221070e+01 4.140914629394218878e+02 8.839584611597675234e+01 5.738748823877613177e+02
2.603335804013597390e-02 4.665387467397356431e+02 3.794128127976794076e+02 3.627183706873914844e+02 4.429197717069843634e+02
1.052598817011693444e-01 2.522625795869047067e+02 3.023485195321812284e+02 2.782426378330345642e+02 5.278323867494534625e+02
1.440262779017138436e-02 8.029671863182210245e+01 3.720729430592346034e+02 -6.450002949395429823e+02 4.054160455853130998e+02
6.278530189988892896e-02 -1.666764005397511710e+02 2.154729507681113319e+02 6.588767547507188738e+02 3.277370917797121024e+02
2.395131964018204149e-02 -1.711403010079037870e+02 3.670514622005005663e+02 -4.168875582567269475e+02 2.965140976536389417e+02
3.536401602689229901e-02 -4.400506551427116619e+01 2.163064443524721980e+02 -7.876744373007435343e+02 3.087715230968048559e+02
3.234450915434598783e-02 -2.028345839851557230e+03 3.615921366107999688e+02 -6.528491505045749363e+02 4.014893512818981662e+02
2.430350227090626036e-02 -2.834133117898600176e+02 3.016492458762144224e+02 2.957911509742907583e+02 3.297262315162021764e+02
1.299616414059598726e-02 2.348409663267607641e+02 9.737568982103101689e+01 -2.313862429195061168e+02 2.058333459250114004e+02
2.495635291021523761e-02 6.624168535918565226e+01 2.871777006485401103e+02 -3.701165052405481219e+02 2.871777006485401103e+02
9.380663791267018770e-02 -2.310482901290485813e+02 6.610396533305366518e+01 -4.038220017781725915e+02 5.542723514261930262e+01
9.699508635727216443e-02 1.845431297249938325e+02 4.220959075490262649e+02 7.070587691779157922e+02 5.504519922293071659e+02
3.067995111507842293e-02 -7.145202867949106462e+01 1.888650098932158414e+02 -1.788928852121995305e+02 1.364528147543551597e+02
7.618660985348973957e-02 1.625326005275920238e+02 6.019207196079495361e+02 2.100429086652372916e+02 3.306628342385584460e+02
4.161948418593815896e-02 -2.254587684722244489e+02 3.856593648248780255e+02 5.713877696909452197e+02 3.764909613287790080e+02
5.670868532109639426e-02 4.121803662964387627e+01 1.043910336447929694e+03 -6.757975184677945890e+02 6.353232849453027029e+02
2.272516102092584853e-02 -2.858131297681424030e+02 3.742681065480821871e+02 -1.359554686447505105e+02 3.884455796260509146e+02
1.222028406773540826e-01 -1.308423802644082201e+01 2.645071807103866490e+02 -2.979199229276084182e+01 1.995862276363690739e+02
5.436235948565041470e-02 -4.554259905741466810e+02 1.502109903415199028e+02 -1.115787603864594928e+02 2.389596682995414199e+02
1.126592916479126627e-01 1.087952293070964913e+02 8.824006779317842586e+01 -2.277239846694847643e+02 7.745662388316502245e+01
1.634483934046144019e-02 2.192744459994141835e+02 5.048867315326906464e+02 6.395950498170599303e+02 5.007728540408332378e+02
1.078379715910002951e-01 2.767807896923951034e+02 1.981962839000392194e+02 -1.301731578630549109e+02 1.444421230565073415e+02
2.157029213303920251e-02 -4.525877766984963273e+02 5.535877122354006588e+02 2.057923962776608732e+03 7.569057541591174640e+02
3.288647931239919997e-02 1.736052461004318275e+02 2.189456473021604097e+02 1.533305321542207139e+03 1.344024874799546865e+02
1.246524903710916066e-02 -9.235271334341266680e+00 5.559193284971352966e+01 -1.506717677909314261e+02 7.705472737052041055e+01
5.169148553977111898e-02 -1.094481954620308670e+03 5.990694865143574361e+02 -2.878573603786545050e+02 6.381745492733131186e+02
7.006401437050870096e-02 -1.654924305334389203e+02 4.456858808693218066e+01 1.434592922900264398e+02 5.491431717414213409e+01
2.887241222391092460e-02 6.001963185816578061e+02 1.634311083458226506e+02 1.013588947074787029e+03 3.014911144058312971e+02
9.553083580688688514e-02 -3.942469051446955177e+02 1.758098354033709541e+02 1.647397726621308038e+02 1.119034935492200731e+02
1.020355118897803004e-01 3.241258522927870445e+02 3.184769027515092148e+02 4.007766147967649317e+02 6.916875411509911373e+02
7.215239688585296796e-02 -2.079987484984514481e+02 5.779665134868592986e+02 -1.213690776701396885e+02 6.817633976960803466e+02
5.355271858186913536e-02 -2.654384425588942804e+02 1.976718649264766157e+02 4.335754022187992263e+01 1.780028175879829462e+02
1.444741143250020433e-02 -5.989140139060416459e+02 3.690911537309094683e+02 -1.452980538425824193e+02 5.072860135704619324e+02
6.419875907361448364e-02 6.734446113386763955e+02 5.183066242804288777e+02 -2.845500182229777238e+03 1.346212394868249476e+03
2.632635362359334041e-02 1.910826218455673029e+02 1.807814871186886592e+02 1.799348427144742004e+02 1.627493755397974553e+02
1.272279391497767309e-02 -1.192601946655050824e+03 4.065809870516491173e+02 8.621344310939116440e+01 6.684001159519528983e+02
1.270159014259108175e-02 -4.024443894812010569e+01 1.980136707482223528e+02 -3.228258180722428961e+02 1.556593761678201986e+02
7.267836581874961843e-02 -8.316917935210865380e+02 1.597454083370370483e+02 5.535587911549351929e+02 5.226221371019425987e+02
6.090988846734839146e-02 -6.130831755661105831e+01 3.544270827780421769e+02 -6.403548198462650589e+02 3.746175656983099884e+02
7.540827407796243942e-02 1.121306264080973492e+01 1.243322264929245904e+02 -1.612825974950458772e+02 1.970554746046477987e+02
1.028396157406049893e-01 7.679014877191203823e+02 4.189365414531401370e+02 9.461181947577281335e+02 3.653964233016127423e+02
2.180692774688507141e-02 -3.624106128213932152e+02 2.984186798099799489e+02 -5.652579293715059521e+02 3.505107752919344648e+02
2.055381205619037643e-02 1.888978801124049482e+02 6.455572750313393726e+01 -7.884562014055518375e-04 6.971694237883214385e+01
1.356036762981883623e-02 1.271360505744294187e+02 1.224121714921802067e+02 -4.150193601325162831e+02 2.511858745709491245e+02
9.384350100265270722e-02 3.975410319839186855e+02 3.951906765272053690e+02 3.159239526236650022e+02 2.360843943196034900e+02
5.834430230776429388e-02 -1.988344090446025803e+01 7.316511730666062476e+02 1.370508314387656583e+03 5.525004002225872455e+02
3.006731496913101279e-02 -1.177085636091706192e+03 7.712302996282777485e+02 6.511218042277007498e+02 5.854594926504350951e+02
6.170759985698513056e-02 1.624657471588438113e+02 2.744134473662716687e+02 2.203277662123055620e+02 4.248861686659524821e+02
8.560466520387616240e-02 -1.626372866423961341e+03 4.952019368350976833e+02 -7.238386151442057326e+02 4.108992339383963213e+02
3.053557762699236205e-02 -1.982346774310551837e+03 6.379277418380403333e+02 2.133984765574649600e+02 7.368371897020693950e+02
1.122709539345036062e-01 -9.591724008897843134e+01 3.545833606303789907e+02 3.050584353992085767e+02 4.298336830711651260e+02
9.927504618732968522e-02 4.897176831632150424e+02 4.313492766937653755e+02 5.593031163430676997e+02 4.633606546906464700e+02
2.468307604145814765e-02 2.303961397200160661e+02 2.854464646868083264e+02 -2.251727673398460752e+02 2.412647421157693657e+02
1.100769176688281559e-01 3.191055959036526701e+02 1.325435541454799875e+02 -1.295573583602090650e+01 1.325435541454799875e+02
1.735388831357763048e-02 2.692842466275548077e+02 1.104529617879000085e+02 -1.719357417905710008e+02 1.104529617879000085e+02
2.589994091346597277e-02 5.617296812835738251e+01 6.627177707274000795e+01 2.537348873886999456e+01 6.627177707274000795e+01
7.944766648183146374e-02 2.143596143268490550e+02 3.939266689748131967e+02 4.995089416091657881e+02 2.274452686932117160e+02
1.027289470973176688e-01 5.623899263803134545e+02 4.307665509728101370e+02 1.223644612616899849e+03 4.307665509728101370e+02
3.280660114495798085e-02 9.267265403155145123e+02 6.296418402195865838e+02 -3.988649835461950488e+02 5.246668149173502798e+02
5.296968014333624380e-02 7.482107223640776965e+02 4.750473938892521346e+02 -2.712786958519487825e+02 2.739643095063854048e+02
2.638600911190496293e-02 1.259617275534774080e+03 2.408444590727509080e+02 1.411438548888778996e+03 1.813363710165801024e+02
2.320716130978787983e-02 1.034740418043838304e+02 1.590520498086217458e+02 -4.722856000505772158e+02 1.748650606834598591e+02
1.007124263877050702e-01 -6.052683253403411072e+02 1.221390401704802713e+02 1.590529419873960819e+02 1.541285204623206369e+02
1.319763556205335621e-02 -1.221524126808315259e+03 5.294252798475863528e+02 6.651368657537720992e+02 3.325541818952683570e+02
3.988669353875818474e-02 -5.151236421929418157e+02 3.755400700788600830e+02 6.204930633968697293e+02 3.755400700788600830e+02
7.097879414300033163e-02 6.216576715117304275e+02 1.653102787670632381e+02 1.337044945091235206e+02 1.550287351624017447e+02
6.916160767135143272e-02 2.432975400420414474e+02 1.860288742826186876e+02 -3.829211538878254828e+00 1.349764340074452491e+02
1.856866432714669030e-02 3.188662216544561829e+02 1.723834897271999012e+02 -1.277508612343319498e+02 1.716194563355535649e+02
1.200205086172266428e-01 -4.426974560285815130e+01 1.034228827168046564e+03 -8.447317241828841361e+02 6.361787668835576142e+02
2.376594839478411020e-02 1.204670233588363089e+03 1.299230238900221593e+03 -1.386378616180005565e+02 1.837366956672564356e+03
5.421603272927739275e-02 -5.640749177215288910e+02 1.528405886391385025e+02 -5.822666181472263816e+02 1.237469208429520222e+02
1.997273810680091910e-02 -2.941549152343530977e+02 1.367489180291809134e+02 -5.428794738338343961e+01 1.286752481115040894e+02
6.681916788251060502e-02 -5.949740859396605686e+01 7.655729605881282396e+01 -1.199603433792108120e+02 5.627498936717416456e+01
7.915818102493910047e-02 -6.947720698986920240e+01 2.629657374180016518e+02 7.662304217794873011e+02 1.798661425939612855e+02
7.600333177493057146e-02 5.713146849625840105e+02 2.184927886483933435e+02 3.999303646393903477e+01 1.257861481581581273e+02
1.782206318240488543e-02 4.965888047809060595e+02 4.382385974798744996e+02 4.305711392804226989e+01 4.478150538604967323e+02
3.236232829964312552e-02 2.102622302917935485e+03 8.882585173864686112e+02 -1.309389795686360912e+03 5.327778246545437923e+02
1.692235672273679700e-02 4.359416841337118598e+00 2.942531115989187356e+02 3.203867737355910350e+01 2.912440452624061891e+02
3.548332918922458834e-02 -4.202860693156112006e+02 6.120238825547287576e+01 -4.642560750162934369e+01 8.433350576785321095e+01
1.039637818081248916e-01 6.722179357744436174e+02 1.788815336515083629e+02 6.949343511642737212e+02 2.747401227380000819e+02
4.792656089615935505e-02 2.898914115675003359e+03 3.691207310820691845e+01 2.281482472335758303e+02 6.424511190999727717e+01
1.439516677347158630e-02 -4.731566350057246950e+02 3.522619251717925408e+02 -4.013992353019074812e+02 3.436258036199996582e+02
2.925240961584099283e-02 4.427988559485426379e+01 1.881463481061002199e+02 -2.834916488122334499e+02 1.573093943767958933e+02
7.311626265954863924e-02 2.019472550014722287e+02 1.475779769731394424e+02 2.120057665482977427e+02 2.294337965418417866e+02
1.659492897886592419e-02 -1.679446136446218247e+02 8.096463799535325734e+01 -2.134529983679002498e+02 8.503273217887456781e+01
9.035499890201231787e-02 3.976010771144606792e+01 3.652942119716961429e+02 5.809036177064849653e+02 3.968963625558728836e+02
5.775171914960269826e-02 -5.809685984894306330e+02 8.682441285576544487e+01 -1.502032659961065065e+03 5.761418102795326490e+01
2.053234767650401887e-02 9.138266560570441470e+02 2.942822039622909074e+02 3.293924874763982871e+02 2.790198087232387820e+02
2.357237923197438162e-02 -8.193633821450146115e+02 3.776456213650080826e+02 2.714896654235531059e+02 3.464775618605532372e+02
8.435670317178710353e-02 -2.626100139859127580e+01 3.888595269765115745e+02 -9.511911645544658995e+02 4.619978214956576039e+02
3.070490534126509366e-02 -1.250811567666313380e+02 5.945449417746452809e+02 -8.487943924694242526e+00 5.554102451581471769e+02
4.056113706066963309e-02 -2.221908372332810586e+02 1.821313914364230300e+02 -2.757235963042104459e+02 2.655690847577075715e+02
2.308118293146634720e-02 -3.826032825629454237e+02 2.352259800082579204e+02 2.549003568933275972e+02 2.291625452725494654e+02
1.414290661112824719e-02 3.710270121747186067e+01 2.675139878068809480e+02 -3.824604915370014169e+02 3.294027204186341464e+02
1.929905258687538566e-02 6.661264779552735718e+02 1.825493184174517864e+02 3.333576769082945361e+02 1.821125084374875769e+02
7.167719096619079577e-02 1.202795695983150381e+03 3.255411227011074971e+02 -7.204031657693178659e+01 5.989286449260303016e+02
9.281965015206995739e-02 -1.611779029867938561e+03 6.931284713195019549e+02 2.062302271711473054e+02 5.666599614278819672e+02
3.663077263533735112e-02 2.781936141865724039e+02 2.510450159738798845e+02 1.829333738300824507e+03 1.669291253022765886e+02
8.828531355422142290e-02 6.581809258251805659e+02 6.783102914483930590e+02 2.068387625006524104e+03 3.551031768431656133e+02
6.031931238916191790e-02 1.318016572542039285e+03 5.724017878063995113e+02 -3.064218247465119020e+03 1.134409642922701096e+03
6.251756937406492687e-02 -2.252631356522808233e+02 1.963997081364583721e+02 1.683513710098284832e+02 1.468756225817276686e+02
1.132415285774623914e-01 1.218101312926715707e+02 7.731707325153003296e+01 1.425979502341017451e+02 7.731707325153003296e+01
9.623030944035715351e-02 -2.910948874429038256e+02 1.214982579666900335e+02 -3.287930582951150882e+02 1.214982579666900335e+02
3.075485985900187902e-02 1.707276629024614749e+02 2.037162711642346267e+02 3.031864833200095433e+01 2.163946484117104774e+02
6.389260046722930464e-02 2.045775401689099624e+02 5.291047611310748380e+02 7.421358990450022475e+01 5.091972318086787936e+02
9.034615875552244602e-02 4.200350257635160460e+02 1.877700350394300415e+02 -1.407739886577033985e+02 1.877700350394300415e+02
6.601102359781918505e-02 -4.021937760601744003e+02 2.109448717976158605e+02 3.118019596688445745e+02 2.309656085641240963e+02
2.158570309183627245e-02 1.798966532870978654e+03 4.295222204546411149e+02 8.414571283761008544e+02 4.322896044841816092e+02
5.729263286213440859e-02 9.963013040180854318e+00 1.619565037392065676e+02 -3.688475532408285744e+02 9.501408819370499259e+01
1.167081281802340581e-01 9.721508915452510280e+01 2.544518486695404249e+02 -1.655718561541315736e+01 6.584044403725641814e+02
3.487973024269376554e-02 1.364519932526326897e+02 2.113957817497489202e+02 -1.271829811730472954e+02 2.551676593298732314e+02
1.565108488883827295e-02 -2.086406752347903080e+02 1.894514886884720397e+02 -4.566021482991393441e+02 1.456140896570386190e+02
4.149770706280153654e-02 -1.848484205605966508e+03 4.485677555005277100e+02 -5.559439348964245937e+02 5.492404434221940619e+02
2.751730260090363978e-02 -1.060861885856684239e+02 1.049269102435825118e+02 1.220511808218834489e+02 9.485836075852688509e+01
6.324798997837405290e-02 -2.132691420425408637e+02 2.650950742806428480e+02 -2.261668352051966906e+02 4.128289907688682092e+02
2.086527179633613366e-02 1.597490274908967422e+03 4.861747992086102954e+02 1.664488528694068918e+02 4.757884317783070287e+02
1.692927575333775039e-02 -3.269809552558749601e+02 1.829126514004409785e+02 1.313625812517748841e+02 1.537474930871624963e+02
1.154005221424492106e-01 -1.249642193178235914e+02 1.166827659247205560e+02 2.451343944142036264e+02 3.180971303240497150e+02
5.964490699619294511e-02 -1.270378752668247671e+03 3.014365424403775364e+02 5.214735682900771963e+01 4.660283191679480410e+02
1.973789337469285948e-02 1.376831175425145148e+03 7.731707325153001875e+01 1.910373894021253818e+03 7.731707325153001875e+01
3.597078494613579341e-02 -1.126207397676926803e+03 2.348956830720040614e+02 -1.847231877915479004e+02 1.978102901484319602e+02
1.764548110344463239e-02 -1.248701201567786029e+03 2.983022333567698183e+02 -2.436287126726419388e+02 3.099800070015243136e+02
9.183908181242766977e-02 -7.996467706346285809e+01 4.078769789868959492e+02 3.276282463217318650e+02 3.764076957202597100e+02
1.033253551273311116e-01 -1.681237214828352649e+02 4.947466947056939262e+02 -2.645606906015803474e+02 3.675993033515841262e+02
1.458137401974620752e-02 7.686901715822735071e+01 1.988153312182200239e+02 3.500354107359369777e+02 1.988153312182200239e+02
7.825796166494908279e-02 1.194159133708519960e+02 6.668582707400919674e+01 1.736788688866750192e+02 7.696024116397209980e+01
1.479692753319913380e-02 2.164843838352984164e+02 1.094222743577050920e+02 -1.133148515977146644e+02 6.796006973573057053e+01
5.170208711735956725e-02 -4.386661018506975438e+02 4.612391260820706975e+02 -1.701367739269861659e+02 2.781565431684335863e+02
5.236362803340858380e-02 1.129926745673085975e+02 1.354092669950697427e+02 1.873119074320400159e+02 1.633456515636156610e+02
4.461606190584588988e-02 -5.826228997297132537e+02 9.992992648867751768e+02 2.821166331028758805e+02 5.018827531286356702e+02
1.527407020487438725e-02 2.853238374384860435e+03 5.700729458914681800e+02 -1.083585420508766674e+03 5.238280246041368855e+02
2.839326896176906992e-02 -1.004504197705340829e+02 6.192860239446838477e+01 1.646049702682896054e+01 7.206068424307481735e+01
1.001019467344057140e-01 -8.208066818266918574e+01 9.918218734324990749e+01 -7.339447440021289459e+00 8.861538256421097515e+01
8.612672599373707993e-02 2.502058107337872173e+01 2.755100866786724509e+02 -2.374174262070661996e+02 2.547165861065807064e+02
2.918543801898555376e-02 -7.009846003704526538e+02 1.174722769996023430e+02 -4.305795168885254043e+00 1.588704056557748459e+02
1.946276420434664423e-02 8.054830220562537306e+02 1.825275682381150375e+02 -1.727530160563572394e+02 1.663820022468679838e+02
7.001531141373669442e-02 3.024342626489608392e+02 1.918979268605629329e+02 5.111225075923595114e+02 2.621143771474391997e+02
1.152378193689612557e-01 -9.051936281917704719e+01 2.395317464223316506e+02 1.173715080727480654e+03 5.156750399238159162e+02
7.667170761782997335e-02 1.359955124664985817e+02 5.558685076884225964e+02 4.258225724510376722e+02 3.224520952754758127e+02
3.132405817281943422e-02 -1.876888056366723845e+01 2.294977083685131731e+02 -3.469168114425791032e+02 2.234537922482413421e+02
3.669041783201803381e-02 -2.297055288628052949e+02 4.600159549872528260e+02 -5.558678029112365948e+02 3.936889851483412031e+02
1.768668694864547128e-02 1.133266043721654114e+03 3.259956035689190230e+02 -1.615411426974980031e+03 3.496143356802160156e+02
1.499678447350191388e-02 -6.460454160914902388e+01 6.672416105385568130e+01 -9.790289948491582095e+01 1.323163954827740554e+02
2.353027503502582232e-02 -3.567719302929493210e+02 5.058991238053259849e+02 -6.286651241483471040e+02 4.997500770935092760e+02
8.167148252341178971e-02 -1.346643555611454985e+02 2.883653966572650802e+02 2.718180217979439135e+02 3.192447731396709969e+02
7.754005860139306927e-02 1.168232188426270035e+01 7.731707325153003296e+01 8.603055740004549534e+01 7.731707325153003296e+01
5.606340022265587919e-02 -4.051876389198335460e+02 1.142373868520947440e+02 -2.918980345686202327e+02 1.518597888766278459e+02
1.813395365844660753e-02 -6.606076636400582629e+02 3.715034924532636751e+02 6.298054873119940567e+02 4.745259645899593579e+02
6.142186326845976846e-02 1.053031078507530083e+01 2.521490729108582514e+02 5.205305821945887601e+02 2.230639244752656225e+02
4.707660584516904639e-02 4.589422191418146895e+02 2.273275463894175118e+03 2.776242530574526427e+03 2.570035106006501337e+03
2.877303742470262507e-02 1.012959381577579592e+02 2.461347018702219600e+02 2.249233714041272663e+02 2.510025051513499932e+02
3.684752091329556584e-02 7.250309649246000845e+02 4.139831058263975478e+02 5.285329991770104243e+02 3.417288471052152659e+02
9.460434514255731953e-02 4.677166761761872067e+02 3.747111253447064882e+02 4.620434083870619020e+02 3.433111421371600613e+02
5.331249661132605316e-02 -1.298747321858225803e+02 5.621819450868364498e+01 6.987648556148685941e+01 6.543261598386987998e+01
1.578197918583605641e-02 4.252747795086185079e+01 1.214982579666900193e+02 8.489358412470740234e+01 1.214982579666900193e+02
1.956793305014328799e-02 -1.234161961383590267e+02 4.872437413695458730e+01 -4.752792407208385583e+01 5.126281927212923506e+01
1.251207494233090023e-01 1.525190252472320708e+03 4.403429257721290924e+02 -1.119192556054536908e+03 3.333084561114879989e+02
3.994364789952688927e-02 8.797563860669052929e+02 3.030938134348510857e+02 1.690387780317882516e+03 2.721253246180924066e+02
6.490589741880802011e-02 -2.109408916576584545e+02 7.624006705631445868e+01 -2.740912078289206875e+02 5.670402263826579059e+01
3.857166956313549250e-02 3.975821723611110770e+02 3.420642143692480772e+02 1.387155921487244086e+03 2.260665820220252442e+02
7.466764652559451654e-02 -4.692837353966433511e+02 3.476421170976930739e+02 -5.242638100603230669e+02 1.878912585689950276e+02
2.281391882551407624e-02 9.408039808118113569e+02 5.497494920542902719e+02 -5.370856233256581618e+02 5.760226143168531507e+02
3.316325648717009800e-02 1.549235404272268397e+02 1.546341465030600659e+02 4.507207525570771622e+02 1.546341465030600659e+02
3.316146151492308652e-02 6.841056941526838386e+01 1.156825788286314776e+02 3.546442293242413939e+02 1.792289226077935780e+02
1.565748669780891306e-02 -1.621153012000090712e+02 1.988153312182200239e+02 -9.772518877592482056e+01 1.988153312182200239e+02
4.862907390762477577e-02 7.443620996117392679e+02 6.176097165915834921e+02 -1.387126104528080987e+03 2.182365700160074198e+02
8.657231209386084814e-02 5.166488329640626489e+02 3.524198279134051290e+02 -1.741999159254524784e+03 3.214460975209543676e+02
9.969969830714398018e-02 -5.364983159380763027e+02 1.224214644835225840e+02 -3.152188051709580918e+02 1.539042916470486659e+02
8.236637309825617370e-02 -1.130330088804744548e+01 2.624055043205941615e+02 -1.998195190105703034e+02 1.806824828523208168e+02
1.847693353210637726e-02 7.845946743155810736e+02 1.681363111655368243e+02 6.637774078644210931e+02 1.875351595295829839e+02
2.254631438132828278e-02 -2.577628592837822339e+02 2.821485759538301750e+02 -4.952010502107758612e+02 2.838596492060471519e+02
1.628308848581036875e-02 -2.349094716100029245e+01 4.223264702697209714e+02 6.526731543435852245e+02 2.994515080882238180e+02
1.740398308382538894e-02 3.172885106411134615e+01 1.963908564561756407e+02 5.284407525241081061e+01 2.789574610302652786e+02
1.613292020761729686e-02 1.907786902299789062e+02 4.536698626338598217e+01 3.563181780850239733e+01 6.546573207863625044e+01
5.216740452536897804e-02 -4.874212840212748432e+01 9.940766560911001193e+01 -4.525951007389933523e+01 9.940766560911001193e+01
2.737089493513077815e-02 -1.582906265670593200e+02 3.862986569148507670e+02 -6.518985029287268844e+02 3.501230590100693121e+02
4.357757322013528639e-02 2.988567224049747892e+02 1.385656179236056289e+02 1.928395259590867568e+02 1.062977490295424730e+02
1.796240133922355833e-02 5.369047878256277500e+02 2.626722718225817630e+02 -1.945232529524248832e+02 2.565379014860416191e+02
1.900912093346470572e-02 -1.910681799413122519e+02 1.784038086041868780e+02 -5.019419733214510870e+02 1.653523099293120140e+02
2.545505352549604430e-02 -4.649166340816855154e+02 2.650871082909599750e+02 -9.303719815307724730e+02 2.650871082909599750e+02
2.960466049096553698e-02 2.838153169400222282e+02 9.653298338456819749e+01 -3.111987227182587503e+02 1.192774357561937819e+02
9.870752627691911640e-02 -1.261931909890517090e+03 4.407220659749218612e+02 8.993670594099296522e+01 3.988382034809949346e+02
2.443352850319608499e-02 -3.731585560148306513e+02 1.532254156323337781e+02 -1.835325482779192612e+02 1.629152686274300947e+02
4.656110846368355372e-02 6.043248037358630427e+02 2.515517991976377346e+02 -9.204282551725660255e+01 2.346493191281589077e+02
3.100107018279616572e-02 -9.007898943436163108e+01 4.131129991410469415e+02 5.458152764462300155e+01 3.565615706167974963e+02
2.199382555961845384e-02 2.851550128879460999e+02 2.670127028890574934e+02 -3.827437451969980202e+02 2.615197439702515680e+02
3.424053706166524380e-02 -7.619753953672206990e+02 8.198500502109041008e+02 -3.646708033407031735e+02 4.884313696717524067e+02
3.490264698331952548e-02 -1.405573200348911541e+03 2.150808192701118173e+02 -3.734391900584699329e+02 2.959267982525040566e+02
2.646269066954822988e-02 -2.978316881071666558e+02 1.675399034654645050e+02 2.374509330908114748e+02 1.763510308170083931e+02
3.401807982163017330e-02 -1.625618078684452485e+03 4.657011646719525402e+02 -2.490236399863523502e+02 5.208058126592253529e+02
1.623459091937690113e-02 -2.205417427040711118e+02 1.337631962975604552e+02 -5.060404787715095409e+01 1.758033969726908197e+02
2.400080432564272170e-02 -3.659973472374546191e+02 2.639205770325545473e+02 -7.236889988266592582e+02 2.581052675057757142e+02
1.258586807377191641e-01 -3.044652078870092851e+02 1.963301114139735546e+02 8.565865627894189629e+02 9.532960533672528527e+02
4.994275679189163347e-02 1.039344885413882139e+03 2.650871082909599750e+02 3.933021975557514907e+02 2.650871082909599750e+02
2.313010161723896493e-02 2.251599504987601676e+02 2.656881090335148201e+02 7.928589214978383097e+02 2.649456091685157162e+02
3.433582778142894171e-02 -3.973294917833776481e+02 3.029846243454960586e+02 8.324313137489023120e+02 3.399968859584550955e+02
3.201807051286702233e-02 -2.817056472079939340e+02 1.408728054428223118e+02 1.226848685862172630e+02 1.354267490920096861e+02
2.349673512978295298e-02 1.067464503684499277e+03 2.471689607037096721e+02 1.325585037071572287e+02 2.433065814859111526e+02
2.289527351130972097e-02 -3.214562008242202751e+02 1.941433254298737552e+02 3.119435294157815974e+02 1.938594476621096021e+02
3.399343379754863476e-02 3.385879106067159228e+02 6.095261603815158651e+02 -1.430382742432478153e+03 8.049968260116737611e+02
5.749368950887609464e-02 3.037854871907264709e+01 1.555347670159262066e+02 -2.393009451986109468e+02 1.648342599140112554e+02
1.623961962944029877e-02 -9.563073273824896887e+02 5.396268532668874514e+02 -4.774998424635758170e+02 3.449087470099880193e+02
1.093790027370568768e-01 -6.452304342264155821e+02 3.515786182000177860e+02 8.465434235999300654e+02 2.566247276223529639e+02
4.521878200490274391e-02 4.670771695086017985e+02 3.962244112698826939e+02 1.256303483842803246e+02 3.880265519626697142e+02
7.688892685664099058e-02 7.828631358683045960e+01 3.728193312046892061e+02 9.712242427937918592e+02 3.125427451947056738e+02
7.347288851728027426e-02 2.447064707380865229e+02 3.118839787890959769e+02 1.965555137972145872e+02 4.998142743222695685e+02
1.112042022127781304e-01 -1.163875573264467903e+03 2.672996806820076472e+02 4.350962372737606074e+02 3.517791764599001567e+02
2.127077225516734935e-02 -1.006024135713567375e+03 4.022113299622775457e+02 -2.503303531479406274e+01 3.942363783451214090e+02
6.087087396247135851e-02 -4.625275280457730673e+02 9.115566479586870230e+01 3.657444251905791077e+01 1.194168321297459983e+02
1.635764497596282896e-02 -4.974465623444468747e+02 2.319673814719997438e+02 -1.727915755063052927e+02 2.540270548187751274e+02
9.864366579234135068e-02 -3.901973036951758900e+02 5.461100353157045220e+02 -3.071369901005609790e+02 2.565298331115192241e+02
2.182803398470300679e-02 6.950530616672409678e+01 4.151856750293670757e+02 -8.017198971907187115e+02 4.445700293714538134e+02
2.808343709845469161e-02 2.822153081199521694e+02 2.107592743523547085e+02 2.233321733888989229e+02 2.211547705737353340e+02
9.735113471010083119e-02 -1.751685497735181798e+02 3.936695298087628316e+02 -2.493220233506526142e+02 5.806604199615678681e+02
1.657957301262925898e-02 -1.074743424974408299e+02 2.747453996565923831e+02 1.157949886082856779e+02 1.462252649278864283e+02
1.086399639642209036e-01 -5.740942315504424869e+02 4.062874847716215072e+02 1.402202449604656636e+02 2.905469852154882346e+02
2.779134058230118415e-02 -4.582714149096221945e+02 3.616063415114986697e+02 3.193793475235360120e+02 3.174809210487800328e+02
8.239374990946116140e-02 -7.811083847437121221e+02 4.583728175191031937e+02 -5.046192729734365230e+02 5.699632263787641477e+02
5.976951106379355810e-02 -3.926546250819978923e+02 2.406159821919929129e+02 -1.311817071255757980e+02 2.125858386652569436e+02
4.433352224415029741e-02 2.043989751512806379e+02 1.724862427088195602e+02 2.184303354751489223e+02 1.486535816554758469e+02
5.377102051456762732e-02 7.987332780978502456e+01 1.912050315117214154e+02 -1.896405233132386172e+02 2.179395536707084489e+02
7.531132675095586482e-02 -1.410409240449609740e+02 2.847173913012131834e+02 -2.989601374115418366e+02 2.349646934883119798e+02
6.194814846281762599e-02 9.005400254606257704e+01 1.752091901685067512e+02 1.105299254381630476e+02 1.563492637353540147e+02
1.241939246999825691e-01 1.016280585736930334e+03 6.690450915795976243e+02 2.769627984570631156e+02 9.454495838550367353e+02
1.751288898127781324e-02 -1.565491261079364449e+02 9.706176464045083208e+01 -1.193451621392611059e+02 6.966237336692823590e+01
6.960882562361672687e-02 -4.503244967977933584e+02 2.599871371491077525e+02 1.891035090680013013e+02 3.379120512145559019e+02
1.248220570268558649e-01 3.328154574642103967e+02 3.098982548844247731e+02 1.391558888914141789e+02 3.418341296832279568e+02
9.460073287948776721e-02 -3.014168357040026649e+02 4.219645850117942700e+02 1.084103539742861813e+03 4.840465346893175251e+02
5.711680793475929635e-02 -3.534624354534565782e+01 1.877700350394300699e+02 9.815584539993189139e+01 1.877700350394300699e+02
1.680540273510000918e-02 -1.585644566220927345e+03 2.656226444540405396e+02 1.575429668124605087e+03 5.520074319502302842e+02
2.012259068032527451e-02 -1.488331289375944664e+02 1.961855441260986765e+02 -1.040420602736596294e+02 1.583429380672348259e+02
1.137097180861453144e-01 6.947751022685733346e+01 3.313588853637000398e+02 1.143276136492821706e+03 3.313588853637000398e+02
1.787936269236119202e-02 -2.712006014157436766e+02 5.209856323522100183e+02 4.069911462098187940e+02 1.913644540333448560e+02
5.158416140926990606e-02 1.235985699287745092e+02 2.555770697088928216e+02 5.737376488908686269e+02 1.698918941144889629e+02
1.692279587858229115e-02 -2.786178909083238295e+02 3.763505961747379729e+02 -9.585574308917500730e+02 6.290977025684916271e+02
2.886212707055658272e-02 -2.964613577074199213e+01 1.843590740633198664e+02 -1.174808451227412220e+01 1.575279068321621878e+02
1.026124935334649241e-01 5.046577373054860800e+02 2.079807815653833245e+02 -1.009931437106810392e+02 4.152558996001496325e+02
1.109592915191422585e-01 3.261179067981793196e+02 1.975206752787267419e+02 -4.528851057932984503e+01 1.344652836622230438e+02
5.004983073261283499e-02 4.948380104682592560e+02 2.693371643982263777e+02 3.714203372919131425e+02 2.185133396468853846e+02
9.806998660104354615e-02 4.306086391317682427e+01 1.025780553834277953e+02 2.367419339813856141e+02 1.749035730365976633e+02
1.826937183876687146e-02 -4.051844510259600440e+01 3.095275936882037513e+02 1.211489920115851646e+02 3.662785399352507056e+02
1.208975466415062455e-01 -2.196122500609839108e+02 4.276040865677289844e+02 -5.987268290864996345e+01 2.269669439774565944e+02
2.320219343444777579e-02 -1.673687033945417852e+03 4.365055187328090369e+02 6.367513649290771127e+02 4.295189508688675915e+02
2.063605680163074080e-02 -5.434978820962139707e+02 4.373873979618677481e+02 -3.093335012424276442e+02 5.087897196612654511e+02
6.931768280921039860e-02 -2.855139956360320070e+02 9.772195508786579410e+01 2.057490424831663347e+02 2.469121131318241282e+02
8.189011226258136045e-02 -2.534345889847244564e+02 1.464456592568200506e+02 2.104547354791520775e+02 1.967205193915762607e+02
1.192236285931214529e-01 7.625147495897002159e+01 1.983834415207112727e+02 -2.519397752065180498e+02 1.772094223882310189e+02
1.718044352042977577e-02 -7.489086357724905838e+02 3.203750283419911398e+02 9.266641506945736637e+02 4.528136801121947883e+02
2.628118108846660972e-02 6.009099858274038297e+02 4.411669534807570017e+02 -4.813191753815484049e+02 4.211239152604244396e+02
1.145357001256435969e-01 -5.375827660812257136e+02 2.658824309892708584e+02 2.694109469514554007e+02 2.975141403529797230e+02
3.003107504378543097e-02 -2.335500163576011232e+02 1.656794426818499915e+02 -2.526210850193426154e+02 1.656794426818499915e+02
3.755554790270578674e-02 -3.806764152401227079e+02 8.202388641364061641e+02 1.325674548873139884e+03 6.144053018107616708e+02
1.098038366458038012e-01 -6.513961593388579558e+02 2.531755965261624794e+02 -1.549436511537112722e+02 6.772488315385961641e+02
1.771609066464756646e-02 -1.525488142975410710e+03 3.266211663470908206e+02 -1.489949013014657453e+02 1.958951522173238970e+02
2.014653751480233179e-02 -1.905101297473319732e+01 1.308902726792638589e+02 4.546265376477392692e+02 1.467694875361297875e+02
3.120325251788767795e-02 -1.232509117200778519e+03 2.994028835552422265e+02 -1.254188119374381131e+03 3.368761322820784585e+02
5.855964643901433869e-02 -5.861194139758195831e+01 3.968893586639354112e+02 5.072762890522510588e+02 2.618056204231847346e+02
1.748639729699921416e-02 -1.260941812982352417e+02 7.689977222712523997e+01 -2.794975653108475058e+02 3.409313650419175445e+01
6.000977833722420662e-02 9.794010837064917041e-01 3.235498630495641237e+02 1.322478801697059509e+02 2.321930750495354232e+02
1.112886731747227548e-01 -1.600758348987013449e+02 4.071796846942986576e+02 -9.263668770918457085e+02 3.441821713280791641e+02
2.856485681852486899e-02 3.119674211099118679e+02 8.083135812192332992e+01 -2.136335353155855046e+02 7.527382222183670990e+01
6.424765107500611527e-02 9.872616455842307914e+01 2.254467643536406740e+02 5.263814723594205134e+02 2.724376778487088018e+02
5.037504981429523354e-02 -1.114269212399058802e+02 4.014829237479425501e+02 -1.496343327491698801e+03 4.850843296682351706e+02
3.224735604227559754e-02 7.826740614924219130e+01 1.467974683272983327e+02 -2.138780354328467297e+02 1.862574642581656121e+02
7.907441659319082439e-02 6.190397602786393918e+02 3.798638628870853609e+02 -4.550036081988216665e+02 2.217953426213672117e+02
1.060823249240089167e-01 2.049617567511466405e+03 4.735345615215940711e+02 5.713067812273504842e+02 7.339087564064348044e+02
1.802366198441079231e-02 1.085899461912919605e+03 6.135609206724471960e+02 4.715586406141145517e+02 2.261591836122078689e+02
9.613014185667544120e-02 4.598821570426939331e+01 1.839743400254487540e+02 4.515350135653208099e+02 3.273893499291564808e+02
4.030900120946550452e-02 -1.732876056752191289e+03 5.354476047814126787e+02 -1.349331629461217744e+03 3.818124997292482590e+02
1.179676040862867592e-01 1.578008051290233880e+03 3.616182162708261671e+02 6.122549763483043535e+02 2.040005926191875858e+02
3.709661160223159254e-02 -3.764671901714954174e+02 1.301230202459735210e+02 1.282363800025502485e+02 1.240871469432757834e+02
3.095368073634758785e-02 -5.814709442713840417e+02 1.803938756424673500e+02 7.611719750338104404e+02 1.842478467031845923e+02
4.449283595531429436e-02 -1.925549542533788667e+02 9.437044427414006975e+01 1.264736247884094666e+02 1.168929179539210850e+02
1.247568512099312549e-01 -1.181911217942717258e+03 4.607531806920137001e+02 3.488766846217532134e+02 2.705238526393268330e+02
2.223479032802263416e-02 -3.191967420169687557e+02 2.279570911898298391e+02 2.831001273216358527e+01 2.250252430124027967e+02
2.285497744660412375e-02 -1.202226671268317659e+01 5.954804655967487861e+02 1.909572386890408552e+03 6.108391533678367296e+02
1.959982796096864169e-02 3.582259248950997943e+01 1.037185492454133993e+02 -1.448630200706264475e+02 7.638237850790588368e+01
3.867637337876094622e-02 -2.178148205867086062e+01 1.263169929801010625e+02 -3.785593284019221301e+02 1.072086517583050806e+02
1.186645679558597233e-01 -6.225440589514099656e+02 8.696256818777462740e+02 -7.928819531689499627e+02 1.164803144564629292e+03
8.763339652056140183e-02 8.483418474344762217e+02 1.903469488091565154e+02 2.366112505156895622e+02 2.409832606085213911e+02
8.151845009039085377e-02 -1.162174543889550932e+03 6.341563774276673939e+02 2.043063716933492969e+03 4.944068139264879846e+02
2.940862320212589420e-02 6.706725514621325601e-01 7.731707325153001875e+01 2.847859198242578032e+02 7.731707325153001875e+01
2.021418978610659695e-02 5.780713843326930146e+01 4.999827913381203359e+01 -1.621562111257586309e+02 6.200078711493470962e+01
5.894551678931564398e-02 2.329846646649285731e+02 2.264738193172368597e+02 6.004618605468789383e+02 5.701536551211470396e+02
3.315713817008336672e-02 -1.220052835461621754e+02 5.522648089395001136e+01 4.601836121178133965e+01 5.522648089395001136e+01
2.345521081404433952e-02 -1.192964080583764996e+01 6.010780251408619534e+01 -2.283109982816483239e+02 6.187862882479205240e+01
2.036400830579510046e-02 -8.010374166329745549e+01 5.379981021589820784e+02 2.525804195490790676e+02 4.037954056054160219e+02
1.904737858036038498e-02 -2.705210527852474200e+01 1.202449737997790038e+02 -1.328066371467602664e+02 1.118160531075485409e+02
1.159611457947683777e-01 4.023474420318199236e+02 2.422608088745181192e+02 8.278477512100729427e+02 2.107094923601978849e+02
3.638024610523930141e-02 -1.838011205778629460e+02 1.232799950960849031e+02 -1.553001267884794174e+02 1.008848099862681806e+02
3.195661022179359378e-02 -2.759295983435687845e+02 1.030238564949340372e+02 2.990573810313686067e+02 1.070879346260967822e+02
6.647460277285349717e-02 1.922883574539683309e+02 4.004615346173756620e+02 -9.011599444234298062e+01 2.879161392492948153e+02
2.861685965826395520e-02 1.240879612016522287e+03 2.219171628543770680e+02 5.238420416925791869e+02 2.463198780200550573e+02
1.848963033324333219e-02 -4.514459599389276150e+02 5.828133972425792990e+02 -2.348975112888461751e+02 7.333922833631487492e+02
1.127972524587921160e-01 6.016301950951969957e+02 2.004238860891933030e+02 1.920522915760309388e+02 2.527746904133238104e+02
6.054345292422943364e-02 -5.492159331752297931e+02 1.768399948619610086e+03 2.960990410588644863e+02 7.697388844275540123e+02
4.520763864261063275e-02 -4.064244676850300948e+02 2.104279650768110912e+02 -6.545455670226240272e+02 1.585473321186931628e+02
3.902057029875657945e-02 4.876567937282685250e+01 8.872096695539735833e+01 2.055768591242992329e+02 1.134387346880337191e+02
8.002145102507250696e-02 7.299131635719675160e+02 4.792754329257887207e+02 1.081869280731878916e+03 3.410029286183877275e+02
1.104866187611305423e-01 2.484297870895423443e+01 7.312970317144216779e+02 -1.189089795950434336e+03 2.883182212255392756e+02
9.385679749780856396e-02 -1.790180054419497822e+02 2.197566390749264258e+02 2.589637067572722628e+01 1.891138088878718690e+02
2.787255863255911834e-02 2.375077892027480289e+02 4.652083776603530509e+02 7.495749043861987957e+02 4.767493639183732057e+02
7.132933518904721604e-02 -1.021299649859571161e+02 4.354753783618774321e+01 -2.198350075503234535e+01 3.396433630053181218e+01
2.677641704043559265e-02 -1.217502478049570982e+02 2.260127304477990435e+02 1.213344418485147571e+02 2.301804159874948255e+02
2.733086907153635739e-02 4.524131026055219422e+02 4.369477762152585001e+02 -3.151939132630799918e+02 4.356996334415027263e+02
1.829802600141439833e-02 2.605184477410691102e+02 7.731707325153003296e+01 -2.071047988881313415e+02 7.731707325153003296e+01
1.885844108438291047e-02 1.109986787226523290e+02 1.813873783746805088e+02 -3.977182371938652068e+02 2.395361330728274538e+02
1.235325196691138133e-01 1.768895193768167928e+03 6.362468440859057637e+02 2.363242282535373988e+02 8.788368067553614082e+02
5.446853218114063727e-02 7.036462203509437074e+01 1.412676346999863313e+02 3.468357301146201053e+02 1.241895326211399464e+02
9.131121831832772484e-02 -2.893761518920040885e+02 2.587734038752968218e+02 -4.303243209005098180e+01 3.500001443563605790e+02
1.945173326198674710e-02 -1.201874968196494137e+03 4.892375958503557740e+02 -2.826323598626530384e+03 4.287885330541694771e+02
3.486560150261227425e-02 -2.660861394631704115e+02 7.731707325153003296e+01 -1.653543970300750061e+02 7.731707325153003296e+01
5.857842077387836327e-02 -1.154882464310056321e+03 4.552630499511172957e+02 2.393053970652727003e+02 5.524957358759382942e+02
3.072737453414065359e-02 -4.458480175724265848e+01 3.033274006331365626e+02 -2.067408120037842423e+02 3.369867572490274483e+02
2.426892172352580063e-02 -2.711931909409206582e+02 6.183553742852948432e+01 -3.698755256232530542e+02 6.015213162668221258e+01
8.425531243431341744e-02 -1.250534816701157297e+02 2.071689209392496878e+02 2.825002973116418730e+02 1.474458513006697444e+02
8.785964262034101635e-02 6.965023358109704077e+00 1.562436285905378668e+02 6.277527899616089826e+02 1.864329205057429704e+02
3.846354669548152777e-02 -7.077417502773624847e+01 3.270276767114671657e+02 -5.080903783935278852e+02 5.043933545602538402e+02
6.289014505299010682e-02 -2.208462160005835528e+01 1.191802169581105346e+02 -3.947969464347833082e+02 1.823554734913262791e+02
9.015464907008166606e-02 6.887537908691950861e+02 4.077635487966404639e+02 8.211705785477775521e+01 3.875476394295396858e+02
9.068531246592399786e-02 1.213939337143455930e+02 1.214982579666900193e+02 -1.728079021220339087e+02 1.214982579666900193e+02
4.145612642501291661e-02 -1.656762872394318720e+01 1.767247388606400307e+02 9.591287253577444005e+01 1.767247388606400307e+02
5.950744217319901830e-02 7.207170898963316574e+01 2.546381697557175414e+02 -5.177320221568440957e+02 6.107472979038907397e+02
2.981843939690008438e-02 -4.452657398129871922e+02 1.988153312182200239e+02 -4.769278876290466656e+02 1.988153312182200239e+02
2.716857628316598702e-02 1.066879014726269475e+02 4.307665509728100801e+02 -6.517858185003565268e+02 4.307665509728100801e+02
2.096380625139268594e-02 -6.643741905899150879e+01 3.534494777212800614e+02 -1.809543235968693352e+03 3.534494777212800614e+02
7.196369158771541430e-02 -9.916094410243686070e+02 2.688967201771523037e+02 -3.298095303363191988e+02 1.466678302209849960e+02
1.927142115456383087e-02 -1.096921244505580489e+03 9.329935972347091138e+02 1.806882532149522149e+03 6.119790279615731379e+02
3.674562483952072828e-02 -1.239814055746288659e+02 2.953946060788163663e+02 1.023298647162842826e+03 2.900862187109154888e+02
1.944679751544345359e-02 -1.984188858872629879e+01 3.907991538777466189e+02 2.186174473774061653e+02 4.380890035329665011e+02
6.728774542154133953e-02 -4.267346795913214237e+02 1.888924061168599167e+02 6.975594770691275244e+02 3.530237624285578590e+02
3.826782233661610300e-02 -3.118086779930356442e+02 2.775017643204828914e+02 7.055220427265260241e+01 2.268419329910222189e+02
2.526926172568141546e-02 -7.239558956034085213e+02 4.063367283898222126e+02 9.373991733548295997e+02 4.136647382601034337e+02
2.905920243563479485e-02 -1.482631747520486840e+02 1.041967970019040877e+02 -3.939178109316372911e+00 1.059470067728009468e+02
2.530948374086878366e-02 1.179886116234648625e+03 3.721994463346119915e+02 -8.774873961102932753e+02 3.685679731802741230e+02
1.913759935516881616e-02 -2.985377087171339099e+02 3.397151937209872585e+02 7.796509262787233752e+01 2.358719547520151423e+02
1.913806515304361522e-02 -2.129664346228947807e+02 3.279168986837433408e+02 3.617485627136541098e+02 1.830323790821468322e+02
1.175569330505783633e-01 5.384251064052273250e+02 2.122067626405784324e+02 1.681466861155042352e+03 2.854484271647934293e+02
4.493969263977166256e-02 3.095780691304061349e+01 1.519299361849870991e+02 2.630695332588113047e+02 2.080493097975063108e+02
2.066280819583715678e-02 -6.569634290146154854e+02 2.489828725594699961e+02 -7.422825498844541698e+02 2.265925827209422323e+02
1.164711057073440914e-01 -7.239021328719951498e+02 4.274058175290295480e+02 4.230075117485378655e+02 2.813062270508744973e+02
2.171635238540671128e-02 5.361598258227861180e+00 5.325576814893404389e+02 4.196845775121858679e+01 3.933486615597579430e+02
1.066471615303041937e-01 -1.960777174562518610e+02 2.357287511394989679e+02 2.500822684153379782e+02 3.286822708046906314e+02
7.414440998287215312e-02 -1.881607876917491353e+02 3.153010867930150880e+02 9.351108611340990251e-01 2.387203142367758062e+02
4.249131878362272935e-02 7.342440540609984510e+02 2.549418780381380145e+02 -9.763064097617575499e+01 2.880779432980287993e+02
6.336704024222768183e-02 -4.359396339931413991e+02 3.472328761371727524e+02 1.924760913979928603e+02 2.839101404127688397e+02
8.819456288685567635e-02 7.893218676017077939e+01 1.306198527838968175e+02 -1.247374553746820993e+02 2.494744937842115178e+02
5.234573877244932255e-02 5.547082652430360667e+02 4.537985232342394397e+02 -9.897788851649482922e+01 3.096632957646078239e+02
1.913693764444250600e-02 -1.876474204431171984e+02 2.313951461547493409e+02 -4.276822136219089998e+02 1.884548771997505980e+02
4.457421038207416697e-02 1.488598630941355339e+02 2.759561039156516244e+02 5.273285945096961314e+02 3.109987123932775717e+02
5.775933274068992956e-02 -5.742782848006308996e+02 1.867727492724331455e+02 -1.084503344529106698e+03 3.375710187433043075e+02
2.697452670877718145e-02 -8.170321354876266469e+02 6.977566696612806254e+02 -8.768337405474015895e+02 6.987633228690544911e+02
1.912313224590176525e-02 -3.896192995721527268e+02 2.320289650471255527e+02 -6.177320861942068859e+02 4.638635587189086209e+02
2.095259757898939104e-02 -3.366192708203315078e+02 4.073679554583019922e+02 1.308149896310686017e+03 4.441183230184569766e+02
1.964602813742729465e-02 -6.222767912461438300e+02 5.225632873963195379e+02 1.677217551224274246e+02 3.646077946166946049e+02
2.592765284797838438e-02 -2.461539294302542373e+02 3.641824372016977236e+02 9.756629254938916063e+01 3.766535937801680234e+02
2.927405767682390164e-02 4.542693089875090351e+01 1.705345172159758818e+02 -8.990548774188968650e+01 1.720444404525873097e+02
6.035081829323216129e-02 -2.363339287455863200e+02 1.281833723950547892e+02 -1.443800335829207881e+02 2.226437696294062505e+02
9.319146842219462601e-02 5.243073024503854640e+02 4.464564593348348467e+02 5.919374624221744341e+01 2.757306605468959333e+02
8.970313541969250626e-02 -2.664427393633466750e+02 4.789180136624568149e+02 3.646607324388202187e+02 3.094571360452466706e+02
4.015456155584756770e-02 2.206013083327484878e+02 2.183788373124037037e+02 -5.034539101758832089e+02 1.831986066734494614e+02
1.940501397796521449e-02 -3.688867549962457133e+02 5.508334941786481522e+02 -1.285997169552890909e+03 2.244511259824752472e+02
3.046142943173148210e-02 -4.871715765386511521e+01 2.033431853637795257e+02 -2.235552304238977968e+02 2.054764410461423552e+02
3.337615666111334867e-02 -3.226704536068900211e+02 5.522648089395001136e+01 6.682814877289445121e+00 5.522648089395001136e+01
2.080729275007819901e-02 5.539587372406671761e+01 1.142216485771950545e+02 -2.710141045707207752e+01 6.055756573776063334e+01
2.069345862339913578e-02 -4.329368820853727584e+02 6.468199561023795923e+02 -2.124578511045881442e+02 4.401031224885742290e+02
1.049732540054075930e-01 1.608992000569198240e+02 2.761324044697500426e+02 3.723491054095991899e+02 2.761324044697500426e+02
3.846914569741244350e-02 -1.081598735894599031e+03 8.574408850363071224e+02 1.538353029061904067e+02 1.089721319999162233e+03
5.900247352811705676e-02 2.006452314608766301e+02 2.968716288235216325e+02 -5.353460656277777474e+01 4.167447207043244362e+02
3.204480503804926078e-02 -4.919448373148010205e+02 1.698348520130433599e+02 2.030580504708775038e+02 1.727351559307991238e+02
7.857315282785455601e-02 -8.810393323588066323e+02 5.466757572523432600e+02 7.941893353785669660e+02 4.595885419491232255e+02
1.212185108880988460e-01 -3.086693698373796906e+02 7.979549655598286790e+02 1.107222662985501074e+03 3.824325826739105310e+02
1.966114482711528097e-02 -4.189375185231015735e+02 3.075921984442846906e+02 -1.978700340719217365e+02 1.687708335065616723e+02
6.666259606086261114e-02 3.526902938387341351e+02 4.594280959049420971e+02 5.288766346072075066e+02 4.136995736350292532e+02
3.249969807873828026e-02 -2.153222815591650772e+02 2.378094958098475331e+02 7.296649910049085008e+01 2.500344891322125136e+02
1.987662724333709441e-02 -4.551320467480121806e+03 1.874310169782066566e+02 2.446306186432123013e+02 1.770842546885109812e+02
2.344857927496746611e-02 -2.292068125770665119e+03 9.161679184917550174e+02 5.628854385210959208e+02 6.583672240494961443e+02
1.085468287340036059e-01 1.966869514608025895e+02 5.167910263004172293e+02 6.344524417642426783e+01 4.445442378636681156e+02
2.442122440524258781e-02 -5.064348214928533025e+02 4.495919196677576792e+02 -2.144805720555420407e+02 5.104974759673681319e+02
9.929142035842213054e-02 -1.421642222518148628e+02 2.634906321740064641e+02 -4.639387744432480076e+01 2.228077395636937865e+02
7.706128573300531637e-02 -1.744088400836278652e+02 2.157598519704505691e+02 -2.239437119009270134e+02 2.827723482926476208e+02
8.291778681263564654e-02 -1.330107222213211173e+02 1.740515329859880183e+02 3.817196415865195718e+02 1.252977409194966469e+02
1.062422874626070546e-01 1.652925883939662697e+02 2.308797326706356046e+02 -6.607780150484359183e+02 2.000586246953340037e+02
2.000525695089498679e-02 2.238465392347146121e+01 2.091513384857822473e+02 3.656310618431954396e+01 1.665739423452565688e+02
2.155300553295984647e-02 -8.849927942116414670e+02 4.000211665601764253e+02 -9.806862195974539418e+02 2.939730821210768568e+02
4.231495057834895601e-02 1.541392587904425682e+01 6.400053820746454392e+01 3.137443406840799298e+02 8.223018686847944991e+01
3.112733820241515501e-02 -4.775844489666118307e+02 3.562478297992734610e+02 9.156929751606201080e+02 3.624340650876038694e+02
2.018451099384819744e-02 -5.854563669120223039e+02 3.318781487399691059e+02 -2.954846181681720054e+02 3.529619506403633409e+02
2.977820031687945443e-02 -1.848759197810846899e+01 1.321356842886978029e+02 -5.552730937011292554e+02 1.365713621884424072e+02
8.087308036719538518e-02 -1.865617308468100362e+02 3.015647977428383797e+02 8.464771742750405110e+02 5.501145808728812199e+02
2.395197794100408298e-02 -4.112560768544803409e+02 2.585341923693110289e+02 1.720701632019787439e+02 2.164780276404328276e+02
8.426629192606867325e-02 -2.328838811843321821e+02 7.624522429415097236e+01 1.413862948034325200e+02 5.669708793621496312e+01
5.390798164594738651e-02 1.839384731190693856e+03 3.327594213782691668e+02 3.257059001339202950e+02 7.108895373078887587e+02
2.008795424447034489e-02 -3.229430652757066014e+02 2.101090417775763513e+02 7.134352603917623128e+02 3.643516346817158933e+02
2.796347203874812240e-02 -4.654020908576852662e+02 1.767714537286672680e+02 -7.963523608691356230e+02 1.797584682468985022e+02
9.261115922735629891e-02 1.115326523980770332e+02 9.995480662184985476e+01 1.881089899860020296e+02 1.099580710214604267e+02
8.495673459419804396e-02 2.809073119900244251e+02 3.936955358899841713e+02 3.931666517193396970e+01 3.251380693589411521e+02
2.019520137446633931e-02 9.648062705345313361e+02 7.821283416758139992e+02 -7.359712997141225799e+01 2.819913856954084963e+02
1.246076576914055406e-01 2.848807607473014514e+02 4.381029099595121465e+02 6.753276701853444308e+00 2.711728665456401473e+02
4.046531107678189021e-02 2.906208008998034984e+02 8.575882175438223953e+01 -5.978473035099639787e+00 8.019515346218192064e+01
3.649313654377667887e-02 -7.086587658635461366e+02 4.728609061811889092e+02 -6.386123610300134033e+02 4.558393343186384072e+02
3.345787143190823154e-02 1.803425625976787785e+02 2.050441056560175355e+02 4.118079848241476952e+02 2.168314302403477996e+02
2.090917845694749769e-02 7.868643133108998882e+02 4.560730199818611368e+02 -1.574644791111745974e+02 6.305539551808481065e+02
3.392516179254621150e-02 -9.926665661735640356e+01 2.068137581287637090e+02 4.126850818615454841e+02 2.344118643714280950e+02
3.185166415451024663e-02 -3.426124819776447339e+02 1.860335685538425707e+02 -1.096515737471089693e+02 1.901333232863053411e+02
2.515527755216109482e-02 -1.230933443929328206e+02 6.854260816268497081e+01 -3.673643736652635425e+02 7.848428753277185876e+01
4.866931209293272331e-02 8.272827414195842266e+01 8.255568295040071689e+02 -9.050197457440903008e+02 1.189999703319689161e+03
1.075689219762574061e-01 -1.213264431826757800e+03 5.728231002576836772e+02 1.978490837898740153e+02 5.318294113139646697e+02
8.712285217030504847e-02 -9.515940001438389118e+01 4.486019371609915396e+01 -4.270847674996571186e+02 5.467635955802994374e+01
1.213980736951218165e-01 -4.504633401769745404e+01 2.995669674142320105e+02 2.997188924592255148e+02 3.412289721121238699e+02
2.125315015348523684e-02 -2.225931249462601045e+02 4.488775248427537008e+02 -2.054180915815488788e+02 5.242054710729416911e+02
5.833594842347764736e-02 3.633284806341794138e+02 6.205794942875393190e+02 -3.541230976879433001e+02 4.799623581086965487e+02
1.147738111554229279e-01 -6.616503180939928370e+02 3.762639756142020246e+02 1.542571926802311850e+02 3.969457250046565946e+02
6.422709036340831790e-02 6.823306697216989392e+01 3.164300630238284953e+02 8.205134609705399953e+02 1.563091578032137363e+02
9.864106392790537858e-02 6.531454968058367285e+02 1.478882488800365707e+02 -7.596919672870178601e+02 3.360617251733594912e+02
8.319302966682204370e-02 -2.227748136009416839e+02 5.809800501405977684e+02 -4.042135960425946450e+01 5.131326603801442161e+02
8.486669994776806225e-02 -2.471701308236521868e+02 4.576691459139196922e+02 -2.616545289755249541e+02 3.506922437105990866e+02
3.014224171024459942e-02 -4.673603187782226200e+02 3.909149289188886200e+02 1.157857243728517233e+03 4.021166818476248181e+02
3.731063165486575572e-02 -2.327364013718511160e+01 1.325435541454800159e+02 2.750743895841450239e+02 1.325435541454800159e+02
8.416587605658230886e-02 3.176545436612628350e+02 3.892506783160563941e+02 1.651970007088447687e+02 2.353581955467226408e+02
7.280676940753846860e-02 -3.865824321052717778e+02 2.402904690292932059e+02 -8.122456322031483751e+02 3.141061194180141456e+02
3.823848406596762339e-02 6.048440092002140034e+01 8.007505764721273067e+01 -2.049694997522646815e+02 6.667726498639351007e+01
7.651573879021397739e-02 -1.103188587746286231e+01 6.490656405575160193e+01 -1.013872204363853911e+02 4.616344291417883738e+01
2.846424695103295585e-02 -7.822798060230286410e+02 3.495067941832413112e+02 -1.959852199417757106e+02 3.568361973225433985e+02
5.682334798385459129e-02 -1.080162695893364244e+01 2.320488396064223195e+02 -4.653375444697842767e+01 4.462940346899241035e+02
8.230411405335706643e-02 -1.269804786226117699e+01 1.435888503242699983e+02 6.864790264067354428e+02 1.435888503242699983e+02
5.591363786261329544e-02 3.712406935155108840e+02 6.163879753103866506e+02 6.054920278674210294e+02 7.122074473363149991e+02
5.878557305261854216e-02 -7.792322060789927036e+02 4.457130008678005879e+02 -7.641976579883456111e+01 3.146687559796346818e+02
2.899004791853821567e-02 4.327034664005779518e+00 8.936533135309208831e+01 -2.491002249670284812e+02 8.873359764028023733e+01
2.955710133376193011e-02 -2.323688278569530610e+02 1.576809305193130228e+02 -4.764053635426123492e+02 1.586068627084361538e+02
2.715085329081695989e-02 -4.611796633413916879e+01 1.813531996951838607e+02 1.853694641823026643e+02 1.833036724792740415e+02
1.194325534257781735e-01 4.876772620926384434e+02 3.715879802747735425e+02 -1.008009862069262681e+03 2.167814569598062349e+02
1.247013266718378921e-01 1.151495895823773026e+02 4.437997367223188689e+02 -9.726713210787301023e+02 5.063481718873385375e+02
3.381239116621452545e-02 7.205534685883485508e+02 3.492875802141763302e+02 -2.290694815688776771e+02 3.466487316396145388e+02
6.331590395856506737e-02 1.688765155541904335e+02 1.844593241073717707e+02 -1.269639475841677495e+03 1.585687960264887124e+02
9.885577767962946960e-02 -6.991331829757393734e+02 4.021570021798252696e+02 -1.348866980071322246e+02 6.421798853020904971e+02
7.867465181354453552e-02 -9.789951843900344102e+02 4.464024100490065621e+02 -2.246530895931294708e+03 8.373018080478049114e+02
1.146153850201565988e-01 -6.004237802276391278e+01 2.082550776841245863e+02 -6.269328942261458870e+00 1.567897471615275435e+02
4.617706165809207230e-02 -1.339247710587501388e+02 1.089427433093053992e+02 -7.202482171969326146e+02 1.529348382120685415e+02
2.989684798858470438e-02 -1.610734607968311707e+02 3.500466477807430010e+02 3.133517867047102641e+02 3.520006407457156001e+02
3.027797833585662429e-02 -3.546403615437584449e+02 3.209013852564126523e+02 -6.576914444990056836e+02 3.201060588444218524e+02
3.123074632025185995e-02 -5.023425210666675866e+01 4.418118471516000767e+01 2.488261345207368151e+02 4.418118471516000767e+01
5.473330072875190466e-02 9.196473402467593417e+01 6.091236720277961467e+02 2.829653071476823811e+02 5.009162107515623461e+02
2.132520467136329173e-02 -4.569441261793193121e+01 6.682370781645443003e+01 -1.011074055737988431e+02 8.794571530995939668e+01
3.230285230903565813e-02 -1.084381922499464508e+03 3.505515597483127976e+02 -1.010994690305006202e+03 3.727231280632868788e+02
5.626222493317418333e-02 -7.668297897150647486e+02 3.681480161996969400e+02 -5.914006809663283093e+02 4.782831392097426715e+02
1.022059149708886422e-01 3.695873158575129764e+02 3.708425380284111270e+02 7.378084835985212067e+02 2.501069031019395368e+02
2.844263309744433574e-02 1.005918515329787226e+02 4.202652950917765793e+02 3.668873800347120806e+01 3.992006226503305015e+02
8.243344688705320222e-02 -1.293392153421259536e+03 5.255557305751186732e+02 1.317903223285074546e+03 8.946667166106502691e+02
2.275246495569134553e-02 -3.560539060428330345e+02 1.558111824667232668e+02 -2.257359901095847476e+02 2.124619034712912651e+02
9.506785599688623301e-02 -7.789790395896068276e+01 1.320142287952148195e+02 2.106687283521727494e+01 1.220731904640033036e+02
2.126894280319241090e-02 3.081920502681465450e+02 1.987522824822542589e+02 1.183127952650008723e+02 1.105663732932578682e+02
7.560354617759795781e-02 -1.798745930861450972e+02 1.817075934808776481e+02 -5.426604478239220271e+02 2.280687443346668886e+02
2.134678918566013800e-02 -1.253686980513474055e+03 3.431155754233879520e+02 5.668994326613450312e+02 4.302001242174047206e+02
8.130478709653726765e-02 5.893119157028103245e+02 3.721619362914429416e+02 -1.094030687067513327e+03 4.577744059674324149e+02
4.484922057535499496e-02 3.433617214204303991e+01 3.696051223027232027e+02 5.764621388515914759e+02 3.817024222776345823e+02
6.639821372112991726e-02 -1.418416549548869057e+02 8.469849228707214195e+01 -1.130239321768814591e+02 1.279526825275462301e+02
3.736899770736117066e-02 -2.368369556221646803e+02 7.672822926487934581e+01 1.730769882984342587e+02 6.223073395077029346e+01
6.429313175007185521e-02 -4.792248410433541750e+01 4.553647896130313484e+02 -1.185187315593199031e+01 4.725440215272763567e+02
1.079654009777062940e-01 1.223398075039512833e+03 3.361551518612397444e+02 4.445750111995420184e+02 1.188369529935110194e+02
3.236825608983263242e-02 1.833152116226308124e+02 1.657440015465936085e+02 -4.805700499074956156e+02 1.592303543786402429e+02
1.248139013175376677e-01 -3.796871793534375001e+02 2.849455465293714269e+02 -2.297975827145321546e+02 2.020014930397071282e+02
1.241352964324124036e-01 4.357562062237571467e+02 2.219806147496544497e+02 1.715582332912592847e+02 2.531032912616464046e+02
8.209661987874825040e-02 -6.881890515824208023e+02 2.395794435388317538e+02 9.506384657158070013e+02 1.921108613485816079e+02
2.325502088011790341e-02 -2.045224966709932914e+02 1.396185874765991173e+02 -1.148745704088073580e+02 1.154307789811892633e+02
9.700605906705057901e-02 -1.295114843197905884e+03 5.070326809308573957e+02 3.881399457399700168e+02 1.006622543802133350e+03
8.905948552143407027e-02 5.871596034311453423e+02 5.132427176479303625e+02 -1.088935601624192714e+03 4.160442139128523991e+02
2.757586339834836031e-02 5.512442590888465475e+02 1.761574481578291227e+02 5.243158754860494355e+02 1.513007613062177086e+02
2.660039861280227499e-02 -1.193344853184868555e+02 2.953088334332048817e+02 -5.005122207080069785e+01 2.397561139188540835e+02
2.177771496172323240e-02 -1.832220221708884367e+02 9.939433484713934774e+01 9.112226267403903535e+01 4.421116674531968016e+01
1.056157988643765533e-01 -6.185956988448690481e+02 4.807440489910063093e+02 1.791190333012984297e+02 3.497356286119003244e+02
4.020372476810117612e-02 -2.532053667937651653e+02 1.453309351363782014e+02 2.644858215409217905e+01 1.109347864104704939e+02
3.972832882417026701e-02 1.223288599575234230e+03 4.297665789480948320e+02 1.246608004980964324e+03 4.559518378123485149e+02
7.283231709921006436e-02 -1.528612880083427854e+03 3.669770268943977953e+02 2.425433947387747935e+02 2.768201238144486638e+02
2.217606766363526896e-02 1.109188334019210913e+02 1.417363331810936131e+02 -1.703621020365265792e+02 5.982084908920523958e+01
6.648434443002691763e-02 -1.273386621664546283e+03 3.956813382114821707e+02 -8.591208157655437390e+02 2.841188003693368387e+02
8.351794226452184666e-02 -4.549923893515642703e+01 2.118192410336413900e+02 -6.941151967391634798e+02 3.345157224901770974e+02
1.175953582072633841e-01 6.624360189351446024e+02 2.533027837809600555e+02 5.693947860786777255e+02 2.327580511511758345e+02
3.073981149967130663e-02 -1.059815410209687343e+02 1.982328989786802254e+02 -3.256667279421920966e+02 2.009198408712176160e+02
2.811565166153122755e-02 2.450251350908175141e+02 4.304259312280229324e+02 -3.051779196606389633e+00 5.240878913593661537e+02
2.632301951385150260e-02 9.977302406549607667e+02 2.864609564478908510e+02 -2.607898392828211627e+02 3.130654984543912747e+02
8.221200315169591155e-02 7.378380434532084564e+02 3.484912391783561247e+02 -1.563979326794994904e+02 6.543373775061976403e+02
2.723451905866474537e-02 4.921787011381896093e+01 2.174459633468307800e+02 -3.007043288994691466e+02 2.413421100117853371e+02
5.878421143731145382e-02 -6.444935886263353950e+02 4.535565950591415572e+02 -7.452788175359610250e+02 5.088997537440806695e+02
3.243559384466431633e-02 -2.828076050270930182e+02 3.246822192620388137e+02 -8.606558925260093247e+02 3.164633359982599359e+02
1.031178862408687752e-01 4.221000914987496913e+02 4.408123441674049445e+02 1.658391890521158984e+02 4.207708607294627541e+02
6.355604361451405726e-02 -1.324004915814727610e+03 4.124204254402757783e+02 1.385541622523381420e+03 7.938639660811215890e+02
2.426068837704139364e-02 -5.698022955562748848e+01 1.294830564953291798e+02 -3.418189597120987173e+02 1.595169034834119657e+02
3.588369876933578811e-02 -5.517838133364020905e+02 5.838833152019792578e+02 -1.107759177685906025e+03 5.763214138862273330e+02
7.745167087281265572e-02 -1.164509510212322709e+02 4.634796863732410088e+02 6.389470545605809093e+02 3.262036312081939968e+02
1.015902934507026401e-01 -1.128285292001903741e+02 5.207869543615977364e+02 1.267173218882026902e+02 2.934531528085351511e+02
8.679063701359414351e-02 4.644178581557780490e+02 3.047673833929594593e+02 -8.201526726766757065e+02 2.378341594985259633e+02
4.530974156994967833e-02 2.339790442252180469e+01 1.555298333830701836e+02 -5.655293396848685461e+02 1.780050980280869339e+02
5.314147914506887199e-02 4.200719171498367359e+02 5.123447448131565807e+02 -2.866861257843349904e+02 7.805015237114438378e+02
2.375468466653587324e-02 -4.551441967483308986e+02 3.461407636405348285e+02 1.428095782641746155e+03 3.720988303112023914e+02
2.265706235806868793e-02 1.163966416090939049e+02 1.428045932581477189e+02 -7.950848448576419969e+01 7.875618006228512513e+01
5.467704917834356054e-02 3.735909973167294993e+02 9.616618516626475639e+02 3.373612118713804193e+03 7.100533122658675893e+02
2.282551133435433907e-02 1.004485871849102978e+03 5.161223487074798868e+02 -1.241335437156352839e+02 3.905903257482900699e+02
2.327243555701796751e-02 -6.849517298991290772e+02 4.518523495283753277e+02 8.805239605120702890e+02 5.776860212212435499e+02
6.236587650094609775e-02 -2.788120589826160085e+03 7.557213601650843202e+02 3.902435077518371145e+02 5.700567562788969553e+02
7.855616579295106316e-02 -6.227641262388300447e+02 4.391618351464214811e+02 -2.859514648413471605e+02 4.115223323033799261e+02
5.293756468296618306e-02 -2.081706699176197617e+01 2.262441292531117938e+02 -1.361117409310353878e+03 2.052863810669229565e+02
7.330241950046002819e-02 -2.378039985804724310e+01 1.250545175831539666e+02 -1.430873632211301860e+01 1.517725719150691077e+02
1.229384503191661981e-01 -6.441795431347302383e+02 1.630786881294527291e+02 -1.273823111791611353e+02 3.160978585173044735e+02
7.534430145612538987e-02 -2.901036528773529426e+02 6.017761162581036842e+02 6.083817698365107844e+02 5.475671046709823031e+02
9.056298469912744953e-02 -4.371278434177859253e+02 3.128186279963200036e+02 8.728602798522103967e+02 1.794295937753517194e+02
1.049304934005331758e-01 2.552808330603246816e+02 1.863415786811316366e+02 1.521937048302175413e+02 1.563525547538710327e+02
5.635213741732985476e-02 -4.493731800791424575e+02 2.268610244929790554e+02 4.804278369380281788e+01 2.046044472611692697e+02
2.302079076594375912e-02 -1.199984474457899353e+02 1.807333950009954435e+02 -5.479466905567913670e+01 3.291895869650940654e+02
2.968280897537832128e-02 2.725748765562588005e+02 2.500696979113807572e+02 3.210898874483300460e+02 2.188009367767205902e+02
3.332865727434992931e-02 -1.049124966116965197e+03 2.218616331982368592e+02 7.009252685292284468e+01 2.205000385299734944e+02
8.219014123918738646e-02 1.560507705590613909e+02 4.259893441885975562e+02 -3.177487220264562779e+02 3.700666700410106955e+02
3.685883554023550862e-02 -3.136592838020761178e+02 1.134702635808295241e+02 6.739548386561840232e+01 1.084813806774695450e+02
1.041120874271796171e-01 8.834426389722211752e+02 5.046006498673200440e+02 1.178607528773006834e+03 7.723743851509148044e+02
2.389150004699727020e-02 -1.233679001988903394e+02 4.631172046844191641e+02 1.290475729714720501e+03 4.536601375184068274e+02
1.174438079957495079e-01 8.412035743376098935e+02 4.950304620186581133e+02 2.744111043375822305e+02 4.440604119975328103e+02
2.592932329263830313e-02 -1.347517738585398774e+02 3.030042761029269514e+02 3.995920437012864568e+02 3.157944900034424336e+02
2.308433748002478372e-02 7.466094810076303929e+02 1.656853381460514356e+02 -3.094659719407144749e+01 2.209015018547275986e+02
4.403274142214284176e-02 -4.127241228046170249e+02 2.722926944754452165e+02 4.955248961923228990e+01 2.237213231470892936e+02
9.697938767522286396e-02 -1.042145343092090854e+02 3.590666987098087475e+02 2.181853650066055650e+02 4.372589020964511519e+02
3.474989654810127504e-02 1.820042840590235755e+02 4.436093337620509942e+02 2.101950030735441999e+01 4.809404671874259520e+02
2.444663362255255698e-02 -6.780934265088164636e+01 4.119899790466041622e+02 2.631351705439449802e+02 4.387231525674987438e+02
1.224920062412297311e-01 3.461124321862209285e+02 3.395183996786831244e+02 -1.869122443874229589e+02 6.642926478766571563e+02
6.604583674821477846e-02 5.792359072276284451e+02 2.758795552706752119e+02 4.617840094005890705e+01 1.938894944518613102e+02
4.693758546451039237e-02 -9.151140772639087118e+01 4.352457828674874918e+02 -7.846811135982272845e+02 5.815538785872961398e+02
6.668130705236322009e-02 8.081148654998265783e+02 2.281629816659147707e+02 1.745372213252949223e-02 2.031515642823654844e+02
5.659192910447698871e-02 6.396049916533377200e+01 9.811119497288260050e+01 -4.749611724483801822e+02 1.542783230546141624e+02
3.760314042528306588e-02 -4.003889212952490340e+01 6.652745918167403261e+01 -8.194970338465424220e+01 5.919462875842911842e+01
2.581916264262459210e-02 -1.207695741873872066e+02 2.249664233429109288e+02 3.281290762225294202e+02 2.392422249414530029e+02
7.482608719383214424e-02 -2.835208638977429700e+02 2.229825948920624796e+02 -4.257185729910507348e+02 1.275930542332291964e+02
6.767617768831375724e-02 8.316670569073980346e+01 3.274473559469050201e+02 -4.940530817248163089e+02 3.693363896703590399e+02
2.546321952541249004e-02 1.240223068910068349e+02 2.032462408580036595e+02 -1.092757682440988845e+02 2.649484033430750287e+02
2.440178716259226027e-02 1.560471169376441765e+02 2.953832568604213975e+02 -7.116155208319629537e+02 2.573381621610738534e+02
1.089869495266218152e-01 -5.279098414334489320e+01 1.662118778078662444e+02 -2.443382112024728769e+02 1.762240696622137932e+02
3.252531718271782502e-02 -8.127497142557783150e+01 1.071567686110938808e+02 -1.298633911506187246e+02 1.098323745647281129e+02
2.891133214085880171e-02 -1.863663292361544563e+02 1.724292738563715375e+02 -4.833003171808736624e+02 2.168069292857560981e+02
1.068342378084971012e-01 -3.963124742183858302e+02 5.533473790020418619e+02 2.776271705198328164e+02 3.163256368311353981e+02
1.142568433120574323e-01 3.255031546137087162e+02 3.571145289219036272e+02 8.411620406986795615e+02 1.146017528866395025e+02
2.395882410296181278e-02 -1.136726074152098590e+03 3.272127753751722707e+02 8.138231930835080448e+02 1.528014020819061898e+02
2.400263372819776489e-02 2.727190143609362281e+02 1.446730241289587866e+02 -2.582506501263626433e+02 3.374583431665010380e+02
2.541115305119858933e-02 2.039737368211967095e+01 1.341119117439879176e+02 -2.535167127383229158e+01 1.421251097144139806e+02
3.739903321619891113e-02 -4.418016114792764597e+02 2.319512197545900278e+02 2.543560614203173316e+02 2.319512197545900278e+02
3.981744970414289458e-02 1.015420243095663011e+02 8.576291744649705606e+01 -2.760325385202093003e+02 9.222004006234449491e+01
5.835740152973110245e-02 -2.606074554102515890e+02 2.563575435710553165e+02 6.025596321380102154e+02 1.507639592879525594e+02
7.410144918790263768e-02 9.312628910493042440e+02 2.850013471793087092e+02 6.104531971045271348e+02 2.674255762596853856e+02
7.163845221318658474e-02 -8.310252644819083798e+02 3.515062098629586558e+02 -1.247345240836765242e+03 5.215004706011656026e+02
2.540545983605696154e-02 1.118833449467763899e+02 3.673948515337654612e+02 -2.926676448443652703e+02 5.017534081629982552e+02
1.098834335837938769e-01 3.956853632130670348e+02 1.859178912341048715e+02 -4.274751982347967214e+02 1.459790454661831234e+02
2.406195610837521398e-02 2.119447345338506352e+02 6.813489617608223625e+02 -1.861913120016696666e+03 2.845614015583015544e+02
2.527864131693918423e-02 -1.414583831499076268e+03 3.925405865252325839e+02 2.070056768353701955e+02 4.365293135844333960e+02
2.825169603551985417e-02 2.534263858681881345e+02 1.001166144136151104e+02 -8.534769917279834317e+01 8.104609011206997593e+01
5.689583201993209799e-02 -2.174582867933882540e+02 4.263314181070805944e+02 -3.032931735200359071e+02 5.729899941474978959e+02
3.343654061221772167e-02 9.402547775756801229e+02 4.033480064278793407e+02 -5.617717606200355931e+02 3.995379850700047086e+02
7.699464075157601284e-02 -2.934863128678306339e+02 3.092682930061201318e+02 -2.194077839528553113e+02 3.092682930061201318e+02
6.491911181853325663e-02 1.220313543727655770e+03 4.001972508675111726e+02 7.427891201105594519e+02 3.522766286399738078e+02
1.266351454466660420e-01 -6.603879389211830357e+02 9.619672864516040818e+02 3.043387082337504239e+02 6.555753423941428082e+02
6.105922185196405172e-02 7.489996195991834611e+02 1.068565271179086039e+03 1.349261005281051666e+03 6.853972134796626960e+02
2.716923693798209416e-02 -6.249093564357595909e+01 4.418118471516000767e+01 8.646746150928953512e+01 4.418118471516000767e+01
2.441666424992359682e-02 -1.072426610514754231e+02 1.983526601655582624e+02 1.236148105928208807e+01 1.772438756572945522e+02
6.148539558630825019e-02 -5.279190892285923837e+02 4.977344432368799403e+02 -8.570763731952113176e+02 5.889664191397605464e+02
2.420434342121789012e-02 1.989398441249994107e+02 1.436667335282650129e+02 5.640229605746392281e+02 2.208552799587126287e+02
3.059952052762587513e-02 8.943702894968492956e+01 1.104529617879000227e+02 -3.823342457862041783e+02 1.104529617879000227e+02
8.557458918492708011e-02 6.341963544713046304e+02 5.258972060068216479e+02 -6.829758124766324272e+02 7.651627329668273205e+02
3.929127551047590511e-02 -7.409046415654856332e+01 9.533751912448127541e+01 9.432239115506743588e+01 9.273914901691817647e+01
2.721346073113528261e-02 -1.158759040262957996e+02 1.483231709860230865e+02 -2.439926481217562753e+02 1.614548624646065491e+02
3.449154498733057045e-02 -2.340658391781846603e+01 5.552236673547469081e+02 -3.436957430308439143e+02 5.542647861271578904e+02
2.559208435092897790e-02 -2.091649552948248925e+01 1.372042959772099096e+02 5.940797790558809055e+01 5.376547416268675761e+01
2.521730890388259802e-02 -7.129568469213795652e+02 2.278060878061842800e+02 -4.277484022552698661e+01 1.606781689241354627e+02
3.963227919829188928e-02 -2.364130298304863800e+02 2.516205869503065742e+02 -1.066799515123739184e+01 2.569154762964033125e+02
4.190581180172053138e-02 -6.624914350713675049e+01 3.454319662246081748e+02 -8.014107985527459732e+02 4.132666822362602375e+02
4.531494118558988121e-02 -8.947694160816651276e+01 1.350134049232933648e+02 1.713802254151471516e+02 1.003745395612234006e+02
2.848786987391881825e-02 -3.272034643851213218e+02 6.567488566642124397e+02 9.051715013219976527e+02 5.285097879792760978e+02
8.909236674425791147e-02 -2.626437861933836189e+02 4.483860102261925249e+02 -1.069356888699069714e+03 2.039733731234878746e+02
9.632641886586849889e-02 1.092510830695923232e+03 3.004795780822562961e+02 -4.501641759046947300e+00 3.293139685796165281e+02
7.369509047481118125e-02 2.044841524518410836e+02 1.789351827372935588e+02 -6.332936117771620133e+01 9.600893840503914589e+01
2.656413864785062487e-02 6.358595916777139934e+01 2.234596683544519067e+02 -1.513050371729706853e+02 1.769655974813435648e+02
3.633003037592443668e-02 -1.994204692502455600e+01 6.726970031669605987e+02 2.814815142052635792e+02 6.660016678050984638e+02
2.733162945006883254e-02 -2.498872304257415777e+01 9.299913876388168887e+01 1.665890231318524002e+02 1.065782589848226820e+02
9.028914105780379284e-02 -7.649239672069599010e+02 4.452151674556464513e+02 -8.432521778728935260e+02 5.857397881748737518e+02
6.344974320118774991e-02 -8.371053395405223796e+01 1.541280808977947459e+02 -3.538830217959790616e+02 8.212293588310815551e+01
3.316564781505364906e-02 -7.436798688546491576e+01 3.513995909268946889e+02 7.871413819457682166e+02 3.585629210020073856e+02
4.689019505835741175e-02 -7.465772073311137547e+01 3.187975726056716894e+02 -3.917185586237731059e+02 2.276890551577749591e+02
6.179167377307083486e-02 -8.034478139135405854e+02 3.562127473872855035e+02 -2.977357950522288661e+02 3.187723260544811978e+02
5.668931835182293433e-02 5.645492053641905841e+02 2.899629866550370707e+02 2.673701143535970459e+02 3.307736306087879825e+02
1.118071641137353411e-01 -5.542171186032932155e+02 1.226758967128723441e+02 -7.571139305211187320e+01 1.425840418562983700e+02
6.446198848987454155e-02 -2.823535024619313845e+02 1.691358563656665979e+02 -4.835800468076308789e+02 1.846627354869677617e+02
4.282589543821275352e-02 -7.983773682005445949e+01 1.773300749592434613e+02 8.464786282059012024e+01 1.665033027852232124e+02
5.892232906908687756e-02 9.493520121526407252e+01 1.325435541454800159e+02 4.640025444937325574e+02 1.325435541454800159e+02
6.299462226014708455e-02 -8.086442205605624167e+02 6.073210635265944575e+02 6.909147829951045878e+02 6.527662619816651386e+02
2.500284317232261133e-02 -7.924817798494288468e+01 3.531139576997480276e+02 -5.363824936717543324e+01 2.214418507191975323e+02
9.162806043409933709e-02 1.676846660437371384e+03 2.888800130635551113e+02 1.819903176612033917e+02 3.076788046991571264e+02
2.625165894698110527e-02 1.155092573349451754e+02 1.434887970227588880e+02 -5.944639737899143483e+02 3.069391101068745797e+02
8.292888589808410094e-02 1.372633309276384352e+02 9.980847600541449083e+02 2.454184747594461840e+02 8.178406100249549127e+02
2.758980668350367177e-02 3.586552855500643773e+02 1.823446294474036904e+02 -3.178764648948084073e+02 1.609960913659945163e+02
3.014792848060243724e-02 8.943453416670947718e+02 6.383285967587589766e+02 2.327322315485489526e+02 5.594087456357995052e+02
2.601572353495846396e-02 2.497704912612113048e+02 1.394272727534611818e+02 -1.553043679937192110e+02 7.463070404569769778e+01
7.623379753094194911e-02 -3.228326336697076044e+02 7.445122140262138544e+01 -9.557515321736319436e+01 4.885614117667704193e+01
3.419736646495986909e-02 1.339896480702990971e+02 2.595817530819596755e+02 4.492521495496892499e+02 2.652427121985586496e+02
4.126957951754939291e-02 -7.802068273734320769e+01 2.880719873218315570e+02 -4.191818540450433375e+02 3.219818918302019028e+02
2.519248105345945135e-02 3.252554842860346866e+02 1.215751501855078089e+02 -1.645893954362246348e+02 1.324730285447847962e+02
2.973723205784897447e-02 3.875201901105560864e+01 9.304909021831791733e+02 -1.472358917184148822e+03 7.185460696220201271e+02
3.914484354295613699e-02 6.544631774505371595e+02 5.611956858175273055e+02 -3.243405619886661952e+02 4.996686636460651698e+02
4.755122804449453400e-02 5.842424724568784313e+02 1.413733745942126063e+02 -2.158776813101781897e+02 1.175039242001172681e+02
3.816692563783664199e-02 -6.820927792144023272e+01 1.264160400656549115e+02 2.003482505851672002e+01 1.278616644994694269e+02
1.229652615262429305e-01 -6.688414119441780485e+02 2.633759560125017742e+02 -7.105798454277285146e+02 5.428414425439942761e+02
8.603089958492175782e-02 -5.770185399077122383e+02 4.224122993957976746e+02 8.100991842804364751e+02 3.312528734557407120e+02
4.297967084835113000e-02 6.176439947622954563e+00 7.029663639113299212e+01 -1.689084341883186724e+01 7.367673421545123347e+01
4.925903704352180973e-02 3.663948309905653105e+02 9.507278750583661520e+01 -8.392292327332654622e+01 1.204445459021216323e+02
3.108840905282531791e-02 -1.995686503612795093e+01 2.578616018230723057e+02 2.658066177329908442e+02 2.506509047321870298e+02
2.534285969722854456e-02 6.984089847650754734e+01 1.546390478414855352e+02 2.718825886426943157e+02 1.988115189691460785e+02
2.927560553080599259e-02 5.579479885954788898e+01 5.267551717708244041e+01 -1.145513487419033254e+02 4.719355003484910327e+01
5.712527721980367734e-02 1.051073422102393522e+02 2.743682715889850670e+02 -5.712727011820903726e+02 3.010649491160594380e+02
1.086369498325745753e-01 4.827887216827804195e+02 3.004776989456686351e+02 -7.537306434427373460e+02 4.666471213039126269e+02
8.425731470378650112e-02 7.754145874268331795e+01 1.394753752888720726e+02 -5.198872472272995537e+00 9.472215135233294347e+01
2.571826447009938413e-02 -1.332492271236745296e+02 2.089403132036716215e+02 -1.820209231715954274e+02 1.668385632196187203e+02
2.795490489009992696e-02 1.301027510064015758e+02 1.458214773390536436e+02 -3.168122146669512773e+01 1.892919079611756104e+02
2.615626897335218345e-02 1.301480981763514819e+02 2.325099849756688286e+02 5.004347764094071636e+02 2.424619186346956781e+02
2.704207877470073476e-02 -1.385348449091825387e+03 1.022624382690300649e+03 2.493202678479222413e+03 6.992720166761783958e+02
1.186914946148536348e-01 1.641676339166845651e+02 2.717005481045781607e+02 -4.936117192052400071e+01 1.622949051037870731e+02
1.078034939600727854e-01 7.440175591142433120e+01 8.683225146231008296e+01 3.813805282037492361e-01 5.760236652479068198e+01
2.664288091711871503e-02 3.728537042262142904e+02 2.802010029760490966e+02 3.124014681595700154e+02 1.875901463466565531e+02
1.120144702461731284e-01 4.061233376270719475e+01 1.903306957213054318e+02 -4.847362804544882806e+02 2.298546946890463687e+02
5.690959371091199731e-02 -1.211364782388133676e+02 5.558171503677310739e+02 2.782861169614151322e+02 4.581781353231481262e+02
2.574608533435214855e-02 1.036913994263601353e+02 1.431416716217218550e+02 -2.581373898219015217e+01 7.814185561507500211e+01
6.051640616393017674e-02 -6.365166158628774440e+01 1.839997107381243211e+02 4.632836947197844211e+02 1.698569110585841884e+02
3.927394206571507146e-02 -2.002462473184219505e+02 7.969003805957133579e+01 -2.566256416971326075e+02 7.648107348738885491e+01
3.199645835590904375e-02 -1.224666795777221466e+02 2.537639992134310205e+02 -2.851252336762293282e+01 2.442874864394634642e+02
2.782587514885559790e-02 -9.812749202714198304e+01 1.036228331084024461e+02 1.693442568935914210e+02 5.843066240547476298e+01
3.130116619915162407e-02 -3.851983561892661783e+02 6.421684119749559159e+02 -5.396139184399710302e+02 5.461331223989373029e+02
1.157451574762960594e-01 -1.092269615278684569e+03 7.516330047992800019e+02 -1.785832350547362012e+03 7.615801886517675712e+02
5.987841421649886531e-02 -2.375615901218680790e+02 1.208099445412112090e+02 -2.060620395419462625e+02 1.747696407861241994e+02
6.793042351162230374e-02 -3.141552233461109154e+02 2.567421322426485517e+02 -4.106733293318639539e+02 4.163203919416797021e+02
1.004362301754686410e-01 8.725901634621013159e+01 2.821835909299878153e+02 2.110872368608987131e+02 2.058421450700762136e+02
4.053846393474613841e-02 2.966759250126378333e+01 2.116936024323979666e+02 -3.179226043201458651e+02 2.257314650548087229e+02
6.296477641001441139e-02 8.146795296230252461e+02 3.592105875415277296e+02 -2.329432745678742549e+02 5.094440026636196990e+02
8.069125792541582964e-02 1.175667610193620476e+02 1.057213919488455531e+03 3.077328558619141859e+03 2.540019657398599520e+03
2.884669476303314967e-02 1.783182155350500295e+02 4.786958125588653274e+02 7.307326546023249421e+02 2.486300523844873851e+02
9.464217575311920094e-02 -6.167525701418590245e+00 5.047893222070830888e+01 -1.575625705734197197e+02 9.636253663403044811e+01
3.858524494369273972e-02 -3.538443025147173557e+02 9.977922522571537911e+01 -6.158163182649400369e+01 1.038453788980462207e+02
4.778114171786140146e-02 1.560468759631710100e+03 5.379733044084636049e+02 1.583734941317085031e+03 5.334678853174121969e+02
4.235661733610521923e-02 -6.218041101138265248e+01 6.232991239696174546e+01 1.256640809193698658e+02 5.963970698197510245e+01
8.532754695525295030e-02 -4.524228693046993044e+02 2.972095590434840915e+02 -8.476981462874273348e+02 2.882264137785326739e+02
2.678544123214852274e-02 -8.550256062281887353e+02 6.700050644757794771e+02 1.479178851162758406e+02 3.103301669612260412e+02
2.874159974632812392e-02 -8.068197010880174957e+02 3.534494777212800614e+02 3.173378626510170193e+02 3.534494777212800614e+02
7.236460801378340191e-02 -8.739198426453885986e+02 2.324506797392396322e+02 1.013034590086436992e+01 1.600991760814918052e+02
9.008672138701968868e-02 -2.967087745139784261e+02 2.271172241389825501e+02 2.382171530113774054e+02 1.722463717249617332e+02
7.470996524907019820e-02 -9.294934943359949386e+01 3.189414707413333758e+02 -1.785849178681188931e+01 2.282904555216786946e+02
2.933747244751788025e-02 3.467710293767424901e+01 4.197212547940201262e+02 -9.261161198949025675e+02 4.197212547940201262e+02
1.147418519438801188e-01 5.578743841228627076e+01 3.461882907160633067e+02 -3.563688251742555622e+02 1.803604125075802926e+02
5.763110714334850754e-02 -3.178178009017926797e+02 2.197202867803165418e+02 4.392478565244445576e+00 2.455640869709519620e+02
1.152075196777266053e-01 8.655075378579822427e+02 1.889758342260706456e+02 -8.137691954875069769e+02 2.087754848365490545e+02
2.700842573578478290e-02 -1.204450844047746330e+02 1.619601586680448690e+02 2.382582509452251998e+02 2.494350989138992247e+02
5.000645757497921423e-02 5.725979546193918850e+02 1.362155995576162866e+02 -4.327964553522957090e+02 1.700080976412218092e+02
2.679050710345365696e-02 1.103647168570050326e+03 2.919646745108242385e+02 3.747014652183913768e+03 5.552693113835962322e+02
1.173859822010183268e-01 -8.187188948857502169e+01 1.669179055331099164e+02 2.354395445489433882e+02 3.140874519838208130e+02
2.653365450468824979e-02 4.716614352102550356e+02 9.959869849063080949e+01 6.774655419407267232e+01 1.102807327167549829e+02
4.219381076170117956e-02 -3.131827211116399781e+02 3.942030876087478646e+02 1.309121738234414067e+02 4.207731249023407258e+02
9.635900866953549249e-02 7.589673392369210205e+02 2.470167475042362071e+02 3.817904853083327339e+02 1.452162611389623521e+02
2.677965238852551139e-02 9.156517164687737704e+02 2.278466706797393329e+02 5.329418860738871899e+02 3.936946347623723454e+02
3.394747264436210471e-02 -4.358327793253934033e+02 2.429965159333800102e+02 -6.282055500034500710e+02 2.429965159333800102e+02
9.328784394134842506e-02 -6.907003808937020040e+01 5.759005740655179579e+02 -6.027309876767789092e+02 4.648785837846302229e+02
3.142388527406104332e-02 -1.762934103234818508e+02 2.148782933320303528e+02 -3.280642392871523612e+02 1.872921918493252633e+02
1.055135999665823693e-01 2.634030827045338583e+02 2.284622997110645883e+02 -4.630038956408043873e+02 3.149685700163244064e+02
4.159230148216738754e-02 -2.859667655622527604e+02 1.958971039495620801e+02 2.857004480091726464e+02 2.040965091823304363e+02
4.671343167131053464e-02 -2.382455676693210762e+02 4.688941232274339654e+02 -1.433342841234778689e+03 4.493187617525359201e+02
3.571440286256873792e-02 1.064634716320376128e+03 3.424041815424900506e+02 9.579663599956916187e+00 3.424041815424900506e+02
3.751080697336452163e-02 -2.802429052097620570e+02 6.627177707274000795e+01 1.046645430806072596e+02 6.627177707274000795e+01
8.044076850848035087e-02 -1.144102602846507750e+02 2.095770419040549655e+02 -6.207744557763634248e+02 4.301962052794484066e+02
6.705616955195305151e-02 -8.484877109556259711e+01 1.104529617879000227e+02 1.651139191098248205e+01 1.104529617879000227e+02
4.260420728670131357e-02 6.139427756258019144e+02 8.418245280994063933e+02 -5.309769661766805484e+02 8.371994474630880632e+02
3.890897545644224353e-02 6.604110986756497823e+02 7.262352805270560339e+02 4.363176490499499209e+02 7.074038803951667660e+02
2.782644395401055737e-02 7.550437098197212435e+02 3.997495664089419734e+02 2.223819197617079055e+02 2.678685603186294770e+02
5.120648897493380869e-02 -8.413616743080610831e+02 2.119472947290323191e+03 5.770193461652767155e+02 3.393235403704286909e+03
1.213213867379692168e-01 8.298497387434307484e+02 5.134134956893024082e+02 -3.840750613566700622e+02 3.941442170672702332e+02
3.080156134172268301e-02 8.999842442258400865e+01 1.474704089545379020e+02 5.800920351610267289e+01 1.301000554821231958e+02
3.539034841965518763e-02 4.404013035930195485e+01 1.811985079833926591e+02 6.010683871093473840e+01 1.963065531146382341e+02
1.002979363928678536e-01 2.518112151492600219e+02 2.167669059553698503e+02 -3.029924579743594677e+02 1.603847088039969719e+02
1.257411053608547269e-01 -1.131546771662608080e+03 6.189117599669028777e+02 2.870352504747718285e+02 9.578376505512552512e+02
1.110006012314082996e-01 -8.670711477967783409e+00 2.782979457348665164e+02 1.415741788148409519e+01 5.178534499539817944e+02
2.710855160533650471e-02 3.531513389963876079e+02 1.325422951662566504e+02 4.109431438042680043e+02 1.214996313842846831e+02
3.125329375602970555e-02 9.546016571662144656e+01 3.393151254361659426e+02 -6.459157169536618994e+02 5.009819829589635560e+02
2.923380738642800819e-02 9.983721648844508536e+02 7.881584489921041268e+02 -3.076472198191555663e+02 5.293899090926646522e+02
2.849122100742588690e-02 3.742784620247917928e+02 1.262145918787225725e+02 2.630444112213972119e+01 1.621153330601281652e+02
2.742041895038166074e-02 4.909069860522570821e+02 6.060784435770324308e+02 -1.142565044572353941e+02 5.317887619938990156e+02
1.151299766523256191e-01 2.115964659588451582e+02 1.093361093714724177e+02 9.052721631276537551e+01 8.974062784808825199e+01
1.062976364601361801e-01 -1.519474305898949922e+02 2.249696569374702619e+02 -9.257165814122384973e+01 2.728317894354684654e+02
7.013695937596774177e-02 4.218688560266750187e+02 2.400160043375221335e+02 -8.117464149419708974e+02 4.227334186607128004e+02
7.069393085151451372e-02 -9.019474572875387253e+01 2.081498020544097187e+02 6.021692248076723217e+02 1.329396244289360141e+02
4.968263978193925012e-02 9.401589925258697349e+02 1.993957085233154487e+02 -5.122960495357065156e+02 2.457685404714372623e+02
4.278044233568505106e-02 7.911647537482044754e+02 2.369798170100138464e+02 9.724650229412856106e+01 2.289525967588097899e+02
4.178289957742111621e-02 -5.113507308178266157e+02 3.554923708731990359e+02 1.444482485670904168e+02 3.445581180503990026e+02
7.993454879085180875e-02 -3.920918744469260560e+02 2.967998877235946225e+02 -1.966128047037508964e+02 1.969475489350969610e+02
1.099592314845312530e-01 5.469064280100110409e+02 2.871777006485400534e+02 -1.509300159021277068e+02 2.871777006485400534e+02
3.850394549684795636e-02 -8.594922618057553620e+01 8.083609984940686388e+01 -1.384412836262371371e+01 7.998358040822617454e+01
8.678714414089584717e-02 -7.527316734299777181e+02 5.827797672107558355e+02 -1.248016982894351031e+03 3.250577101862556333e+02
2.921121421061887227e-02 1.132441977734255545e+01 1.081859468644392592e+02 1.512311268061468184e+02 9.112390465791278871e+01
2.780475051039079520e-02 2.605386388283109682e+03 1.511871822825928348e+03 -9.376836212137595794e+02 7.117210186165629011e+02
4.216754517511659556e-02 2.648583150777315041e+02 5.150755565017416302e+02 4.971608608407027532e+02 4.690495424944947445e+02
2.773952428077323257e-02 3.318935083511948392e+02 1.116468490968970713e+02 -1.740900759748619748e+02 1.870626202990933962e+02
3.487419201487809706e-02 8.614577936716215163e+02 9.858762239697931591e+02 -5.028289300327848537e+02 1.016772601023352081e+03
2.889112656347174457e-02 -9.538112105029745180e+01 3.215806840569447900e+02 2.197525926818091762e+02 2.040641090678366254e+02
7.277450692177828140e-02 -3.156305245313087227e+01 3.214250696898495789e+02 6.387178307749694284e+01 1.858609858203261354e+02
4.686334759877970602e-02 -1.586047024414343127e+02 3.542969588072214151e+02 9.571971316256290265e+02 3.643413684342908709e+02
2.770666051824915294e-02 2.542713426918147434e+03 9.937467130323678930e+02 5.461096126084564730e+02 5.528582889996409904e+02
9.142046744068760278e-02 3.830861617793006246e+01 2.022487834106040623e+02 -6.391255798682030331e+01 1.140999409388535923e+02
4.593176307920371348e-02 2.373403971739698477e+02 2.163750662705717218e+02 -2.298636610598336460e+02 2.656020572244600544e+02
6.643600689022395589e-02 -4.655982435719026284e+02 1.697413893785526966e+02 -5.856415593670280941e+02 1.841062859272212791e+02
1.113795931446591309e-01 -1.263219607303355900e+02 9.767711113447158766e+01 -4.153332881279027333e+02 6.879690675208929918e+01
1.001297737733257975e-01 -1.632820071507392868e+03 7.711173164457117082e+02 -9.723258325186677666e+02 4.229054307418717258e+02
3.974189447328279473e-02 1.000480213263696896e+03 5.090319093206546199e+02 -1.853721964526516786e+01 5.080949146022495597e+02
2.803008018384520184e-02 -5.695448599167436896e+02 3.091082872017872205e+02 1.590154945164239848e+02 2.983888397356216160e+02
3.402966482486828592e-02 1.490514032797939024e+02 3.829836145210534823e+02 -3.942870370846819696e+02 3.904664376778961810e+02
3.440973457680204795e-02 -2.287137977858401712e+02 1.325435541454800159e+02 -2.948288439110892796e+02 1.325435541454800159e+02
5.842689314084207469e-02 -4.634261557721737859e+02 1.351380030594895345e+02 -8.278192672780338057e+01 1.411498204464135995e+02
1.088926499281420435e-01 2.380781568595548379e+02 2.646719815742408173e+02 -5.717934852101916476e+02 6.427947329738524331e+02
7.174343900440217914e-02 -1.386292157571552366e+02 2.492922867464351668e+02 -3.652934085913468607e+02 2.262521273730823168e+02
7.884868298723769764e-02 -7.524058464621116400e+02 2.747676970455909213e+02 -6.464481481869584059e+02 2.665013929430222674e+02
2.871854925132101555e-02 1.731756095227128299e+03 4.270899736911361515e+02 1.818156770149483918e+02 5.465862285965077945e+02
2.912855612475618097e-02 1.483141959877357863e+01 2.584987353055148560e+02 -5.374631155980183621e+02 1.654125088747594532e+02
9.172692068787936803e-02 6.916079176821347119e+02 3.596820737333350735e+02 -3.991318855600201232e+02 3.148525418259638400e+02
3.664485667226776572e-02 -1.244118096553484776e+02 1.318176332104267487e+02 2.784108914821483154e+02 1.145589520469685993e+02
3.401749299967837814e-02 1.511283774756265075e+00 7.731707325153001875e+01 3.026577525703215201e+02 7.731707325153001875e+01
5.556743144934201545e-02 2.509055724169005259e+02 3.651558756354101547e+02 -1.035107360097569540e+00 2.625543975973795909e+02
2.811012817862431484e-02 7.200684636467128996e+01 2.319387404363198186e+02 -3.904148858988894943e+01 1.436090072659134762e+02
4.438056921677773631e-02 -1.221185132267384688e+03 3.601014216722634274e+02 -6.621964606249057397e+02 3.579244887005128248e+02
4.068414053517013101e-02 1.701784988864657407e+03 5.476009819967547401e+02 6.174430402233997484e+01 5.571086070395153911e+02
2.961346578298539034e-02 5.563885456728903591e+02 3.413260105717554893e+02 -2.412019528730380102e+01 4.828503385832975709e+02
8.684415119343963374e-02 2.196710104158859394e+03 6.610667886935913202e+02 -1.892191419865304169e+03 5.566560268299606378e+02
6.595184416897743873e-02 6.808521127237215751e+02 3.057938908444176604e+02 -4.180886901397193469e+02 1.921108148156988307e+02
9.319007327683752340e-02 -3.173225020836254089e+02 2.309604784461092493e+02 7.270640339834865244e+02 2.219415526945407748e+02
1.182248459728713480e-01 -1.709246774485294793e+02 3.472718697331455928e+02 -3.896640951470641312e+02 4.157027829539927097e+02
3.530467746860358608e-02 2.759202407692755514e+02 1.603674689279967822e+02 -4.763308424187540879e+01 1.948474460626126472e+02
7.934336350042361929e-02 -2.442268282567921460e+02 1.560777999588802345e+02 6.636589739702557722e+00 1.643201672105223565e+02
9.044685332613690287e-02 1.170628657053912775e+03 5.819446325766670043e+02 -7.424080943134174504e+01 2.990542067827811934e+02
3.616707938383852822e-02 7.553592232488131231e+01 4.266099581711639530e+02 1.871305247860390409e+03 3.870917819731682243e+02
2.988468483038899531e-02 -3.804419556255127191e+02 4.145651626991416947e+02 -2.013842872552854715e+02 3.703486165797897343e+02
2.840536776304530137e-02 -6.194091850566076829e+01 1.435888503242700551e+02 4.789795682611415373e+01 1.435888503242700551e+02
3.062747285368995834e-02 -1.842868727980731478e+02 2.221919138909421747e+02 -2.347381335219540972e+02 4.238184339213802900e+02
1.073175485811233287e-01 6.851619055273370407e+01 1.733391576331573560e+02 2.377837340491532814e+01 2.488783969323793315e+02
1.172256549386199859e-01 -3.268549184974240518e+00 4.677970270181726420e+01 8.382380541287136566e+01 7.577312395663213351e+01
4.335327146982165258e-02 -9.782737178234535804e+02 2.408267718137351494e+02 8.873908481318399026e+02 2.529842557452304277e+02
3.467871077023332999e-02 5.497731086867447914e+01 5.905140681635298705e+01 2.608483712839893656e+02 6.288755028873643482e+01
1.208594537256780094e-01 -3.572282935578282377e+02 3.906522031144526181e+02 -4.226408039336877209e+02 2.540635878421542486e+02
2.855279393434861229e-02 1.146451442643241535e+03 4.969910041424161591e+02 -4.157782475215856834e+02 3.756026964528661551e+02
3.146279301032116338e-02 3.499897192635302190e+02 3.601396011993436446e+02 -2.066834985554186233e+01 2.959373526289955976e+02
2.960961877711043230e-02 3.755020273781974538e+02 5.604340870343464331e+01 -2.436181370426568265e+02 6.558238307052100424e+01
4.153087347616453429e-02 3.938227772730209608e+02 4.166984562432799635e+02 1.829923109062996502e+02 4.240191589130089369e+02
4.834524414584901592e-02 1.397177419486597501e+03 1.978441705180723602e+02 -3.244910189932924141e+02 2.142211144192361019e+02
4.383953966313196282e-02 1.745965735434441797e+02 2.604478520958804779e+02 3.974352951274404973e+02 2.462344575861116027e+02
2.869592678864339372e-02 -1.609100768163660859e+02 1.325435541454800159e+02 -3.127432366770973005e+01 1.325435541454800159e+02
2.871289677605283475e-02 9.842353818764851781e+01 9.940766560911001193e+01 1.438596460694740813e+02 9.940766560911001193e+01
2.937653516040600321e-02 4.904105738392319722e+02 4.022169455815129027e+02 -1.030415241413191779e+03 4.822042092513979696e+02
3.135621537365092248e-02 8.354562693881579207e+02 2.122941031314879012e+02 4.207001167992873434e+02 3.215641003575198056e+02
7.782032649860716467e-02 -2.288943512153587108e+02 4.921116985309225811e+02 4.728217354095810379e+02 3.962390561375618745e+02
5.898760744936757533e-02 -3.890109527747828793e+02 1.851359216113446280e+02 -8.315164176261691864e+02 2.024791514846557163e+02
9.364556682587560354e-02 -7.864199352528758027e+02 3.524222429770405824e+02 -1.327098800863661268e+02 3.434613799166652939e+02
8.611470384775188336e-02 2.948772428843774378e+02 2.185496391524303021e+02 -2.184851164325901323e+02 2.014026271542410598e+02
3.980311103256014421e-02 -6.383952153849988918e+02 3.932215136608501780e+02 2.820132696464581841e+02 3.916927680966068124e+02
9.799532099512210659e-02 3.032558553803640962e+02 6.052933702595940986e+02 -3.639193037385325056e+02 4.597881603945105553e+02
3.245164073629815821e-02 7.629094342760234326e+01 5.673644284345530195e+02 4.192889230453102982e+02 4.785845139338888430e+02
2.891418372967210007e-02 4.023371198169969034e+02 5.419793207287013956e+02 -6.539237023273941531e+02 6.731520238565959744e+02
1.071932823643204358e-01 -3.499972233554457546e+01 7.593233130110951379e+01 -1.626753768246929965e+01 5.711545387450606626e+01
3.231166994987054453e-02 -1.578695650442159604e+01 1.966389348605841860e+02 -5.697224618519917385e+02 1.900480236230154674e+02
1.114251677893006442e-01 -1.058599928463007700e+01 3.237073945165474242e+02 -6.611877058118498098e+02 2.006734155375118007e+02
6.132722227917653673e-02 5.100755141214089861e+01 2.153034514528241345e+02 2.455918705596433540e+02 2.518792065692900621e+02
3.945950388482417220e-02 3.044166683558665909e+01 2.843475941228110742e+02 -8.039816654716353241e+02 2.694821772482883944e+02
3.349847216243781456e-02 4.965088200674807126e+02 2.078996365659267553e+02 -2.573052045895938136e+02 1.509270228591189209e+02
1.147295494866549664e-01 -8.745503796396297957e+02 4.331695244382208330e+02 -2.114924945868507109e+02 2.895012541936910679e+02
8.976055900219728767e-02 -2.373269020096029465e+02 1.337339180945870112e+02 -4.491348124212415769e+02 1.424808437441037370e+02
3.649939516219494196e-02 -3.837490668248254337e+02 3.949105912390194248e+02 4.928724905525394888e+02 4.556329187024168732e+02
7.304559333569857205e-02 -3.311548606416421876e+02 5.363963207559356761e+01 -5.363712322956267542e+01 4.609480605838219702e+01
3.524254122194902389e-02 9.698264402850113584e+02 1.693377605415530240e+02 -4.611364017305260177e+01 1.732224982717357307e+02
7.392525132736467441e-02 -7.456947092649956232e+01 6.808848291056618507e+01 2.144706566578770790e+01 7.572210210697365085e+01
9.456097217859682491e-02 -3.146959764759357654e+02 6.687328545386121732e+02 2.573180102639464167e+03 6.239715921603738025e+02
2.953008567157410294e-02 -1.598901336327044760e+02 2.310489303203366092e+02 2.693701962710975408e+02 1.998631933870788373e+02
6.036119248883329430e-02 3.843922509321214420e+02 3.552778434661189522e+02 -2.014502280292236037e+03 5.178793520139888642e+02
1.265275948143868567e-01 1.422269919636155464e+02 2.830616197660297075e+02 -1.430382725236234762e+02 3.815409147368584399e+02
1.270240810129276976e-01 -5.946770576240983246e+02 4.656195926396413256e+02 -1.349578202267043025e+03 2.604247556223980382e+02
3.258640715965555046e-02 -4.117449080661960465e+02 5.159848835798474056e+02 5.053791578980336396e+01 6.740052971739861505e+02
4.597548889526954091e-02 3.346194297139389278e+02 4.618990673763253767e+02 7.677223219815409720e+02 4.661589808824583656e+02
2.936652180229998299e-02 2.776482952227977421e+02 2.094000042043516885e+02 6.470789554283376788e+01 1.442597626094323857e+02
3.476014579598579041e-02 -1.418490775927688787e+02 4.529782912704857267e+02 -5.186187528635311992e+02 5.927631342965127033e+02
2.994234899661937788e-02 -1.058737342667694065e+03 9.459375405417335969e+02 -1.579842938443255207e+01 5.459891611941112615e+02
4.642256509697755690e-02 2.402810302692253686e+01 3.435418089497719052e+02 2.251127722657798245e+02 3.050189298798720756e+02
4.065475995304789619e-02 3.265190982363898797e+02 2.608962331323256763e+02 -6.575844452407231984e+02 2.639498786605406053e+02
1.208511371280669988e-01 8.646362725325967631e+02 2.499441288196418327e+02 5.285680164139973840e+02 3.373660664058170937e+02
8.675834520607357547e-02 1.831545157580404464e+02 2.016265389183928960e+02 4.229790468421772971e+02 2.776244884953073324e+02
3.612867870971864931e-02 1.714274478006807954e+02 3.124568187335737548e+02 4.552658875683436008e+02 2.804615244921100725e+02
3.115509129892712545e-02 1.626286871277675061e+02 2.013179062579087315e+02 1.565996945334595978e+02 2.186276826438491412e+02
3.166128504146002720e-02 -7.339271059390810592e+00 1.129528388904506073e+02 -2.161608313192147079e+02 1.683899447526542588e+02
3.399806758980186694e-02 -1.800817622995829765e+02 2.863291988095039073e+02 -5.903483353581814299e+02 3.248497936415432719e+02
8.609318705872349986e-02 7.520582163990039817e+02 2.729571030450136959e+02 3.734483954632580094e+02 3.734700893017675867e+02
2.980108850987989860e-02 2.104476672373191803e+01 3.013456641414290402e+02 2.550361621041627913e+01 4.285878766097395669e+02
3.463159950654079444e-02 1.387783469249989423e+02 2.226592022918508178e+02 5.459422156925293166e+02 2.572926745175867040e+02
5.430810678866868774e-02 3.469767946333661257e+02 3.636020769862612383e+02 -1.376372385807509318e+02 3.770521294427124985e+02
1.014597039077876767e-01 2.323804932530092771e+01 1.676719486556730487e+02 5.829434089533773999e+01 1.859929606734796721e+02
3.081037121973328324e-02 4.041787761576013054e+02 1.656794426818500483e+02 -3.023442337374287945e+02 1.656794426818500483e+02
1.228703519326612148e-01 4.308034303150521964e+02 1.313609833119134578e+02 7.783684785380873450e+01 1.118567949503394630e+02
8.794060224520033886e-02 1.673091387104892931e+02 2.025530314917705823e+02 -4.159998336584196181e+02 1.434626993698231558e+02
2.968084271335023547e-02 5.398602251976026878e+01 1.215251717217673644e+02 2.926374011135611113e+02 2.429830571926707705e+02
1.027127493586842549e-01 4.826692072758817744e+02 3.203135891849100290e+02 -1.080599563466861923e+01 3.203135891849100290e+02
2.969293895814276163e-02 2.160206891713339417e+02 1.325421347174163031e+02 1.817220663570162742e+01 3.314156573188423494e+01
1.005304558731002634e-01 -8.541778268182878264e+01 2.733987803663320619e+02 -7.497815291087893002e+02 2.460681174963737021e+02
3.452155239934894676e-02 1.699160706759605546e+03 6.336461936735868221e+02 9.141090848138943556e+02 3.922116537146210931e+02
1.272666298742289037e-01 -3.162310040663302289e+02 2.007897749141584427e+02 6.481267581592781823e+01 2.302441542427825425e+02
6.377346512455332739e-02 1.219254864193186449e+02 6.186487045919404864e+02 -1.924194137995851008e+02 8.515531535866118702e+02
3.138340290067027222e-02 2.196288243346799618e+02 6.730087638295496788e+01 -2.462004421085209174e+02 7.642296965342045212e+01
1.025790371097680953e-01 -8.706887882288460787e+02 3.805846528722958624e+02 -3.423352008984516033e+02 4.263161827445912309e+02
4.203924870037673012e-02 2.051632562659872008e+02 2.262441905706636760e+02 5.957925656146019264e+02 2.243131171832129098e+02
5.857927436521043196e-02 -1.507566324684236179e+02 2.373274525559055235e+02 -8.962933111171577139e+02 1.775236575527424634e+02
7.711323665653628534e-02 -8.653165694744214420e+01 5.917498809397076087e+01 -2.599382710692081560e+02 7.433851486403735009e+01
4.035058643385509847e-02 -6.092151698247892000e+02 1.240348728661557516e+03 1.455549938094782192e+03 1.180683955410738236e+03
9.865396925184806431e-02 -2.752274387058257616e+02 1.557157714966481876e+02 -8.154805327446604224e+02 1.646632791465719947e+02
3.240236648133416192e-02 -1.671532236563552942e+02 5.652588463405596713e+02 -5.675613433831307475e+02 6.991744746934203931e+02
3.408568209928578702e-02 1.487580796168963388e+03 3.357333825555874682e+02 8.531641272320985081e+02 2.770322570396169226e+02
7.502266134330921876e-02 4.746123077055426620e+02 4.051154489989610852e+02 -1.379296790100122280e+03 3.903149465969870562e+02
6.212039825027128315e-02 2.531348393774749184e+00 2.399138744293197760e+02 -7.792158649965259656e+02 1.740123604342276167e+02
1.230128372022200739e-01 1.197363378810935956e+03 7.729452103233414846e+02 3.800284409251186730e+02 5.894358391700194488e+02
1.005046692757459309e-01 -2.648641940079951382e+02 3.505248317811458492e+02 -2.764581396510239983e+02 3.235114696927519731e+02
5.099354702347771995e-02 7.396419728970978440e+02 5.457641563412217920e+02 -1.304812509723992093e+02 6.274961082071837382e+02
3.611350715207851947e-02 -6.943942883853057992e+02 4.798199866009900916e+02 -4.299171634232653787e+02 5.459181060383247086e+02
7.079696861035307542e-02 2.556937714241211665e+02 1.838510493060121576e+02 -2.641208077273854542e+02 1.700178092293730856e+02
1.159355484985973156e-01 -2.111963743674702982e+02 1.939726867605695304e+02 -2.932598373610721865e+02 1.187517978222469139e+02
8.700759516235144486e-02 2.939339059032707269e+01 1.661759981390276266e+02 5.353981080349140029e+02 2.238272218763165426e+02
9.657752874884203975e-02 -2.054413475177776718e+02 1.582458088483479344e+02 1.110172854436865180e+02 2.451800648923416475e+02
4.676976053534273592e-02 -6.801407814115792689e+02 2.739115852105939553e+02 -1.111012206998778765e+03 2.890857683590986085e+02
5.679074852952106789e-02 -8.689983789290688776e+01 2.601108422535029945e+02 3.305729136091831037e+02 3.182928933782305307e+02
7.269492641460367777e-02 -6.971087227732676865e+02 2.281342990271446070e+02 4.613562789070277859e+01 2.844875750811162902e+02
3.346252048783759231e-02 1.641284761571270678e+02 2.853488361922179593e+02 -1.368674610624705394e+02 1.421296892237808152e+02
1.103419048068819547e-01 4.646049369369274018e+02 7.293977362334536565e+02 -1.343837564085700023e+03 4.260851613485442613e+02
5.497568385940854868e-02 7.687535591948724232e+02 3.853625369238743019e+02 -7.148491190993163400e+02 2.837023557633719975e+02
8.947984314330000022e-02 -3.951510583993853629e+02 2.724334151051635331e+02 3.701562923556198825e+01 2.471364924250255797e+02
4.723207260506995242e-02 5.347909756137969453e+02 6.559557127544849209e+02 -2.915947263616894816e+02 6.277471025019142417e+02
9.361146693955867126e-02 4.518053333886463179e+02 2.086962368387252411e+02 7.703893616585351083e+02 2.000372455025111549e+02
1.022686873393956336e-01 1.567852807731312623e+02 9.338348709610176002e+02 -7.291427693124794018e+01 6.380496970241332519e+02
9.424510855867154757e-02 -2.353926155671964011e+02 2.837008462618438216e+02 4.963364678961534082e+02 1.353981892376704366e+02
3.104875244665735584e-02 1.396554091233535019e+03 5.265939710892889707e+02 2.705157429811450243e+02 1.562089865472258907e+02
3.680922490194955127e-02 2.574070348328440332e+02 1.762083672205171183e+02 -6.482330628491715743e+02 1.895463662966355969e+02
1.083587686897393154e-01 -2.851214949262533082e+03 3.769907643347930275e+02 -2.132810581819695926e+03 4.876284480555329992e+02
4.409272879398181549e-02 3.101516119715535638e+02 2.502033776895070218e+02 -3.388748124261921930e+02 2.481789912304109009e+02
3.090921708799258122e-02 5.070627456528138168e+02 2.100158548206522369e+02 6.827986341072992218e+02 3.644053565137052715e+02
3.947370703202010556e-02 -1.557629574738537030e+02 4.637779499327106123e+02 2.564995703807744576e+02 4.083693548563924764e+02
7.009777751286086489e-02 4.246736260058478365e+02 5.584288937017963690e+02 3.261457140416520133e+02 4.651999233891098697e+02
5.918962451657763107e-02 -6.755867814473904218e+02 3.005215583989909760e+02 -6.596837378124616862e+02 2.429259964975467767e+02
5.042714013285973240e-02 4.983052587164340821e+02 9.908619548017492207e+01 -7.121402509341804716e+02 9.143146312493485084e+01
3.391684324125571887e-02 4.804133805537917965e+02 6.622318482183023889e+02 1.086602698987010399e+03 4.808545681941277508e+02
9.783956866842255518e-02 1.016332757956421915e+03 4.876829611270651981e+02 2.544039915175847284e+02 2.817119191426576776e+02
1.210589816366393484e-01 2.025286383489118691e+02 3.058954016135244274e+02 -1.352533539081211700e+02 2.580932440647275712e+02
5.857589316102327498e-02 -2.288581039014920862e+02 4.345842472191059755e+02 -5.569613971821347604e+02 3.429240937497856407e+02
9.967221029468634197e-02 -5.983962300292648706e+02 3.050620327167183063e+02 -8.794119963933560484e+02 1.245627609980033128e+02
3.469926548787095194e-02 9.128007848005843243e+02 3.936533143586842129e+02 -5.126913980522624570e+02 3.797071977707299197e+02
1.063647731231251448e-01 -4.748532131564275716e+01 3.900847799462408005e+01 -1.252021160867725911e+02 7.452687817036297702e+01
7.818402327512334604e-02 -4.244201218979896453e+02 5.715051689940469970e+01 -1.445818239391978466e+02 6.461989667617577027e+01
4.775889387269534325e-02 -2.101791970427040326e+02 2.784787396186652586e+02 -5.729575815270044359e+02 2.681377201830453032e+02
1.099881893970108271e-01 -1.523274717862458374e+03 6.627177707274000795e+02 1.187549782099457843e+03 6.627177707274000795e+02
8.427803457632329631e-02 -3.317919447580243855e+02 2.735233367365186723e+02 -4.020243414310017442e+02 1.873651347974641510e+02
4.401663608870555466e-02 1.135857159280808446e+03 2.933549285743928294e+02 -9.644111559041714372e+02 2.960892538634858511e+02
4.309516269746525852e-02 9.740377683141466605e+02 4.126821837445401115e+02 -8.434638240927928337e+02 3.934712163291706020e+02
5.006198262695379236e-02 6.507052113016179646e+02 6.362673179180212912e+01 -3.909309166604300572e+02 5.502323079183257448e+01
8.538555405645342766e-02 -9.514600121779179176e+01 2.549095822407396383e+02 5.853623011656908375e+02 3.109167204479880411e+02
3.274971526336091510e-02 1.607916760199344935e+03 2.557050500118079981e+02 -9.589231493791216963e+02 2.745929250689818559e+02
8.179259572781842624e-02 -2.886677823080000280e+02 2.977757284708951033e+02 -1.097307653824740100e+03 2.361692606234442167e+02
5.669666064748341006e-02 1.075385965416104682e+03 4.436292016504339131e+02 -1.374286614090152170e+03 4.020260231360548460e+02
4.180839305440346709e-02 3.264697073078161793e+01 2.698613834478472313e+02 -1.203635585251177872e+03 2.897291721397881474e+02
7.974649034125368130e-02 4.210771532544531510e+02 1.637190483290043517e+02 -7.633409148356032574e+02 3.167310858344666258e+02
5.224135212995071470e-02 6.424585550200617945e+02 1.947855713770697434e+02 -1.087537339722248362e+03 1.831658861309702786e+02
8.873971078543572977e-02 1.763283322368957045e+02 2.007652353742756759e+02 1.435134634011081971e+02 1.360023157358679669e+02
1.236368165743773340e-01 -6.361134909132856592e+02 3.652349481894396490e+02 -6.785588812052521916e+02 3.748202463266300697e+02
6.844154155332231315e-02 1.129391146453247785e+01 2.832859146005641833e+02 -1.508505949367751100e+02 2.397612843986133839e+02
1.007281509150175086e-01 6.355530561604828677e+01 1.977363130588963145e+02 2.475089708540761535e+02 1.889059884810258723e+02
3.677369085763183137e-02 5.447639856115557677e+02 2.993617796936366631e+02 -6.429612898131488237e+02 3.936872528434601577e+02
1.000688052854865756e-01 8.775647232011043286e+01 2.237693820992037388e+02 6.977561172327813210e+01 1.459329494188974081e+02
7.030952622602726354e-02 -8.491701923304316324e+01 1.636194382991444627e+02 -6.307766024689460949e+01 1.197589108078664140e+02
1.273256282323627642e-01 1.612956586039223907e+02 9.285132335798710983e+02 -1.127544177361671416e+02 9.381496256275140695e+02
4.668354438065071277e-02 2.384210235125448889e+03 8.127662562745779269e+02 1.572872001959762201e+03 7.996422636589288686e+02
4.914008030647536857e-02 2.557810189005157554e+03 7.954254356276388762e+02 -4.930964287284400598e+02 7.603513402057774329e+02
1.104512919167379703e-01 2.949267786458034948e+02 2.352294622831877859e+02 -1.127208501683862067e+02 4.060474291647415157e+02
8.819236932384949545e-02 4.249522683199870698e+00 9.940766560910999772e+01 6.617856478756522165e+01 9.940766560910999772e+01
5.029571794579189292e-02 1.622100720077514495e+02 1.574256777863092509e+02 1.426443766506980069e+02 1.783942021920518641e+02
7.561676975772674281e-02 -5.622613450494463905e+02 5.617859844182294182e+02 -3.468073345053215917e+02 1.036497076338134548e+03
1.213132198566301556e-01 -4.760689638866569453e+02 3.432042296803105046e+02 4.493347979948410398e+01 3.526726719902929972e+02
8.111693343017359337e-02 -4.526889980760266212e+02 1.308411052628836444e+02 -3.006364029583835418e+02 1.233297434037837661e+02
6.396695559049093982e-02 -5.274153709984244642e+01 8.637371900324033902e+01 -5.511532533801137106e+02 5.393940042409340663e+01
1.044440365349577488e-01 1.051322063943564444e+03 5.993255954271518249e+02 1.174555984704322555e+03 7.766167217512047500e+02
4.895602919029139882e-02 4.206532239746127857e+02 2.810645565882737742e+02 -3.141892340795697010e+02 2.823523535900935144e+02
1.112253834223611848e-01 3.292001715210400903e+02 5.672453204138971614e+02 1.526372359987400671e+02 4.942733054603604046e+02
1.016204042299052451e-01 -1.254790332344228716e+02 8.957302111437346070e+01 7.903074697266610826e+01 9.831818855957932612e+01
6.662899467135144360e-02 -1.206945845139524920e+02 4.135191882887953057e+02 -4.691408175159118628e+02 3.461884837186298682e+02
1.271475381550429273e-01 -4.857804917640399935e+02 2.201092380100327262e+02 1.720912814917320759e+02 3.246415210406443634e+02
9.680691375675645749e-02 6.295721742823620843e+02 3.585379610531060735e+02 -6.833013097962324309e+02 3.161547844699870211e+02
5.259110360404403023e-02 9.363650296267968542e+02 2.756992329128540291e+02 -6.573259437595754662e+02 2.486932135111289028e+02
7.482291173932016648e-02 7.595197094811462648e+02 6.613560388826579128e+02 -1.528975898465311047e+03 6.209754643975752515e+02
5.744392248408450308e-02 1.393619858029774150e+01 2.972579575058600199e+02 2.917642425270870987e+01 3.268568723202146771e+02
5.781593755599665624e-02 8.894899389021054503e+01 3.543871296429272775e+02 -9.283941670204283128e+02 3.772513975621070017e+02
1.232436719285593535e-01 2.486840415519114345e+01 2.354103706188241176e+02 5.508086203412626674e+02 2.731893675621282682e+02
1.175879567235673107e-01 3.859726395069448017e+02 1.435888503242700267e+02 1.184985892279551791e+02 1.435888503242700267e+02
7.606043867293940663e-02 -1.050485214945099131e+02 1.447148109568943823e+02 2.800323170378641180e+01 1.785581230130258916e+02
1.158658829208566304e-01 4.724344220276958595e+01 1.427397669280130685e+02 -7.881411429048422406e+02 2.772331462434810305e+02
8.644565133094810061e-02 -3.009767864564211095e+02 2.517239410706218337e+02 -1.805863335273009227e+02 1.755504250597733744e+02
5.955080932756964124e-02 5.879073601197717380e+00 4.344649071326102217e+02 -9.238843926543252110e+02 4.951657800151662059e+02
1.183032120892472533e-01 -6.532714427498530085e+01 1.877700350394300415e+02 8.766817104240232084e+00 1.877700350394300415e+02
6.940817141354931052e-02 -5.868801924163046806e+02 1.221708774262706498e+02 4.792904554045830423e+01 1.455536077922642733e+02
1.222411705457168707e-01 4.429769939890426258e+02 3.118780394603631976e+02 -4.108006746129662190e+01 3.400288062783239411e+02
1.267834027432117594e-01 1.297164964735287072e+02 1.084592449676806893e+02 -7.393672615265622028e+01 8.008981686171090075e+01
7.347909430675123033e-02 6.454747355703216272e+01 8.267276617744631722e+02 1.168607660132504407e+03 4.958895661553940499e+02
5.349634386947807463e-02 9.750060422231874782e+02 3.070855324030465567e+02 -5.129059549985042850e+02 2.863326842717773957e+02
5.995462352434498265e-02 8.975204599445611393e+02 4.494083125086586961e+02 3.207074438211167262e+02 4.453195136045466711e+02
1.247175747631134451e-01 1.124365313315684745e+01 1.563568687032592663e+02 1.458241262073593418e+02 1.752024035206223687e+02
8.750572146841892329e-02 1.472521013475213522e+03 3.151108978733328172e+02 1.314746949441765196e+02 2.236769296962613680e+02
8.538845754877841254e-02 -5.694647397818955596e+02 2.706797485485969332e+02 1.082229885900164277e+02 1.819758905464694010e+02
9.145394833162313886e-02 2.748297850333602810e+01 1.921850641878511112e+02 -8.280945986414654953e+02 1.523489250633810741e+02
6.493958206719345483e-02 -1.033509110527460507e+03 2.116719870705238407e+02 7.429766274064775189e+00 2.464218556264600863e+02
6.670595288886221885e-02 -1.025465147643878367e+02 4.859930318667601341e+02 -1.834467220363466708e+02 4.859930318667601341e+02
9.685346385234701316e-02 3.792713447273463316e+02 3.526424609038189146e+02 -2.060224385364290072e+02 2.702535425658596182e+02
9.685511874775268315e-02 9.375437437010666599e+02 2.887065697769143071e+02 -9.001647014932149204e+01 2.227710828087615766e+02
9.905677021326365905e-02 -4.496041688517643706e+02 3.745300097830449317e+02 2.164603631478412353e+02 4.333375361723056471e+02
9.230180550463105982e-02 1.649929150346615643e+02 6.520511121015549634e+02 1.034121419338428723e+03 3.359211673347583087e+02
1.011510184577651683e-01 3.114264658361385045e+02 4.151045706472934285e+02 -4.227435659892588546e+02 2.889968716903350696e+02
7.658954011493779301e-02 -3.209022001421111327e+03 9.875829093103347986e+02 -1.079846087581166330e+03 1.118549890414775746e+03
1.026031756787128130e-01 -1.207179468171654548e+02 3.522614602091796314e+02 -2.021962250794538534e+02 4.710624179276202312e+02
1.095217282673585230e-01 6.643984156112744586e+02 3.432289589319903484e+02 5.201135054263579605e+01 2.468233850297613685e+02
7.889411115109974670e-02 -1.248967875667171086e+02 2.680844280118392930e+02 8.425953026800418684e+02 2.412078203571615518e+02
1.058423722012980656e-01 1.511788450242672468e+02 7.246440863870058990e+01 -1.200220877500915861e+01 1.064927917032024567e+02
1.071217511284167367e-01 -1.129911827444324217e+03 4.982907040130347696e+02 -8.678988592824241550e+02 4.205607954258361474e+02
1.202407625820595405e-01 7.320740323784166321e+02 1.887625631714344365e+02 4.454934249220389120e+01 2.794125262404928662e+02
1.124285237023054940e-01 1.074300459571834608e+03 3.192375479649684848e+02 7.101738825928511005e+02 3.103788981950175412e+02
8.501675193659920249e-02 -1.517863041891908779e+03 6.699768597842302142e+02 -9.945782909929641846e+02 6.555644070301605097e+02
1.117354666839969479e-01 -2.020514481683972576e+02 2.041219418707170234e+02 1.003104445925244477e+02 1.516359908327832215e+02
8.916905742807251789e-02 -4.723742571400966739e+01 4.220859176300320428e+02 -1.242033960180469734e+02 2.577801511582800913e+02
1.221305711904536878e-01 -1.530163536545088618e+02 3.631674995441865121e+02 -1.577650433990829697e+02 4.451016657367509879e+02
1.172812580700749591e-01 2.907977244709066781e+03 7.661929838411842866e+02 1.258264846911543827e+03 7.035293940139014239e+02
1.110891459648561397e-01 -3.377350324870039913e+02 5.691334779046096628e+02 7.299332684040808772e+02 6.821259551079733683e+02
1.260375690633638857e-01 6.433606248635894644e+02 4.833568543785756333e+02 -1.253365359998823862e+02 4.556698043689701763e+02
9.548226132657328113e-02 1.894340731866907390e+01 2.396625145747255772e+02 -6.433415308831306447e+02 4.739436333335322047e+02
1.017405519525081681e-01 -7.086885322885839287e+02 3.106884865707766039e+02 7.805183042911806979e+01 3.189362581893112178e+02
1.117084641768662651e-01 -1.225505018267570279e+02 1.176249154308129476e+02 -2.705615392114875704e+02 8.309112934012220819e+01
9.386675973989759558e-02 -2.745223724569973456e+02 3.777571499926087881e+02 2.134846677489011881e+02 6.027848657310984208e+02
1.026438558492955289e-01 5.171743866316643334e+02 4.197212547940201262e+02 2.371494664986249745e+01 4.197212547940201262e+02
1.197965248924125065e-01 -1.687999096732989528e+03 4.323398305157045343e+02 -1.158524804253182992e+03 5.311937157652176893e+02
1.110541296464801070e-01 2.349578260863957837e+02 1.724809246387391681e+02 -2.874552481380401332e+02 2.156372774684637079e+02
1.213444950453619470e-01 2.110535010697624330e+02 2.207141360015890825e+02 -3.916535124428362451e+02 3.016183518280312796e+02
1.235155252847284779e-01 -9.317941579602112370e+02 4.944824022479215273e+02 5.587778476935711751e+02 5.670630545973705239e+02
1.136841406405588728e-01 -2.126486952255081064e+02 3.541416385893386973e+02 -1.165508448128111013e+03 4.924747505524241546e+02
1.217580583530493282e-01 -9.847001775923260425e+01 1.016521565685187625e+02 -3.624537414445958348e+02 1.809207933185637955e+02
1.191270514268632785e-01 -3.363640274072394050e+02 2.400057750336137872e+02 2.670678786158459843e+02 2.132745123959787179e+02
1.137228451495312098e-01 7.705789643122350299e+02 2.055600902879511409e+02 -2.603650652441368493e+03 1.709859934019289085e+02
1.130743506341252980e-01 -1.846512765712475073e+02 3.325922274884063654e+02 4.436145391040456047e+02 3.412063080623750011e+02
1.171959223076474016e-01 -7.445024939351475268e+01 1.061233984270584045e+02 -1.244267841695806055e+03 6.314780491783501049e+01
1.234866755640847968e-01 3.451446327475086946e+02 3.266160763749048215e+02 1.735602509363734782e+02 2.817263820822993239e+02
1.207650707551458508e-01 4.859329285497906312e+02 9.683933343338458144e+01 -1.741993398138618659e+03 1.494716397723927912e+02
1.259964595509968921e-01 2.124920756421715851e+02 2.291359622176385926e+02 -5.417400727767393391e+02 2.020534956184859823e+02
1.191109376507089312e-01 5.171943318412709800e+01 1.194162222768450761e+02 -4.438593525339922508e+02 1.018993450809185504e+02
7.741019617673314257e-02 4.469741105560521532e+01 3.222451983433422242e+02 4.343700178183729008e+02 3.187532276119774224e+02
7.971730959471778899e-02 9.036247381999371555e+02 5.361484353163813239e+02 8.627465330050137027e+01 5.598105046513253455e+02
9.187246204218800505e-02 8.286380409294094989e+02 3.260702660963594326e+02 9.588325680617404032e+02 3.516325946771120243e+02
8.492406306124256066e-02 5.926725840980162729e+01 2.775234953473201926e+02 4.612451109301587167e+02 2.787021588450414242e+02
8.534810728927282042e-02 2.141524198182236205e+01 2.880264541696834044e+02 7.029074603342676255e+02 2.863264311900042571e+02
8.591941718525047955e-02 1.037966841626092105e+02 1.831228685233718920e+02 -3.589881899859676651e+02 1.828748989843898869e+02
7.688546321388124716e-02 -7.803884847297606484e+02 4.942288208494933315e+02 -6.465653381298577642e+02 4.491821858328056010e+02
9.136608851562501299e-02 1.097347534931691371e+01 6.859888884493724390e+02 -7.435309931307633633e+02 6.838042339453658087e+02
9.482775114181396514e-02 2.993245416040774103e+02 3.380025990260790536e+02 2.030449943981988383e+02 3.554369402735740664e+02
1.014970350993859016e-01 -5.843429397888958192e+02 3.195846200637591323e+02 4.496680726751298494e+02 3.342591206785868394e+02
1.058827639712657948e-01 2.578824457578941747e+02 3.184446910054773525e+02 2.576267911050964585e+02 2.934361553903535196e+02
8.842099341119513678e-02 -9.636202419408809874e+02 2.156197360203723292e+02 -2.512161672255531926e+02 2.152882705603090301e+02
1.050160826012069976e-01 5.124078024368472484e+01 3.980991392229889811e+02 4.662394226700232593e+02 3.776367836655052201e+02
9.095816853197313812e-02 3.304390037656631307e+02 3.069394291616839041e+02 -1.692505967838912397e+02 2.938470128964140713e+02
1.018252208355954480e-01 -4.189152885626412512e+02 6.680371610622421485e+02 -1.023803979255014724e+03 5.716915906415555355e+02
1.110004755820260952e-01 2.189118268864142749e+02 2.169776529492342547e+02 2.594205583744719661e+02 2.253076771833362955e+02
9.439752318821106880e-02 -2.319847242461413543e+02 5.619391782561458513e+02 7.278109383919896800e+02 5.648937122440999019e+02
9.992587822769490036e-02 1.098791894944567957e+02 2.126997697058960171e+02 -2.169740201957200156e+02 2.475147622855014333e+02
8.160542899834709318e-02 -1.733201690408776017e+02 6.476800037127291034e+02 3.847623752824304120e+02 5.998645373020381157e+02
1.063858955138970025e-01 3.660445730673425260e+02 3.385345051640672409e+02 2.582056742503348232e+02 3.015990307500844665e+02
1.163926017505020755e-01 1.273253384702762787e+03 6.536983416720089508e+02 1.157832616251319905e+03 6.723422892489157903e+02
1.106741440686726391e-01 1.951719797685791491e+02 2.223360654698831240e+02 1.909255248745424183e+01 2.921901628643067284e+02
1.141944337572929069e-01 -4.633286022340003996e+01 3.158961765100746106e+02 4.138152996229226233e+01 3.377470870406363019e+02
7.920304113211060204e-02 -8.317366443542173329e+02 7.908341199498985361e+02 2.853788770492684534e+02 7.105618370362024052e+02
1.079046871753186060e-01 -9.302329995503657756e+02 4.410419733672728739e+02 1.689929301244489807e+03 3.659263886566606061e+02
8.065631846926900328e-02 1.887089426066928581e+02 3.584501412420671045e+02 4.370088242017707785e+02 3.348054236462825770e+02
1.047723296682463445e-01 -2.941944367534486560e+02 1.397072467853444948e+02 3.099719801425449646e+02 1.366288288708509242e+02
8.301787447808429976e-02 1.825790989661443575e+01 1.044215630188980839e+02 -2.222694520506486882e+01 1.124360295385271655e+02
1.063920887985670000e-01 1.052410837705301901e+03 3.383890192971654756e+02 1.075690105628639799e+02 3.613696086869831561e+02
8.524155806315995842e-02 -3.103733499438719150e+02 1.397094900556893435e+02 -3.514698227507456636e+02 1.469516100476387805e+02
1.271330813220993006e-01 -2.935999664768905859e+01 5.297738161539921293e+02 1.786713518623869959e+03 4.267086487490373656e+02
1.254778299979840139e-01 6.928934735767912798e+02 2.018759125623748503e+02 2.717811681498722578e+02 1.857935202958823595e+02
8.352222494126411434e-02 8.372386171793171172e+01 7.731707325153003296e+01 1.398107945690545648e+02 7.731707325153003296e+01
8.644429261920441587e-02 -4.146312305801954494e+02 1.104529617879000085e+02 2.928609414322829707e+01 1.104529617879000085e+02
1.064635114808867439e-01 5.011724706183144917e+00 1.030876676040122533e+02 4.095368727884614373e+02 9.685400294786136044e+01
1.142228853171548403e-01 -2.782375386728680269e+02 5.675824680413484202e+02 -2.878666707377784633e+02 4.820099916650418663e+02
8.508108792566446144e-02 -5.906603649977245141e+02 1.784204545849552517e+02 -1.774249568643119517e+02 1.757082956828593581e+02
1.116488326277002008e-01 1.569299422426551587e+02 4.051056295341077771e+02 -9.883662851575860486e+02 4.012675065084309267e+02
8.889489202201460161e-02 7.976346410740322881e+02 5.554842844763401217e+02 1.558487779253660847e+03 5.623094119563656932e+02
1.047402775195373781e-01 -8.014575025584886134e+02 4.259197805017440146e+02 1.284263247787567366e+02 3.686605689597481614e+02
1.261850870952011539e-01 2.204089799998708941e+02 2.629227490831133878e+02 -2.108883077927962688e+02 2.790697082551163817e+02
9.563129298894165742e-02 3.185252429256768778e+02 2.299095878233461860e+02 -3.458567752612328263e+02 2.205547318339002345e+02
1.124375719509448507e-01 1.162375337756680977e+02 1.990915011662204961e+02 1.533455946655960531e+02 2.107595485214532118e+02
8.574033563154480342e-02 -5.601917774984783591e+02 2.098606273970100347e+02 -8.537463327998021896e+02 2.098606273970100347e+02
7.951144569657081496e-02 -2.785296363847839274e+01 3.349441484952025689e+02 -1.228212491239355586e+02 2.964625918719261790e+02
1.138388767557675652e-01 3.821532355819317672e+02 3.877184686750875358e+02 -2.951917831062913251e+02 4.238873843546800799e+02
1.027478721069442769e-01 -1.089230870740208275e+02 3.828872579099013365e+02 1.120312514898277186e+03 3.447698232093532624e+02
1.017548339621306974e-01 -2.041341656892388130e+02 1.149880921531978828e+02 6.781505209224982877e+01 1.172152810841117656e+02
8.817495003060010772e-02 -3.048801781576804615e+01 4.487787198386579348e+02 -7.200075974003060537e+02 4.416933388345954086e+02
8.195580521617495950e-02 -3.003792753874588470e+02 4.151153882087803595e+02 7.507880985614256133e+02 4.254257472996017100e+02
1.260025158062534900e-01 -6.372181781259646414e+02 6.488072947897687754e+02 -3.860000931581949430e+02 6.435287794481050696e+02
8.414498358754128604e-02 1.105266838891374022e+02 2.229413159495648529e+02 1.792234162017031451e+00 2.362751165134582152e+02
1.107719304103916974e-01 -1.212645869398972536e+03 9.094823637812842207e+02 1.292160809257356959e+02 7.814057525041185954e+02
8.003819386887760234e-02 -1.116757914452571185e+03 6.429121514105034976e+02 1.288175182533861062e+03 4.867405174095912344e+02
1.091422601419185096e-01 8.625093476889666135e+02 5.643707214265175480e+02 3.662972908785636150e+02 6.566329927538391757e+02
8.064116339132573752e-02 -4.688073592182153106e+02 3.963896520270075143e+02 5.623543722269537284e+02 3.438400951217477655e+02
8.581381493247494663e-02 7.787773014163653897e+02 3.304888189973416388e+02 1.810870694082821615e+02 3.048422004231880464e+02
1.233238748689131775e-01 -2.254137852256820338e+02 3.007474905566032248e+02 6.098860850548520318e+01 3.635908867598073471e+02
9.602707565082889418e-02 -5.804266721305086776e+02 2.096273640225443273e+02 4.783051696825007753e+02 2.152563781495975661e+02
8.406739750871744521e-02 -1.024049945610763871e+03 4.333722239333948778e+02 4.840015430514137051e+01 4.671185596320507329e+02
1.102566144743057225e-01 -2.528573984417540146e+02 2.944337153255028738e+02 1.106641026317505066e+03 2.910614623512994967e+02
8.943656834143454137e-02 -1.487391903078858206e+02 1.755595176636200279e+02 4.257743222250638837e+01 1.809422822823196952e+02
1.116725874267873175e-01 -1.568104663181673430e+01 2.209059235758000455e+02 -1.004261386451312603e+02 2.209059235758000455e+02
8.057885837465184053e-02 -2.458683150610462462e+02 1.999301548899159400e+02 -1.411012037181874064e+02 2.099641547866687858e+02
1.160630273485263597e-01 -1.751712708154435063e+02 2.953113155078665386e+02 -3.800886994134567658e+02 2.630463660558243078e+02
1.226647350930204911e-01 -5.394435040641596970e+02 4.627629030006752373e+02 -5.418141905062295791e+02 3.828841342075266425e+02
9.423693106525196650e-02 -2.604584280732196362e+02 1.656155257478463341e+02 2.159059763059285331e+02 1.664777769594359143e+02
1.155074824977859876e-01 -5.473215373021467940e+02 5.639634970057197734e+02 -3.434146507497234211e+02 5.995024773564595080e+02
1.182477121123355623e-01 -2.145591616172685576e+02 8.085864166910212703e+01 3.140829351775971077e+02 8.513353167201836413e+01
8.573101359960402790e-02 -2.398819255577301703e+02 2.274151819092826941e+02 2.540609949221358477e+02 2.255728938806415442e+02
8.425695917745437691e-02 -6.770721602052793742e+01 2.761636383926859821e+02 -9.366337591282940878e+01 2.922015520184560842e+02
1.016425513369815514e-01 -3.009535887200300976e+02 1.104529617879000227e+02 -2.333486289997870244e+02 1.104529617879000227e+02
1.260774694952066788e-01 -2.403237763257882591e+02 6.481694193287830785e+02 -1.669810327885851393e+02 7.963592315740995673e+02
7.950328451653290718e-02 -3.212073857856318000e+02 9.860801066544436821e+01 1.059840398654307592e+02 8.287499886396297200e+01
1.351673897648727196e-01 -4.817811103766966312e+02 5.351326060463904923e+02 -9.864138249016116333e+01 6.665452090929072710e+02
1.323541929472901724e-01 -8.527296849462659338e+02 5.578141209013928119e+02 -4.324156969001971902e+02 4.967321778492009798e+02
8.501252767574657421e-02 2.631118307022159684e+02 4.552989117347631236e+02 -1.065383371417700289e+02 4.620345884149573976e+02
1.361754501284348773e-01 2.578704394846964760e+02 2.570184829161918287e+02 1.120349447312656821e+03 2.862267667984502282e+02
9.169417076725897009e-02 4.944906472793174999e+02 3.486872726489780234e+02 7.899096261015766913e+02 3.514431794132559617e+02
7.941231452153046932e-02 2.075665333578853051e+02 6.727091254554841271e+01 -1.180977316132803594e+02 9.366145526364203988e+01
1.066516711434008086e-01 -4.511633103106611884e+02 2.540418121121700210e+02 5.082826653322466086e+02 2.540418121121700210e+02
1.092277992240164169e-01 1.534392918697885762e+02 3.479706108841370451e+02 6.097453320310416984e+02 3.794988030593258372e+02
1.046659278334926418e-01 -2.129121104509837892e+02 2.657775914643532928e+02 -1.054299816707733953e+03 2.807321094566291322e+02
9.207937790088908947e-02 -4.221577908246120501e+02 3.173826371218303279e+02 -3.212258391402374968e+02 3.265973464448550772e+02
1.011371780032995910e-01 -9.149516331132610958e+01 1.345028587889334801e+02 -2.051824851347227820e+02 1.314859901433996185e+02
1.230536438646098740e-01 5.842274267286302347e+01 1.393586157784307886e+02 4.108107776736545702e+02 1.485216792881272738e+02
8.516587621870209956e-02 -3.432641757757652385e+02 9.525251935980435292e+01 1.974188801559211299e+02 9.282645026501380414e+01
7.923314680759056816e-02 2.992397789516538751e+02 1.374859229110985552e+02 2.480905359130468923e+01 1.283635681479345578e+02
8.172852406976202633e-02 2.455815920464272892e+02 5.524467408291378661e+02 -5.441852599064037577e+02 5.635648024312143889e+02
9.225836477344159792e-02 -8.808111149852948074e+01 5.267639704462284271e+02 -1.821039174849358915e+02 5.198973824807369510e+02
8.032596641787224934e-02 -6.277721499114807102e+02 3.878074300717393612e+02 -3.582915855332961996e+02 3.749293014572991751e+02
1.366793948247584378e-01 6.743014348286576478e+02 5.633101051182902665e+02 1.246692206792680736e+03 5.633101051182902665e+02
9.203216089051409476e-02 -1.202909639054321588e+03 5.239758625007542605e+02 -2.399614543377517180e+02 5.300082774361646898e+02
1.307892050412060858e-01 3.264194366229670550e+02 2.129883168383668988e+02 7.149557736201501257e+02 2.788055445586532528e+02
1.056569100066667988e-01 -1.148353180892925820e+03 3.469683683538036121e+02 7.639516942138159266e+02 3.681928113755756158e+02
1.185292867540573142e-01 6.389545874135430381e+01 4.668369823233796865e+02 4.249296259325083724e+02 3.660998493360824000e+02
1.197534403928293550e-01 -4.900051029180463047e+02 1.218443011884120040e+02 -1.125619632796718861e+02 1.340581253526710270e+02
9.436644536440130793e-02 3.065910704432329226e+02 4.199955542100723278e+02 -1.541840106248462803e+02 4.206085905410459418e+02
8.038339163206732751e-02 4.772071235770295061e+02 2.856529352609622947e+02 1.131006114128987861e+01 2.680981139708097771e+02
1.168318250544700537e-01 -2.525112107037935516e+02 3.870453507728601039e+02 3.684265500390422403e+02 4.273663456163395153e+02
8.653806395866338319e-02 -2.845631131818920494e+02 4.095114864298949442e+02 2.329873411432238584e+01 4.474908072758502158e+02
1.297725850082794286e-01 -6.094703767738495799e+02 5.062502268601366495e+02 1.031168142435412619e+03 5.213851812994195143e+02
1.017375443813207520e-01 1.276937342548703782e+03 6.695084485924326145e+02 -8.082031436825004675e+02 6.894110490699325737e+02
1.368481246050924638e-01 1.642881462670755468e+02 5.276088302108709058e+02 9.509346619236790730e+02 6.865202987966690671e+02
1.011663613149351992e-01 -6.754824426669258628e+02 3.474182388427481669e+02 -8.577408860711333318e+02 3.485222003813117908e+02
9.614448901293171090e-02 -5.930139558644915496e+02 2.890223087493702110e+02 -3.822591956664878126e+02 2.891438098298805244e+02
8.301285271445439651e-02 2.474876566155365651e+02 3.947704620488588603e+02 -4.449198116024618344e+00 3.540663508294178996e+02
1.027529382368316674e-01 -4.111539437509640265e+03 9.915500337810324254e+02 9.315920591469860028e+02 9.970864132164164175e+02
9.959597604297859563e-02 -6.809873982523945415e+02 2.978166454706250192e+02 1.713696801904835070e+02 2.926451757527071891e+02
1.040776721088219059e-01 -4.943340931999552623e+01 7.119994840145778880e+01 1.679663220504533001e+02 7.280415922315945920e+01
1.332615568801459871e-01 4.760931247673511280e+00 2.238396651688051122e+02 4.580678001438357114e+02 2.291213645944797861e+02
9.148201436402615683e-02 5.365486895432441088e+02 3.600446677472069723e+02 2.790380931664754826e+03 3.880702863932198170e+02
1.258467223911522714e-01 -1.782351809599489911e+02 1.173692463804921573e+02 2.062094732550645233e+02 1.264599166428257035e+02
8.210064420796182871e-02 -5.285065714366879774e+01 1.581330523895250622e+02 -9.020286684672882416e+01 1.623432620531876864e+02
1.022361170421979826e-01 -5.247652422993642176e+02 4.180253458288513571e+02 1.143426186616679558e+02 4.554956890875203044e+02
9.115469527295834429e-02 -2.900402834454649224e+02 2.017251655467923115e+02 -1.040037472680872099e+02 2.171311270009397276e+02
9.172709120273721262e-02 1.356951938123874868e+01 2.227338984832634878e+02 -2.105469292374581585e+02 2.016644503812461551e+02
1.342035758518015931e-01 6.881244954001198266e+01 1.636025401525180598e+02 6.511255392336768182e+02 1.946623993599072548e+02
1.137881619699421532e-01 5.867571338936378424e+02 2.650871082909600887e+02 5.341887348731704606e+02 2.650871082909600887e+02
9.681018719512772541e-02 1.724906740201924720e+02 2.148512305613466822e+02 5.534518951980322754e+01 2.140697754352037805e+02
8.183817402477798486e-02 3.398082525810279435e+02 8.048444947065395638e+01 3.533866495582325911e+02 1.064614684957704753e+02
1.102838860002698790e-01 -7.321411166802874959e+00 3.137105319594805337e+02 -6.358586550097899135e+02 3.557401592938920771e+02
8.880549214069462238e-02 1.304569827202865611e+02 4.409195679715494407e+02 -4.104673160167071160e+02 4.569411348881878894e+02
8.289597499570589001e-02 4.003014392219646425e+02 1.475107380483855195e+02 3.910617845892898004e+02 1.644384663979137144e+02
1.033965224537438804e-01 -5.666520595588783635e+02 5.600424762023023959e+02 2.100278681293110310e+02 5.359061211251174655e+02
9.392073075193571596e-02 -5.067954461154827186e+02 1.322635621531260881e+02 1.737270566017032252e+02 1.276712707430634595e+02
1.053049517769749921e-01 -8.990178117445536827e+02 2.272089762251120817e+02 3.635262947633272006e+02 2.257805938057028925e+02
8.204347326854077860e-02 -4.067661301789001982e+02 1.829320603264309568e+02 3.792231314397702135e+02 2.068452709224281136e+02
1.092418949416275181e-01 -3.779281161511846676e+02 1.750298117786242358e+02 1.242892100417508573e+03 1.790860931921196766e+02
1.127000713975048057e-01 -5.548648599691671279e+02 4.052388821398325263e+02 8.866565293883107302e+01 3.653189750538697353e+02
9.412018096341959184e-02 -2.211627522808284994e+02 5.071364573433062617e+01 5.862882826155122018e+01 5.401908627333948232e+01
8.197028870543132673e-02 7.859489143945404521e+01 3.889439894737520262e+02 1.071735825116363912e+03 3.054991018726796597e+02
1.098449497136829572e-01 2.734420958148523368e+02 8.560201472559600688e+02 5.625390449076185178e+02 1.017943386839947266e+03
1.136764271813428123e-01 1.795110527038036423e+02 3.563766100704129371e+02 4.973118520404365768e+02 3.276506680942503635e+02
1.324013015877786581e-01 -9.248882614762576395e+02 3.329702220615567967e+02 7.820876478946510133e+02 5.177435488981385561e+02
8.791018412110951363e-02 -1.335590745672020375e+03 6.789928965107459362e+02 1.190808506354515202e+03 6.912811463736190944e+02
1.108592725833930787e-01 -1.660063108554918756e+02 1.969648730601667239e+02 -1.015209207149837027e+02 2.012558266748266931e+02
8.966094427453352722e-02 -4.616376273669502552e+02 1.560017703315947131e+02 -7.865003703995785145e+01 1.687863367030428492e+02
1.213836760284712213e-01 8.959435572005656923e+01 2.172287316976784837e+02 3.412560410647064373e+02 1.891314467387939828e+02
9.074556939202386985e-02 1.054746149320049653e+03 5.943297590125685019e+02 2.076728798729955656e+02 6.361031677037814234e+02
1.192963219915808143e-01 -4.047047291226925836e+02 8.137786474930189229e+01 2.427738754509283865e+02 8.463735154390843718e+01
1.340765981317908473e-01 1.092694392309401792e+02 2.603980719779289075e+02 6.721089742134392964e+02 2.701466105833238771e+02
1.173017029101256492e-01 -4.603428813485890601e+02 2.243980230003587053e+02 1.292812481101832418e+03 2.096435548448858981e+02
9.822118963963363814e-02 -3.159090224411078225e+02 1.325343046450016686e+02 -1.630624060733180158e+02 1.334700068129610315e+02
9.498730346152563231e-02 -3.705012597968932937e+02 1.783459546517156298e+02 -7.414648863987870300e+02 1.757839135001988780e+02
1.000915695847127834e-01 -5.712984915816612101e+02 3.402706636426352702e+02 7.637510712357777720e+02 3.416798874047613026e+02
1.079335816499975426e-01 -2.454199921676981830e+02 2.353951959582289817e+02 4.079328761870495441e+02 2.456944086572650292e+02
1.072760233536551450e-01 -3.392841766966412820e+02 1.316612652086325852e+02 1.930154017999607277e+02 1.370287826557298558e+02
1.214907154587172022e-01 -2.575295559414851141e+02 8.553066583607044038e+01 6.521397849513158462e+01 9.243548560846934947e+01
1.258379813554338922e-01 -6.403656001678210714e+02 5.801360448771501979e+02 -5.006133878387007030e+02 4.874088929463303543e+02
1.365104547249653966e-01 -5.403752385141586956e+02 1.605783266655515718e+02 4.903387603693740289e+02 2.551539416211323328e+02
9.802033717016959968e-02 8.826266092407333872e+02 3.114663671325340033e+02 7.705812227299051074e+02 3.086396682290170475e+02
1.032140767022980410e-01 3.831577256126004158e+02 2.633210621871045305e+02 3.752292571010297024e+02 2.558719122763443750e+02
1.095946535190176624e-01 -1.180267112878327680e+02 1.545467942441413243e+02 5.174926435216480058e+02 1.668612629821220423e+02
1.128793317810773966e-01 -3.387406902940692248e+02 2.171115601464851181e+02 9.431895667620461836e+02 2.378263084193446559e+02
1.245872883756259514e-01 -4.357805361522753742e+02 9.588851074339208935e+01 3.609676940151708209e+02 9.216933232158821454e+01
1.312632285472022653e-01 4.800765167129542021e+01 2.548285493228280814e+02 3.010427155464651037e+02 2.035808474894809592e+02
8.451391859855283961e-02 1.716206116077334514e+02 3.837799521196820365e+02 -3.849999403949052521e+02 4.421865257150277557e+02
9.147696947852007598e-02 -6.906078245445060020e+02 1.245546906865118473e+02 -1.373709954384705156e+02 1.193891935696964737e+02
8.659408297763730722e-02 -2.536368606752047299e+02 4.632754692553502878e+02 -6.471254190636296926e+02 5.608971618486743864e+02
1.151084648091339341e-01 -1.310893251314330996e+02 3.172699635480856841e+02 8.514148992458555654e+01 3.814877190720192743e+02
1.267895411568120412e-01 -2.239673577260392960e+02 3.835130440960959390e+02 3.746357683001732539e+02 4.339260392656212844e+02
8.370115052434330682e-02 -4.289972098064159809e+02 2.056841574395259045e+02 -2.067376841062639414e+01 1.743707937528511707e+02
8.746663627557944853e-02 -4.258218173115381546e+02 1.622340548609813879e+02 -4.372798652247207087e+02 1.582450897673047336e+02
9.188223699043618353e-02 -1.322615703287287943e+03 3.549937268217818200e+02 1.480832176553765294e+02 4.050827666706485957e+02
1.135998531969689418e-01 -1.153964224284168836e+02 2.068099299104181625e+02 6.699970849140092923e+02 2.151478730891821840e+02
9.229573320658761293e-02 -3.789683155435243407e+02 2.277488626890562387e+02 -1.145586790087940017e+02 2.252359894873834776e+02
8.400363177555533745e-02 2.820962442293404138e+02 3.155518288158176574e+02 -1.210831736452465464e+02 2.837198075963850101e+02
9.955738908579148116e-02 -7.598856862649106461e+02 5.928716909353250912e+02 3.767586659269981055e+02 5.853844960115670801e+02
1.024791117583233047e-01 -1.551373666584632360e+02 2.220204925696492921e+02 5.232225428959427518e+02 2.219949178749420469e+02
1.152163229004326550e-01 1.181614083360790573e+03 7.640235601137691219e+02 1.235462174161819121e+03 8.495732295127503448e+02
1.042128696963962459e-01 -1.384072203494232838e+02 2.318939749530722167e+02 6.267824502587147890e+02 2.325336926277620933e+02
9.114767580320316809e-02 -5.794008277721657123e+02 2.102278053481122129e+02 3.771863221948095770e+02 1.924975738328325008e+02
8.676070604647458107e-02 -1.719040901048502690e+01 2.666771865750318398e+02 1.239753250960348510e+02 2.533371068644163699e+02
9.200368611725157075e-02 9.357176691863232918e+02 3.795376483390875819e+02 -1.400163114926875096e+03 4.255318511615253101e+02
1.165981403003670813e-01 4.312539451601682572e+02 1.187202632072166466e+02 1.956390447272638085e+02 1.327596576527650711e+02
1.194240587274444376e-01 -1.226102803969022489e+03 5.185753540972654037e+02 4.404878605630802326e+02 5.911770814896220827e+02
1.184376905654109108e-01 -6.526144129589849285e+01 1.822400027714676867e+02 3.618653270848001853e+02 1.529572384428832095e+02
1.011520074786502882e-01 -9.228393776579915198e+01 9.381151934098606660e+01 -2.551410167715688004e+01 9.428250713747902978e+01
1.325843342896632082e-01 2.544237060031502722e+02 3.973754534220395840e+02 -5.940217235373291942e+02 4.360672684353414184e+02
1.153820686251498528e-01 -4.193561997785942594e+02 3.931736736772897416e+02 4.336497665058479924e+02 3.537756040358177643e+02
9.881123769132671431e-02 -6.316147531089945915e+02 7.452532251019802061e+02 2.549535515852493518e+03 7.260942914267455990e+02
1.404664671550616417e-01 -3.171640156352204372e+02 2.292421337661797338e+02 1.442582183151811932e+03 3.526272355310332500e+02
1.050729104437452682e-01 -1.101296893017253922e+02 2.763705931954207244e+02 -1.156628796956748602e+02 2.776571507357951987e+02
1.055452984913443498e-01 -1.140409353359480519e+03 2.998612855463271671e+02 -4.631307510388938340e+02 2.982165482418253646e+02
1.388385310042977439e-01 1.107951550256278210e+02 4.312834647172870177e+02 7.118704112819561942e+02 4.798475653538686743e+02
1.023532600582174185e-01 -3.348891188223366271e+02 5.104799061210958371e+02 -4.851355955752126192e+00 5.163003741812979115e+02
8.576769859733410217e-02 4.853978132712854858e+02 5.143963483747760392e+02 -1.794888490895327777e+03 5.606064576928962424e+02
1.114562939083405257e-01 -1.698314309643532738e+02 1.193393759690462161e+02 -9.868091991324598666e+01 1.111476544824348167e+02
8.637949687190653314e-02 -1.372742508446227021e+03 5.709989198707012292e+02 -1.003837614823642298e+03 5.260752383447668308e+02
9.975085769293920435e-02 -5.604475932256104898e+02 2.439459722971361941e+02 3.106640768016852121e+02 2.604935071263664668e+02
1.381393553129858787e-01 -1.673183719608196043e+02 2.909142943601131606e+02 5.662050919510393214e+02 2.397857474515265892e+02
8.523555549070030435e-02 -7.773497220288768403e+02 4.651087552667302703e+02 3.381432421986826739e+03 3.945218354185155931e+02
1.132887279014111459e-01 -1.368549014163589618e+03 8.271530004893977548e+02 6.362658011466684229e+02 8.839608064204576294e+02
1.330880753229876090e-01 3.638881723899004328e+02 2.536538090312066913e+02 4.209378685339534059e+02 2.663759687321045817e+02
1.081461275339391931e-01 -6.536324127110731297e+02 5.022192475178069913e+02 2.876279426773270416e+02 5.029631161167824871e+02
1.194074631545462423e-01 2.348468572294268597e+02 6.389148241459008659e+02 2.960747238138205830e+03 7.119684709544638963e+02
1.019286685739780179e-01 -5.350160684790286041e+02 1.313964798661209272e+02 1.814690103585384975e+02 1.271321069688651306e+02
9.376539070593734038e-02 -2.925459462411856180e+02 4.079211131835626816e+02 -4.925406500445773190e+02 4.448461402588331453e+02
9.584045092004932209e-02 1.532023840145850045e+03 3.370154598033562365e+02 1.464509474932476905e+03 3.694829408670690896e+02
1.048174544149139825e-01 -9.184534652148275882e+02 6.092649616300724347e+02 1.165379866115136110e+03 6.089265104613152744e+02
1.203841541475549060e-01 -3.648092909982264018e+02 2.675648257590265757e+02 -5.456194779584246817e+02 2.543255081818698216e+02
1.065481112266947472e-01 -1.091434942175077595e+03 5.320708839434828406e+02 5.944681706910139383e+02 5.228154948308992971e+02
1.133063433987152868e-01 6.618233390438540482e+02 3.588879829726133153e+02 -5.158821984402384260e+02 3.325065495001593945e+02
1.002508652460399330e-01 -1.531970545382443447e+02 1.803015818505927541e+02 -5.083609611886377024e+02 1.758709605771071551e+02
1.217225075243072441e-01 2.314620841854915057e+01 3.707001673501557661e+02 5.402577391576072614e+02 3.595417289674599033e+02
1.036475027323017911e-01 8.515741229588928718e+02 7.753939337317559648e+02 -4.636166522990894237e+02 7.680874053986992749e+02
8.859851152179072653e-02 -1.199125037129465028e+02 2.039627364016232889e+02 -4.016358660521199226e+02 1.562063611794454232e+02
1.221365277841980762e-01 -6.922534099133637255e+02 4.202958909346281189e+02 -3.039829864695632295e+02 3.684965344270668766e+02
1.233708505246372544e-01 3.795865257535467663e+01 1.595870610903704403e+02 2.706030609880385782e+02 1.825795156991753174e+02
1.183740641726787612e-01 -1.730597486878176028e+02 2.784148058824871441e+02 1.203405722148425411e+03 2.541919101965026186e+02
1.365985245082769750e-01 -5.457909005301792149e+01 5.030529245762009509e+02 1.184251503977120819e+03 5.383598993599356390e+02
1.144706092397523162e-01 -2.315979007676379524e+02 1.922181235256608716e+02 4.631250325430992234e+02 1.858584236646509851e+02
1.241929143716977574e-01 3.272350488042596339e+01 1.476967552437505731e+02 5.841698922671342586e+01 1.507154460984112063e+02
1.001051174226212370e-01 -2.655359628225780284e+02 2.342663143303983588e+02 2.572229906226542653e+02 2.209481307811067268e+02
1.060906205211350345e-01 4.787093189841272078e+01 2.234498233885195191e+02 -8.596556787304839986e+01 2.233047352556217220e+02
1.124821305976359681e-01 3.343328030796945427e+02 1.393560845094893068e+02 6.781414538174518611e+02 1.472867917275616776e+02
9.726441029817455008e-02 -1.183378233047156755e+03 5.280653665482518591e+02 -1.660401458613091563e+02 5.477501002104347663e+02
1.190694469948618134e-01 -8.062741477341680252e+01 1.988153312182200523e+02 2.827047258012532325e+02 1.988153312182200523e+02
1.041194041221471800e-01 1.028018394753093929e+02 7.863601866122576212e+01 -1.321111389684666904e+01 7.756438188260547406e+01
1.077724674576570479e-01 3.076262440824872897e+02 3.045300731295692458e+02 2.472127200466840975e+02 3.054656286187016576e+02
9.547167055931048141e-02 2.707378820642368282e+02 1.014757947502735789e+02 1.058167816125874197e+02 1.151016361373660004e+02
1.278624852596836059e-01 -1.717288752751430252e+02 2.762128542859551885e+02 1.140381001173978802e+03 2.318554124257042304e+02
8.793806629551471910e-02 -9.204324728575858217e+02 3.010130917530655665e+02 7.961838085894846699e+02 2.851089273425606052e+02
1.034540963190505591e-01 7.293691722111395848e+01 2.700909999529631023e+02 8.464585193058074992e+02 2.739253809650423364e+02
1.184282835887510710e-01 1.331095806827730144e+02 2.740495239971639876e+02 -1.242294322688929498e+01 3.049768592141047066e+02
8.839735927436956353e-02 2.209589865953327603e+02 3.174559874837237317e+02 5.311701375214745440e+02 3.122008463892635177e+02
1.191824306856964499e-01 -2.169949511631649273e+02 2.563115615056862566e+02 2.711118947396149679e+02 2.522357333454984882e+02
1.135596248440555595e-01 -2.049209473044840877e+02 2.010403745459816207e+02 1.041873689919835329e+02 1.902573738483968668e+02
9.830436940871768725e-02 -4.196859965347020420e+02 3.632334342369387628e+02 1.118914632377873659e+03 3.831816793569669244e+02
1.130109084307923534e-01 8.063264393514715778e+01 1.751327080184520639e+02 3.547799587387160614e+01 1.677255025407008588e+02
9.692281292236346046e-02 -1.282920922634557144e+02 2.530561460186326883e+02 -2.284059736383381107e+02 2.450206731888183640e+02
1.293460867790332258e-01 -1.147999224166592057e+03 5.276797496159709908e+02 1.054519547549922436e+03 5.771766641254605474e+02
8.934688246111115173e-02 7.315068503202587635e+02 5.717580027927981519e+02 4.297922203325724126e+02 6.532992708951151144e+02
1.070943167484727787e-01 -9.800729432272444797e+01 3.647469030366075344e+02 4.126341096859742947e+02 3.695626216107361302e+02
1.424582853439297636e-01 5.961371698615623700e+02 4.984829974107076964e+02 1.246720375130871332e+02 5.446139014697796483e+02
1.234272199501210698e-01 -1.124946388726758414e+03 6.743995602313760855e+02 -2.983982674383561289e+02 5.948039506628732624e+02
9.877856205351792651e-02 2.624040420257342134e+02 2.235742327918198669e+02 1.230164693742277819e+02 2.574474653748101787e+02
1.366022121762202612e-01 -4.316762116676291043e+02 1.449068522370627647e+02 4.465960821448547335e+02 1.329494269578332535e+02
1.179575755825756911e-01 -6.076617107950801255e+01 1.807324882745552372e+02 -3.089128092225727755e+02 1.917105961870928752e+02
1.279871263683097227e-01 7.268612499713157149e+01 2.836417411080167881e+02 6.837076134789565458e+02 2.626701507704562459e+02
1.032039750418155266e-01 -1.243635696618954967e+01 1.927246410992505048e+02 -4.389606425453895326e+02 1.940163258576050396e+02
9.266682781435875427e-02 -2.581189005187137582e+02 8.084519769505662623e+01 5.903872975257799283e+01 8.514629855237410538e+01
1.049220033089372089e-01 -2.891300846440895498e+02 1.210566926363946720e+02 1.880043007936592403e+01 1.229346480093084466e+02
1.150474679542487222e-01 1.065449142819325345e+02 1.707548402810405719e+02 -2.398693336688004081e+02 1.718257709813233021e+02
1.095973555042437098e-01 -4.365953483300266953e+02 1.990782552811146502e+02 -6.953423572938768871e+01 1.991655524040309899e+02
9.825908844164946143e-02 -7.881844357060808761e+02 6.880464609463055012e+02 -6.936934966806559260e+02 6.018988753669807465e+02
1.055446622693518022e-01 -1.195107418757668682e+02 2.928411900252120859e+02 -3.174416823858306316e+02 3.102674659048054195e+02
1.063325851812515488e-01 -2.806932814645706458e+02 1.270550021885601666e+02 2.567002254465921283e+02 1.291303261206673199e+02
1.021141672175377574e-01 -5.232123247363130076e+02 3.765810665259927532e+02 -1.108822919791501533e+02 3.949496221471467834e+02
1.349064597377779562e-01 -1.956610336109017680e+03 5.533054483903448499e+02 -8.730697930660426209e+01 5.309295405095008391e+02
1.363760195705943090e-01 2.559358294480141467e+02 7.629524158963097307e+02 -2.331616264311759551e+03 5.719780904685982250e+02
1.404387645804519302e-01 4.591759227068386053e+02 4.894128310573393037e+02 6.167565471479365442e+02 4.936713556261917120e+02
1.198702214402528193e-01 8.739219215708885713e+01 3.076950970270254402e+02 6.041109468072777418e+02 2.785421060194058782e+02
1.313593535841377502e-01 -1.041818514208948443e+02 2.065620200379573532e+02 -1.589931000113256943e+01 2.526596158075682865e+02
8.965533083243856782e-02 5.567879134508743846e+02 5.757732067878079079e+02 1.481844592030342255e+03 7.725893568828935258e+02
9.691460706707261119e-02 2.515488670177554695e+02 3.009052678674200934e+02 1.408484974626884423e+01 2.486608750858290193e+02
1.218947908692277204e-01 6.392835790215599445e+02 3.315833857704640764e+02 -2.233020423956494369e+02 3.730596915747179878e+02
1.209539711924577238e-01 -1.448652753632237591e+02 2.490008735662544268e+02 1.297260550405238178e+02 2.200165191777696236e+02
9.100000515435528736e-02 -8.458189088138566376e+02 3.257312797814413443e+02 3.798243631121897579e+01 2.694940352197654079e+02
1.009422278858110450e-01 1.798340231536204556e+03 4.230695159143421620e+02 -8.185391266682881906e+01 3.954570106201275621e+02
1.185656817323027384e-01 -2.079897465176384230e+03 3.450999379615346925e+02 -2.127449272588208942e+02 3.610998528368637039e+02
9.754723949731917976e-02 -1.459888953457059699e+02 1.132495167540750600e+02 8.947991764850027607e+01 9.557347506951504101e+01
1.403947355418440346e-01 3.069683633907136482e+02 4.003980169425768167e+02 -7.456980982617056952e+02 3.751984715530760468e+02
1.014069981481331012e-01 -2.208260078855771269e+02 3.004800109611883272e+02 -3.111467404765812717e+02 2.963607123447134200e+02
1.043311381479509609e-01 3.700421503550214197e+02 3.100579886649671266e+02 2.267625907083942707e+02 2.963745665914033793e+02
9.041934715223924612e-02 7.097906370932491882e+00 4.584822343071138562e+02 6.405886350400808169e+02 4.474340426150361623e+02
9.443059027240482961e-02 -4.170169672437671693e+01 7.684249973234582853e+01 -2.708454998964816696e+02 9.666980497825348095e+01
1.065135091422218794e-01 1.463942865032969110e+02 3.033418815548831731e+02 2.638719850374710063e+02 3.042491344118110419e+02
9.604671210959336847e-02 -1.930462716366902782e+02 4.940029285628526168e+02 7.116038268060722203e+02 5.124657628902712077e+02
1.376636621729632470e-01 9.130686126289913318e+01 3.463307474910561155e+02 -3.340977608304440309e+02 3.617790326796111913e+02
1.397286799909092381e-01 7.810294012652736910e+02 3.051879130730187057e+02 2.960232298050253235e+02 3.645870041841510556e+02
9.223912272313440630e-02 -3.040493537805588176e+02 2.299871341013064239e+02 1.684078533649895633e+02 2.596083701993831596e+02
1.263271747641026843e-01 3.320410740707561672e+02 1.546341465030600375e+02 2.843362814285839590e+02 1.546341465030600375e+02
1.421389009944876436e-01 -2.474590428311132371e+02 3.238693955351141085e+02 8.624511492976051841e+02 3.536607339064215125e+02
9.360071787745266603e-02 -5.249046388878707603e+02 3.382052600825057880e+02 -1.546149154466754396e+02 3.882268532894975692e+02
1.348490299816049176e-01 -2.144351136236725495e+02 3.200668206651416199e+02 -1.076080659151632517e+02 2.855364606604823052e+02
1.015377198827005362e-01 1.721180972308076775e+02 4.241476412387888786e+02 -9.716375289631947680e+02 4.264088784188819545e+02
1.292631442525954411e-01 8.663988234526516408e+02 4.446222802587943193e+02 -1.459635290905895090e+03 3.951036245864241323e+02
1.075730724023998691e-01 -1.339437119786967969e+02 2.747879420077724717e+02 -3.646369270874143922e+02 2.667093273118116485e+02
9.880218407226423749e-02 -2.743746706521360466e+02 6.323103548575550121e+02 7.816109723855291804e+02 6.505274419194450957e+02
9.325127232852752079e-02 -1.245609593868909087e+03 3.914631537044039078e+02 -4.356073119290825275e+02 4.800438465771372876e+02
9.848442681595036274e-02 -6.215181460421601969e+02 2.067012505968240816e+02 -6.036177862911168859e+02 2.456896063917581614e+02
1.218149595025871251e-01 -8.847057177405790185e+01 1.372970211443135042e+02 -4.004390584473576808e+01 1.390506370638385079e+02
9.752321604310161540e-02 -2.485331313699645932e+02 2.792884560364303184e+02 5.134326889268762670e+02 2.483673052460265751e+02
9.175753107514186824e-02 6.071388876486371373e+02 2.395814037476438614e+02 -2.914569581091598138e+00 2.717925859896993757e+02
1.092961045873468429e-01 -1.536169199167110833e+01 2.267092874583612172e+02 -2.817549111980412135e+02 2.294943947218925189e+02
1.092958244431225523e-01 3.535875964024468772e+02 3.145989964957482243e+02 5.713985151516625365e+02 3.173942763999268664e+02
9.462746827181195419e-02 -2.984438000344530906e+02 7.349851720691264063e+02 -1.156349598370055446e+03 5.412254756624706715e+02
9.028087649152879979e-02 -4.191880718758778102e+01 2.037908378394755573e+02 1.178118605717878893e+02 2.568073841155888886e+02
1.225451054132934148e-01 8.210349461007706395e+02 3.632282158396811838e+02 5.442066346785677524e+02 3.490304914853191462e+02
1.325396879610689083e-01 1.625975919476847821e+03 1.154423666987538354e+03 1.045253446180921856e+03 1.526536272614170457e+03
1.066481132584989472e-01 8.122527463885478483e+01 2.909454885432164133e+02 -5.978942630334163368e+02 2.994773378856202157e+02
1.057231001292766315e-01 -1.024979230361220175e+02 1.920075650970728418e+02 -2.104382456120623033e+02 1.780345190688474020e+02
1.255538457602973779e-01 5.838462849576288818e+02 3.354857234662057408e+02 -5.759104792111179449e+01 3.142464774142342776e+02
1.017447002726004773e-01 -1.123756041653658940e+03 6.850959300441503501e+02 -2.701859429757317344e+02 6.651773158010435054e+02
9.528822580156974531e-02 -7.772226770549077628e+02 3.847125599691511866e+02 -5.926001372547002575e+02 3.326157087054540398e+02
9.498344311757564440e-02 -3.851120059385154377e+02 1.815104689359754389e+02 -3.617248315836968686e+02 1.725143862195831730e+02
9.819370556327895738e-02 -1.906824313811395086e+02 3.620344211910152126e+02 -4.268243975902971670e+02 2.985607015838152734e+02
1.142618036439165680e-01 3.581561265937108374e+01 3.318387428710523182e+02 2.727952480654337251e+02 3.312468379985859315e+02
1.343185875709355104e-01 -5.320590663228856556e+02 3.365485014918909883e+02 -1.333676092088398946e+03 3.495602119242766435e+02
1.073985598360120003e-01 -6.712934761298626540e+01 5.535133043817983207e+02 -3.476865260524321002e+02 5.512348477678658583e+02
1.267416041979277375e-01 -1.353313554873871567e+02 5.697122368682124716e+02 -7.005441163746584152e+02 5.357301437555910297e+02
9.345740626401989604e-02 -8.157858702633229768e+02 3.627228074533798008e+02 -4.410398358500148106e+02 2.659056038558127284e+02
9.888436994650730283e-02 -2.884920457323091796e+02 1.668793957461062121e+02 8.115777986531779220e+01 1.769761921809063381e+02
9.190090369145591243e-02 -5.297417482478675765e+02 8.646640590176438934e+01 -4.805935612886203216e+02 1.034473162258600354e+02
1.221453720998440379e-01 -9.075182015009644374e+02 1.742690723985706427e+02 4.466150095245741909e+02 1.697044363850879449e+02
1.273205370186780983e-01 2.021805375469992327e+02 1.834628622248927456e+02 1.987410950328953732e+02 1.811921564757155920e+02
1.406036891349100593e-01 4.741015355411997234e+01 3.996609058361752318e+02 -4.053066052902914862e+02 5.442240418760254670e+02
9.888588059185407508e-02 -1.070111115619421156e+02 3.092682930061200750e+02 -6.531433971514167069e+01 3.092682930061200750e+02
1.344126420686118095e-01 -2.123737165118929624e+03 4.446013512651703650e+02 -3.399103334001850953e+02 4.633409081897441979e+02
1.361106287211741317e-01 -2.924926301941740689e+02 4.214992789499897867e+02 1.475250960532344777e+02 3.437802851558415682e+02
1.280731612593296875e-01 -1.186766836062868833e+03 2.142960831298302082e+02 6.516102561948104039e+02 2.166058603952275234e+02
1.378655537571725764e-01 7.233116729644780207e+01 7.918783297497944318e+01 9.894762973056437261e+01 8.946015608615010706e+01
1.101641487499813304e-01 -1.046316576834453400e+02 9.364272712536265431e+01 -1.055432936714995549e+02 9.445015600684764934e+01
9.388015399479374135e-02 -3.940215345308881183e+02 3.402986290150200830e+02 1.895167683132065974e+02 3.561628759436259202e+02
1.273369247555912742e-01 -2.553055848869369697e+02 2.098606273970100631e+02 1.139583160186225768e+03 2.098606273970100631e+02
1.216560609288350053e-01 -1.476246557896357444e+03 3.925056511664475352e+02 -1.101637720875739888e+02 4.136006487689816140e+02
1.346859955058953562e-01 -4.602464447752553838e+02 1.562790305853509665e+02 4.199916288681710057e+02 1.928370848055046451e+02
1.268603455578180828e-01 2.412196825561781566e+01 1.521528945837899869e+02 -8.860744575972417181e+01 1.601528137144374000e+02
9.583693021516605237e-02 -7.037936233607426573e+01 8.836236943032001534e+01 -1.442675909278299287e+02 8.836236943032001534e+01
1.013725184480788605e-01 4.978989906461974329e+02 5.773350284470885754e+02 7.110533310841154844e+02 6.708480215244402416e+02
1.321298817592331531e-01 -2.558862029712221897e+02 2.252512037523302126e+02 8.677510180844443255e+01 2.465128517239631378e+02
9.861083127083951350e-02 -7.791128940334505160e+01 1.525156516329242038e+02 5.573359012547173279e+02 1.719428853172153708e+02
9.958047027694280628e-02 6.476828038054229637e+02 1.298836403535683075e+03 -1.659034149361726520e+02 1.006405633701825536e+03
1.427353434487556305e-01 8.518457194452350905e+02 6.265966880892727886e+02 4.110673130788819662e+02 6.872746432881497185e+02
1.004845593595629083e-01 -2.131794007284904637e+02 2.688928705264211203e+02 1.468964838556364043e+02 2.724277958659323531e+02
1.004861885842307928e-01 -1.698964571327815918e+02 1.915915260462285801e+02 -2.011861682305642773e+01 1.845314509780087917e+02
1.124832560792159847e-01 2.049659643748045710e+02 2.473560261807659231e+02 -3.361569371294739028e+01 2.572576548269258296e+02
1.129458887449942411e-01 2.052350868046572486e+03 9.505659809834629641e+02 1.836132106548649062e+03 9.650931417379393906e+02
1.340726596919561142e-01 -1.038316087952974556e+02 7.020645975536232299e+02 -1.804558779806941260e+01 7.415855023977443352e+02
9.532050871335211173e-02 2.017531954900099720e+02 1.205593082313369848e+02 3.240051540719769037e+02 1.509868037545087418e+02
1.330690208075553105e-01 8.844792202700198231e+02 4.767461528811539893e+02 -4.584889299571977972e+01 4.475690845239209352e+02
1.162531785861289080e-01 -7.099150101353587843e+02 3.547857761511818921e+02 -2.897007639711893034e+01 3.557275496288076511e+02
1.035511913256783739e-01 -1.939385679656531067e+02 3.244341906436999921e+02 4.590669157274069789e+01 2.943572708420703066e+02
9.817167377613654489e-02 -8.772497320069805937e+02 4.011434900717418373e+02 -1.583959374800357637e+03 4.444273756291971154e+02
1.183552043208317694e-01 -3.843945031525682339e+02 4.733022198489217658e+02 7.409493571669071343e+02 4.845839676671174061e+02
9.557574170310655093e-02 1.719985790968776200e+02 4.215109744754501548e+02 -7.622875420053444486e+02 4.795056965316035189e+02
9.898390404398588194e-02 5.267748492103341960e+02 3.705372107715587617e+02 -3.561009690150989968e+02 3.492121586481039799e+02
1.347180702283473641e-01 -1.503657396754513513e+02 2.677210488415309442e+02 4.205110897985706515e+02 2.948280481696772313e+02
1.461494623986260011e-01 8.567962139588424861e+02 8.280624705037059812e+02 2.842505997828028512e+02 8.400632174435953630e+02
1.179031518717515853e-01 -4.226004732337007681e+02 2.813462173201253904e+02 -1.755533911328542445e+02 2.785901388506954390e+02
1.214643802143751672e-01 -7.845637089560059394e+02 5.447210486387905348e+02 -1.033535562316363894e+02 5.397333372823349009e+02
1.383796030610152106e-01 1.260283957119345359e+03 4.686948962064499824e+02 -2.944942475302020739e+02 4.969603763231917242e+02
1.032026584833736216e-01 9.449777214184338447e+01 3.614382753239715953e+02 1.162504749608646648e+02 3.071282011271137549e+02
1.159546797517519157e-01 -5.836281923037395245e+02 8.852518439226042801e+02 -1.304268212132000372e+03 8.650232292569617130e+02
1.277842083155116548e-01 -6.689155442785888681e+02 6.543982171938725969e+02 -9.586981945692534737e+02 5.946862984604664462e+02
1.210544825061183327e-01 -5.854967084838459641e+02 5.096501219410977228e+02 -1.505514791695759413e+01 4.999667678563613435e+02
1.255318340226080631e-01 -3.269919100373585934e+02 8.642511943103214378e+01 1.193958049076326233e+01 8.248958206684896766e+01
1.119771538445513970e-01 1.902741512027316162e+02 4.704995315432036591e+02 -1.776772373865487680e+02 4.455886676774044304e+02
9.510039218900295799e-02 -6.367037893456822530e+02 3.335607045179875172e+02 6.651445829520199027e+01 2.472270869652788861e+02
1.094522279906999240e-01 -6.232616197879590345e+02 3.631394087738650569e+02 -9.840542193953889409e+02 3.977968875339935835e+02
1.074417784446761726e-01 -6.291118897390904294e+02 2.542459532594235725e+02 -2.791833750767794982e+02 2.703615693081358700e+02
9.989365444192699339e-02 -3.403317943075858238e+02 4.737881558903511063e+02 -3.904231487331502990e+02 3.646650334652279071e+02
1.028627508914941729e-01 2.437233394754796336e+02 2.877307163497848705e+02 2.541511059257231295e+02 2.526921312918659339e+02
1.079897629273830623e-01 1.024640401704741635e+02 2.436654184710241111e+02 -3.037049969406853620e+02 2.674539716642264580e+02
1.235425683283960657e-01 2.337311766726177211e+03 3.375021533294312235e+02 -3.142095917744207327e+03 3.470612986287651438e+02
9.706081371845301509e-02 1.393419759546578689e+02 6.211061480587945880e+02 -1.723977742795457516e+03 5.037297336939844286e+02
1.456738514446111465e-01 -8.629164897584830669e+02 5.118540817581778128e+02 -3.177921808190736783e+02 4.391082546343991453e+02
1.034992462389136697e-01 -7.954364332689858657e+02 7.424682039391585704e+02 1.113821293430760306e+03 6.136286118854081906e+02
1.358288771533253392e-01 -2.983671459231559311e+02 2.737260644869939483e+02 3.897342853420192910e+02 2.789556386816867075e+02
1.142595248815511111e-01 1.641283196714016981e+02 2.039079869131772682e+02 -3.528537103290861978e+02 2.084575125631577350e+02
9.352413108366960937e-02 3.688540634504828631e+03 2.276280826423900976e+02 2.793291924414202185e+03 2.480365403819799042e+02
1.031990124696872957e-01 -1.119918980085222074e+03 4.197212547940200125e+02 3.959898595480732979e+02 4.197212547940200125e+02
1.049590360955289237e-01 6.443547241711314655e+02 3.665983199659485763e+02 7.809659368448042187e+02 3.175199368225122498e+02
1.132568548213593040e-01 1.803711668667820902e+02 1.387598406650529341e+02 -1.391305042349766552e+02 1.375909092257571160e+02
1.026877735533347630e-01 2.268357903308583445e+01 2.993112969067503855e+02 -8.689914634469598695e+02 3.223390697387259820e+02
1.293162526852955907e-01 4.442611764732146753e+02 3.818725016781414183e+02 1.706860782245190649e+02 4.319947793462657728e+02
1.081824789606046638e-01 -6.949821550291615040e+02 2.964680852338543673e+02 -5.254331084610496418e+02 2.500618091267657519e+02
1.312070302939706279e-01 5.836263770210856592e+02 3.222543075057106989e+02 3.966983999454809009e+02 3.495933454742145727e+02
9.937548365988177479e-02 -1.105509995027064178e+03 6.257090020543842002e+02 -2.089256272551186839e+02 5.128455521268047050e+02
1.342068220640194876e-01 9.472788669021647934e+01 3.194905017494864978e+02 2.257134126153184468e+02 3.521209525116334476e+02
1.311565824602658747e-01 1.694697891034550139e+02 2.695639511935241899e+02 4.870511437483779105e+01 2.623997231753097026e+02
1.295145146155675386e-01 6.997879858419082666e+02 1.952036998755507398e+02 2.876920837273564757e+01 1.860286587881097375e+02
1.109604870921900299e-01 -1.990620098994070020e+01 1.237361418131505388e+02 2.411917235591256485e+02 1.145208866451088312e+02
1.159093853547454311e-01 -3.868705117869328092e+01 1.385861417802923938e+02 1.408520501174497497e+01 1.377658629320562511e+02
1.063115706336140998e-01 -2.431807842635255952e+02 1.078832969121873901e+02 -3.282056960655452826e+00 1.140390499703930658e+02
1.029895440999105266e-01 -2.363906211862068005e+02 4.850269361293917427e+02 -5.534013265162893731e+02 3.756520364820021314e+02
9.447072261901144630e-02 2.170885039941435082e+02 5.000412867724163561e+02 2.576764248419549403e+02 4.725602121534302569e+02
1.073590805405359866e-01 -1.990652912837056192e+02 1.588200543672153913e+02 -3.964913952490175575e+02 1.616712322056493747e+02
1.044578999812676989e-01 1.958810760274181575e+03 3.395449961848440239e+02 8.605466532316777375e+02 3.244728123066695957e+02
1.083435432000445786e-01 -2.522550454048537745e+02 3.103269836341152086e+02 3.853457612798345053e+02 3.476415016852204758e+02
1.219505084745432510e-01 3.369734901152593807e+02 4.281008110369622841e+02 1.067389615897302974e+03 4.246003147284870352e+02
1.399629398281803938e-01 -1.325846604479763300e+03 5.956295976669962329e+02 8.935701859140972374e+02 6.094939341497846499e+02
1.246233992434329085e-01 8.722326288375899139e+01 3.363708638253301615e+02 1.310261985755385439e+01 3.382040370654468688e+02
1.216989740984339013e-01 -2.798676749792538203e+02 3.620246717462406991e+02 1.024843203255641129e+02 3.627685946385425950e+02
1.069897429978927672e-01 3.906743825716780520e+02 2.116871797947121365e+02 3.377602408642246701e+01 2.426670979679265940e+02
1.360769156724213613e-01 5.160858135275556151e+02 1.701717510205000394e+02 -2.925751003808781547e+01 1.724032662316662368e+02
1.191756198630491009e-01 -6.033279642405229879e+02 5.244371269015730377e+02 -3.419488343114793679e+03 5.249240286502373465e+02
1.338170604759139903e-01 -6.168873910441055841e+01 4.217482629022067613e+02 -3.632349448491488602e+02 4.179763908716122955e+02
1.170603840009647595e-01 -8.593721918436108353e+02 2.587009406757461534e+02 7.532861676535801507e+02 2.614770254678049923e+02
1.351906734274072319e-01 -3.487381302184380161e+01 3.236018734198573270e+02 -3.812155263217638321e+02 2.902716122033475017e+02
1.049996784674936956e-01 -3.157403970435420320e+02 3.893390757646848783e+02 -5.262551826675028224e+02 3.049954299255530827e+02
1.445095136220845011e-01 -5.466543422239593042e+01 1.302304567120050081e+02 3.235246035931056667e+02 1.641935215176654879e+02
1.008939153549008316e-01 -1.090195100116781077e+02 2.224731725074398128e+02 -4.328361076545502328e+01 2.430728548134832465e+02
9.737465808468190320e-02 -7.272721060167646101e+01 2.367749439086827294e+02 9.767994218995527262e+02 2.495520718886488964e+02
1.293713942820827745e-01 8.403586460157696365e+02 2.227660265049869395e+02 4.971413581921211744e+01 2.148119481355168432e+02
1.452897803059137183e-01 -2.749566589658305702e+02 4.647591014453767571e+02 -1.567541715318056106e+02 5.059757266576586971e+02
1.250471921719570889e-01 -4.051007504976963673e+02 7.535976666394669792e+02 -1.148053788941906532e+03 7.806258610374520686e+02
1.152149603005193645e-01 -5.705167471719620380e+02 2.603464900346819491e+02 7.137157817668165762e+02 2.588978995857625023e+02
9.942346762922735226e-02 -9.474873882018391669e+02 5.310243730278308476e+02 8.042417914894467685e+02 3.868385292241558773e+02
1.182598823619750578e-01 1.943885202301688423e+03 1.080214199456825099e+03 -7.390764134416650677e+02 1.038988407024835624e+03
1.277792299484292737e-01 -1.356388680226848464e+02 5.507689668358358404e+02 2.740731971569211964e+03 5.592372590774069749e+02
1.113350328275309192e-01 5.931604925434426150e+02 2.125219694939637236e+02 -1.709345942184884848e+02 2.077531599776390863e+02
1.163921363137794540e-01 -3.905345118621809206e+02 3.456202051482877096e+02 4.156446280236134498e+02 3.405934664820188118e+02
1.096833896091564398e-01 2.770785557474206939e+02 1.521906112628247172e+02 -4.288218568034841383e+02 1.578146175367219257e+02
1.140551884189151405e-01 -3.733635047957433244e+02 1.127477337677696028e+02 -2.272747606851743285e+01 1.040849273042470315e+02
9.673275653808527386e-02 -1.050904436362849538e+03 4.947154180187305315e+02 1.728879830692131918e+02 5.220446169877160401e+02
1.034021472805089908e-01 1.258207361733652306e+03 3.800701124198708953e+02 1.744275080631127821e+02 3.339157148621455349e+02
1.074587773778677702e-01 -7.238507861425598833e+01 1.302208582411288944e+02 -3.566927201755959942e+01 1.163708296706785035e+02
1.046911809611244665e-01 1.462869893007589781e+03 9.092566792043140822e+02 1.079096976945879760e+03 1.003682598126151902e+03
9.980782055121105445e-02 -1.014818220245591419e+03 1.273941133427430486e+03 5.026644642549163109e+02 7.355015863014882598e+02
1.169691703745564110e-01 -3.512665121592200421e+02 6.280736543445697180e+02 1.267594253949356329e+02 6.212473920663665012e+02
1.112481479405720841e-01 -1.044319618706866351e+02 9.940766560911001193e+01 2.151839937355068741e+02 9.940766560911001193e+01
1.212047512887154399e-01 1.609159316358835895e+03 1.158399683426281541e+02 4.663531797001849100e+01 1.163734728838087165e+02
1.386948250143885952e-01 -5.873799831328600476e+02 2.808498658686706335e+02 8.231525540606344293e+01 2.656531540300456413e+02
1.225130579247978718e-01 -1.861411479466049173e+02 2.103347054636979010e+02 -2.643927325316616361e+01 2.117032500502775747e+02
1.295972777544703025e-01 8.154875534028351467e+02 8.451209020126715359e+02 1.664498955636482151e+03 8.130562799746924156e+02
1.194122211412500661e-01 2.351117915463403278e+02 4.570259978341748024e+02 1.050280061269948874e+03 4.510902305000510637e+02
1.073124358729748706e-01 1.720301540862465117e+03 4.639024395091799988e+02 1.369160956662455192e+03 4.639024395091799988e+02
1.487646617021586293e-01 2.192952962892611595e+03 4.197212547940200125e+02 1.131219545261744770e+03 4.197212547940200125e+02
1.009409341346095279e-01 -2.439242426834416904e+02 3.884334552215260601e+02 -9.811504282497394342e+02 4.585141341214663271e+02
1.098248873590374208e-01 -7.266079824193441254e+02 3.219585562333350595e+02 -4.676152592033071187e+01 2.929274034139298237e+02
1.253479997277970326e-01 -1.168451036363785391e+02 1.154702540021414450e+02 -2.497498969366808410e+02 1.151620953018353930e+02
1.195638308481339479e-01 -1.058705395887912346e+03 1.147574417797528440e+03 -2.819514880454737977e+03 1.140096589647024530e+03
1.057678303526400215e-01 2.421607529194373853e+01 1.626138766672763438e+02 -3.493248183896383807e+01 2.052313868535275958e+02
1.086585350245132253e-01 -3.081153018941719210e+02 1.546341465030600375e+02 -1.395268290313605348e+02 1.546341465030600375e+02
1.286170165873934679e-01 2.511883293945315643e+02 4.255584617259691527e+02 -6.080285381332229235e+02 4.250008809594446575e+02
1.312514707318250540e-01 6.138315070634567405e+01 6.946937749008972105e+02 3.177835503233839063e+02 6.881157853153081305e+02
1.220723913687326856e-01 -3.151302953172070147e+02 5.275905380289375444e+02 -9.546995141888742182e+02 5.383266237657435340e+02
1.041679035842518614e-01 -2.655219465920007451e+02 2.043455182131343406e+02 -1.280454669615691046e+02 2.292330735314513390e+02
1.116913286887973172e-01 3.092020639465460476e+02 1.587617171129539599e+02 3.969576734407220329e+02 1.617285199692516926e+02
1.298252327153443242e-01 -2.194418846040613857e+02 5.182718465237046530e+02 7.563290494058265949e+02 5.220918878099312224e+02
9.959000001207153618e-02 1.005954466598611134e+03 4.523086372042288872e+02 1.469831117482536342e+02 5.119193472371566713e+02
1.134854314695036975e-01 -1.369618331477636275e+02 1.611868296004715830e+02 1.016341368088665149e+02 1.763919942522189785e+02
1.158014685695021861e-01 -7.448683680101885329e+02 4.148034550853488440e+02 5.108670588135688604e+02 4.580323247095896591e+02
1.285902721594854858e-01 -7.960302214575335711e+02 3.256726536500994484e+02 -8.376182918321376292e+00 3.260932826515985425e+02
1.083676718048879328e-01 3.204593747867630213e+02 1.877700350394300415e+02 -2.272566158791627799e+02 1.877700350394300415e+02
1.080605807521413664e-01 -2.561356594326801428e+02 3.110652273528037313e+02 -4.462622358704227281e+02 3.471568426014808324e+02
1.276010616823060051e-01 -2.795546044358315498e+02 6.739819370653313513e+01 7.291691803035686803e+01 6.697296091116862726e+01
1.486815854464922648e-01 -3.364771184238003343e+02 2.230183553694879208e+02 4.025131057220029334e+02 2.529139739979439696e+02
1.465319928836835706e-01 -1.913248159330672991e+02 7.058635575067964396e+01 -8.552672200604926900e+01 7.339921412658246425e+01
1.102184818863372329e-01 -4.488520642243705083e+02 3.963920384794781739e+02 -1.049332029120419065e+02 3.353955670498350514e+02
1.052019080613926655e-01 -1.749828577874083351e+02 1.242296696132041234e+02 -2.742283319907088526e+02 1.438004353965706059e+02
1.393330290674330008e-01 3.001227010910820354e+02 2.509104924456663355e+02 -5.204431805042468113e+02 2.394462622602105171e+02
1.207063801743920306e-01 -4.742620143844784764e+01 1.050475748096794462e+02 -1.276046445590304472e+02 9.789159802582864245e+01
1.477556113210891364e-01 -6.809075646152516583e+02 1.851471620303563839e+02 6.119850153745472880e+02 1.909965906629668666e+02
1.232376130273026144e-01 -1.438867214089213178e+02 2.646224006479665150e+02 1.441988104628994734e+02 2.602140810618404316e+02
1.192288789659988607e-01 -4.025257422863368788e+02 2.038587655062176225e+02 3.021029640564910324e+02 2.165422944651827777e+02
1.253945296300712220e-01 8.407356072222894454e+02 2.761324044697500995e+02 2.994153401936264345e+02 2.761324044697500995e+02
1.341631711599009513e-01 -1.042223432907891493e+03 6.779964613570351730e+02 9.314914417512693490e+01 7.038803767204213955e+02
1.332198916316911508e-01 -2.288421938858943463e+02 1.145526396265405253e+02 -6.807899889630434132e+01 1.106950533287196237e+02
1.153500105125507408e-01 -6.415166084587808655e+02 3.290415070521386838e+02 5.572919927832458598e+01 3.148479818707521645e+02
1.240559902956728383e-01 -2.119337669039968546e+02 2.798327440842896294e+02 7.246400582522467460e+01 2.763834639643574178e+02
1.457851181043849642e-01 5.793967924701652237e+02 4.380213704522126363e+02 -3.010107109618411414e+01 3.972218196297891950e+02
1.421932901650309333e-01 2.317755632090271831e+02 1.581487929779869717e+02 -4.650615105816548578e+01 1.767209636087122533e+02
1.204229692478244046e-01 -1.429973441313753426e+02 2.643742728973795693e+02 -2.045303500743984557e+02 2.576405323806921501e+02
1.002237058089613941e-01 -2.287281803182198416e+02 3.842792651189441813e+02 -3.611499464120174139e+02 4.117350147368402418e+02
1.070037996256020252e-01 1.336539370362572754e+00 3.378473798391357263e+02 3.203139570682182011e+02 3.472526344705682391e+02
1.415798286235090131e-01 -2.996693551945936065e+02 4.995904423203880356e+02 -2.719991221634458611e+01 4.423846312473723970e+02
1.160368821954917001e-01 -4.227100805630467448e+02 1.746739626888407031e+02 -7.769689830513317474e+01 1.794331924273062384e+02
1.332404535629739539e-01 2.925987777070412221e+02 3.476753583348735788e+02 4.732750220067769646e+02 3.552026812300733241e+02
1.182382616275738790e-01 9.379067566336796062e+02 4.513307412180677716e+02 -5.756702405831433680e+02 4.762704141182439912e+02
1.049118154985622525e-01 7.446083918571321192e+01 2.517872887621125244e+02 -6.751837167222145126e+02 2.681409569085475937e+02
1.178378873518531322e-01 -2.932753244216367534e+02 2.068621552491814555e+02 2.075189889856187904e+02 2.150976595177512820e+02
1.221933888825093573e-01 -1.943322149744544731e+02 3.280100189669227575e+02 -8.864390703368502500e+02 3.244948813987992935e+02
1.340579462857434123e-01 2.343270758232929438e+02 2.897985183351058822e+02 5.532148116511151557e+02 2.862426781801759716e+02
1.033611564168074315e-01 -2.687732907013162276e+01 2.138565240358918231e+02 7.497901914081054429e+02 1.957610795252008700e+02
1.007248879997858781e-01 2.576430724501032046e+02 8.470572907079331060e+01 1.408669017102613168e+02 7.088579709860546529e+01
1.220231534116805183e-01 -2.566776944794611381e+02 2.429965159333800102e+02 -1.688453887664838931e+03 2.429965159333800102e+02
1.028605882862013710e-01 -4.701545882912470802e+02 1.320454856870132971e+02 -1.948201138313313550e+02 9.570620389143459761e+01
1.345238218203317904e-01 5.783634460476946515e+02 4.070921845095145386e+02 1.634023571541652586e+02 3.910705973147297527e+02
1.151612326548506898e-01 -2.880042240780437623e+01 3.109951203916520512e+02 1.090717049317819601e+03 3.385019265964082251e+02
1.413171967818958596e-01 8.123960351935683377e+01 2.680560688701729077e+02 -6.968686026526494004e+01 2.914002460655483446e+02
1.172106470993577176e-01 -9.239357619242052522e+01 6.627177707274000795e+01 1.393217680911652963e+02 6.627177707274000795e+01
1.044429555370958024e-01 -7.900900271409290099e+02 3.852191824483439291e+02 8.151014116692817879e+02 3.563101861037010849e+02
1.233914244588011910e-01 2.071217217608611065e+02 4.050767094153544576e+02 -6.053307400838529873e+01 4.019042630025920175e+02
1.467064037268658028e-01 1.261064506775797554e+03 3.987933710462672252e+02 -2.477305866437439363e+03 3.791626197086776529e+02
1.024518101663732250e-01 1.162947416663065354e+02 5.396010412782439971e+02 -1.510013721521874857e+02 6.943037074576834584e+02
1.357642909402776987e-01 -7.819221512666155149e+01 3.988015305193869722e+02 -1.994678083903669474e+01 3.967639396543403905e+02
1.458613051024874319e-01 -2.303272414072691561e+02 3.369229492419805183e+02 2.603009344491425168e+02 3.509418008272030534e+02
1.253954437094797481e-01 -2.734103551563888459e+02 2.320442041412341041e+02 -4.314981270057803044e+02 2.365463976346606216e+02
1.246528851433788693e-01 3.551809663766601375e+02 2.303998511513525784e+02 3.119071105345857404e+02 2.257890316602652092e+02
1.183736465480881156e-01 -6.378754121881408992e+02 7.095220554169316074e+02 2.234626640266481445e+03 7.519361038657609697e+02
1.339951324132499233e-01 1.301400117683123767e+02 2.056744676332495487e+02 6.601507535649188867e+02 2.148184697127886977e+02
1.170735821343988070e-01 2.874926559938829485e+01 1.506366287024934536e+02 9.764586279992909112e+01 1.703995269602500002e+02
1.214266085729525380e-01 -4.104126271342872201e+02 2.407629208228064215e+02 5.589461999276122128e+01 2.471918647727133873e+02
1.371312974912321514e-01 1.853892034925650592e+02 1.828808052751987532e+02 -6.411480520887366197e+01 1.817796205463226045e+02
1.136347541138845729e-01 -6.656883253375872300e+02 5.993293981206535364e+02 1.443475044801841022e+03 6.303311754265445188e+02
1.129715581085967979e-01 4.873611608071373098e+02 4.131860822069600090e+02 9.618723697849477503e+02 3.563057206989725501e+02
1.013853900375319139e-01 4.771823116465701560e+02 5.080836242243400989e+02 -8.559911558804679999e+02 5.080836242243400989e+02
1.236542369746418540e-01 4.036488520655049115e+02 4.676033519891130368e+02 -2.040329807696758735e+02 5.162706740274351205e+02
1.021011134739166076e-01 4.280208994689622841e+02 3.347521746155894675e+02 1.186862565822119109e+01 3.067874850195003091e+02
1.279187885120575408e-01 -1.591232747805809595e+03 1.876376580742413012e+02 1.060609968777816675e+03 1.885504667859140397e+02
1.472663608440073768e-01 -1.357109718289798934e+02 9.875892544307298238e+01 -1.739809285604615070e+02 9.178486383511885549e+01
1.175067677920895448e-01 -3.807236098848827055e+02 2.671605947773678622e+02 -4.235676421899143520e+02 2.750154371107568636e+02
1.479677685324098935e-01 3.193443755889300633e+02 4.879641734114936185e+02 -3.182785411179330026e+02 5.119424703453789789e+02
1.109825810384552913e-01 -1.715752566413359546e+02 4.608399978688379974e+02 -8.324031543281157610e+02 4.093043318986843815e+02
1.093820282151870549e-01 6.082865429176353018e+02 5.759151098239323119e+02 7.731693276406072073e+02 5.230264625456753720e+02
1.103539052680580362e-01 -2.465634835750386955e+01 1.430531653741849141e+02 -2.942333660688749575e+01 1.566948095799931764e+02
1.028049758930205532e-01 3.716213937063537287e+02 4.328162144356595604e+02 -3.651165152621989591e+02 4.398041089418158549e+02
1.017885605200107985e-01 4.634059394099968898e+01 7.539714068692821058e+01 3.439529237613558621e+01 1.044369493059511171e+02
1.108309891322605129e-01 -4.227443389349615899e+01 4.247325700784501237e+02 -9.696681709034341168e+01 5.895863336454176533e+02
1.075995050451718643e-01 -4.108884660212707729e+01 7.464306587405695836e+02 -2.372880929931574485e+02 6.116014541939327955e+02
1.136425699526234928e-01 -5.419900507134968848e+00 3.242691359345212163e+02 -1.040091516565013990e+03 3.166940407533303414e+02
1.332928761078471247e-01 -9.736626118680200648e+01 7.834270680615219362e+01 -4.129989013604136971e+02 7.786062585161113248e+01
1.058492374912007733e-01 1.359377432775781699e+03 3.746970859235727858e+02 -1.855303711544405814e+03 3.993426763456707818e+02
1.062265822703562512e-01 2.796346815798157195e+02 5.013818899803761724e+02 -4.952422758137172991e+02 7.481875947149634385e+02
1.037594598665155798e-01 5.193661130550026428e+01 5.660329789242269953e+02 1.979534970549602576e+03 6.416541680695299874e+02
1.185529063025513724e-01 4.377399655407101022e+02 3.751900639736596190e+02 -9.530038837605971480e+01 4.272336834099140219e+02
1.106432472255055866e-01 6.622534557293090529e+02 4.754731292221886179e+02 3.335623398632880026e+02 4.008251026624476481e+02
1.205613816713735076e-01 2.899599138436166186e+02 2.435002310687899865e+02 1.442174699562505680e+01 2.592684943272032569e+02
1.223678841826237595e-01 -2.270402612308041341e+02 1.748082065705733612e+02 9.786194412494566564e+01 1.691490355840623181e+02
1.164695271381368941e-01 -1.528684452275239494e+02 1.160855610052899607e+02 3.402254968375956423e+02 1.003487224023571969e+02
1.491989439853297350e-01 7.378716949866750383e+02 3.584070225610157081e+02 -3.068090926214695173e+02 4.168151368596812176e+02
1.330141097328637612e-01 8.458775842660006674e+02 2.871777006485400534e+02 6.305650389337084789e+02 2.871777006485400534e+02
1.317456321481002279e-01 2.159038810479140693e+02 3.900212513067897930e+02 3.536363165215414028e+02 3.881802010714598623e+02
1.352372139296328934e-01 3.056023969805231673e+02 4.058884396058319339e+02 1.057668006556990122e+03 4.004756639972800372e+02
1.113069425592395911e-01 -5.784189135444688645e+02 3.114746450250407293e+02 -8.685848512977022438e+02 3.587211949541480180e+02
1.480773645281221462e-01 1.556020401207688792e+03 3.392279283631858107e+02 -8.007543571943357392e+02 3.266769178493611321e+02
1.224531901257588512e-01 -1.906058132477641038e+02 7.064366643853516337e+01 -4.919675362626666981e+01 7.659859604060089566e+01
1.208886331709544126e-01 -9.197319214404178922e+01 3.733065005521293074e+02 -3.715892363511615031e+02 3.780832477782475394e+02
1.179231071877236414e-01 2.249988738704801676e+02 2.319512197545900563e+02 -1.890183912099937800e+02 2.319512197545900563e+02
1.189950068235602482e-01 -4.981987821485247991e+01 2.499902839030630446e+02 4.502215365636238857e+02 2.471627136342827669e+02
1.139083694579289679e-01 5.008415955654037361e+02 2.543768110319715277e+02 2.951915627841184460e+02 2.259846869477239579e+02
1.142278290778319938e-01 4.046445376985243456e+02 2.244749437804589718e+02 -2.019343189176979081e+02 2.284990044426432689e+02
1.392266952395569413e-01 2.480255667404034625e+01 1.963694737923211449e+02 -1.809022052791432884e+02 1.893624990477646008e+02
1.060575206216663874e-01 5.661784629161179510e+02 4.529494760934680357e+02 -5.071019888475853463e+02 4.207829424291086298e+02
1.036505712416363745e-01 1.079825994537168015e+02 1.275180625098805507e+02 4.912728292004671289e+02 1.057772256258152197e+02
1.048906650170511323e-01 -9.011764601800252876e+02 5.184940616985250017e+02 -1.397909814265793329e+03 8.132668605826521571e+02
1.463611339855714899e-01 -6.585085675861820391e+02 3.783795631338889507e+02 -8.540584268661034457e+02 3.655730518817794632e+02
1.397729581671338095e-01 -4.371646251548682471e+01 6.791627735514127835e+02 4.160990356023906998e+02 7.242143010557520029e+02
1.295600968867509639e-01 1.334772324810652663e+03 6.218311524875426812e+02 7.399915428613803670e+01 6.092463542826804996e+02
1.126594671817974930e-01 -2.912661534351007617e+02 1.346249403668448963e+02 -2.777485040172708182e+02 1.212177385385009387e+02
1.164678431831984023e-01 7.275944388402733694e+02 2.808972353847173622e+02 -3.800379136479405133e+02 3.120651749983753120e+02
1.252059360742896199e-01 4.254246951201423599e+02 2.698887613921320394e+02 -7.999983735508843665e+02 2.714412206252573583e+02
1.390557329975042611e-01 2.013861010852220375e+02 2.322028165980521237e+02 3.917874486217351091e+02 2.271796932049679185e+02
1.311565299337831558e-01 -1.573543068529109803e+02 1.950398427717560139e+02 -5.431224235218396643e+02 1.907317121368558333e+02
1.232558771032273293e-01 9.451645781159275828e+01 1.958935751111530692e+02 3.307319310710819877e+02 2.162884820531406831e+02
1.305915506210538479e-01 -3.862389646680653641e+02 3.644947739000700722e+02 -1.137308825047271057e+02 3.644947739000700722e+02
1.046376122595961827e-01 4.908354185142613915e+02 3.436302017447352455e+02 -8.310441441725441791e+01 3.870751077865747334e+02
1.099864233616264092e-01 5.505330198081610433e+02 6.588124967675983044e+02 1.282741465220731243e+03 5.166912656277386304e+02
1.336537518990759121e-01 -3.278239589658401769e+02 3.258519188563388411e+02 -5.821173558725868133e+02 3.266619469334372639e+02
1.282457355071922878e-01 2.346794264233964498e+02 3.574765537098512027e+02 1.540242186172161780e+02 3.612222049104199755e+02
1.152040809470583765e-01 -2.024897378714727267e+02 2.497096997312382030e+02 3.020292862719024356e+02 2.124283502354191455e+02
1.138748258817904729e-01 2.231372829371185617e+03 8.384958026483986941e+02 2.158418298937811414e+03 7.116309358738621995e+02
1.352442966244757350e-01 -4.746831602307159983e+02 3.231265259770099760e+02 -3.293267826033273877e+02 3.235657478917346452e+02
1.071487578916353045e-01 4.032493203300614937e+02 2.698696805479328305e+02 1.514596755384771996e+02 2.499335253121591904e+02
1.380081228421318196e-01 -9.026318464023155741e+00 9.964456124919495039e+01 -1.249338279580288429e+02 1.003928608642820279e+02
1.264793081519925422e-01 6.479180001908431450e+02 3.662148039875023642e+02 -3.741546755342058077e+02 3.777584776016894352e+02
1.262867833673765039e-01 2.639998908613956132e+02 2.177359251516026575e+02 -5.762868672402950665e+01 2.025833864470150161e+02
1.101907087780149841e-01 7.632049105310028381e+02 8.883178020467894385e+02 -7.513717970470287355e+02 5.568649543096335037e+02
1.231318205716210035e-01 9.880458394527537394e+02 6.271281990026214999e+02 1.367356450602685300e+03 6.656819075283357279e+02
1.093244418775165122e-01 1.527431591247756160e+02 4.326618972005780392e+02 3.887197343001471950e+02 3.779018500584556364e+02
1.257771466109079139e-01 7.794981521813241443e+02 4.020923616647348808e+02 -1.091651887952815741e+03 3.943577166121868913e+02
1.373549898559747739e-01 -4.797311638210967999e+01 2.454721933990262528e+02 -3.043917458779108642e+02 2.435200168189879548e+02
1.136373926029932979e-01 -5.044793769917163218e+01 1.621286172216756256e+02 2.206991516842730050e+02 2.002037269737513441e+02
1.221548552411927530e-01 -8.356283054042222602e+01 3.203135891849100290e+02 -2.627642338975215353e+02 3.203135891849100290e+02
1.165124508680894649e-01 -2.666036502347765236e+00 4.428508980686731320e+02 -8.285742641346477058e+02 4.302657388998081274e+02
1.251279473336868453e-01 -3.483579908457838314e+01 7.591082572444048537e+01 -3.497854316825486620e+01 8.023343009963443251e+01
1.174383626481916992e-01 2.843397682220998490e+02 1.251316813142567241e+02 -2.409337888351474817e+02 1.291188706809482767e+02
1.220340130815418533e-01 -6.341019534939144364e+01 2.827111877495723888e+02 5.429876437481779021e+02 2.711984189834720951e+02
1.434256435176151923e-01 -9.181268134278639081e+02 3.844630804574474610e+02 2.587119602165727770e+02 4.002930465922217991e+02
1.451879654546107401e-01 7.852993132484309058e+01 3.768983431512721154e+02 -4.423970953816420888e+02 3.745027697292111384e+02
1.274564740893243397e-01 4.354613563326060444e+01 1.159973429564476675e+02 -4.366833344455810817e+01 1.091802111369107280e+02
1.227593898060053978e-01 -4.082337743424639598e+02 1.945392448991076435e+02 3.647223777206957038e+02 1.834274866341468453e+02
1.352467241989382674e-01 -5.846625820487047349e+02 9.326449019317466309e+02 -1.454710784251703217e+03 9.216828636659159883e+02
1.380046495367090731e-01 1.195388248139876850e+03 4.225411342114316540e+02 -1.447732991029275809e+02 4.245665759783045701e+02
1.054189971672871567e-01 -4.031656522708714192e+02 4.341089837861885599e+02 -2.082417631040889887e+02 4.496540936080696724e+02
1.092056630326993516e-01 1.547043173978564027e+03 4.172767818735744640e+02 -3.586775776692948057e+02 4.947960880127430414e+02
1.438311156469021801e-01 2.110577746853776375e+02 2.008047199906065430e+02 -3.996890480008030977e+02 2.140290943063403688e+02
1.505475695822708349e-01 2.305668923703253768e+02 5.280588282079609144e+02 1.187903530663342281e+03 5.138555245544646368e+02
1.414215319159279061e-01 -7.863724458445548748e+01 2.930145993522702383e+02 -3.888580817688981597e+02 2.924900547931240453e+02
1.183193731604023496e-01 -4.956933359600891436e+02 1.262140633963522873e+02 1.054150241383757702e+02 1.420619098612668552e+02
1.227280868592800223e-01 1.521947769231953771e+02 3.088655113739897615e+02 -1.060125999523977214e+01 2.909845043558516409e+02
1.262361925347711411e-01 1.194343964593065039e+03 4.786431890520962043e+02 1.456798994019276051e+03 4.434813398187604889e+02
1.359130734490103243e-01 1.902020798342655326e+02 5.901596765352283001e+02 1.495675528390420823e+03 5.858322607932791470e+02
1.166280039836393861e-01 -1.245650909920564260e+02 3.150456029721031541e+02 -2.671583739102269988e+02 2.262089785882137676e+02
1.129321343530722832e-01 2.555939336828052092e+03 6.089542479608788881e+02 1.074107762304904782e+03 5.353737060248603257e+02
1.392241183505653623e-01 1.023544151582099971e+03 4.811887900287731554e+02 -3.763778924273606776e+02 4.813376256028060993e+02
1.145073014987934429e-01 -3.366256005571137848e+02 5.451700459072950480e+02 -1.180982870463339168e+03 6.387028590977288331e+02
1.331366253267334543e-01 4.241634143190024133e+02 3.084379148871313419e+02 8.171504316217200312e+02 3.104896196546218334e+02
1.198578331756682824e-01 -1.597320519305256994e+03 4.664428793332795067e+02 6.321348291156505184e+02 4.021499561453073284e+02
1.429592964788855558e-01 6.085362322530654637e+02 3.380035362476029945e+02 -6.797673504517085803e+02 3.430348184054488456e+02
1.080648387366630880e-01 -9.515915548831580963e+02 8.166574427334752500e+02 1.317450305196465251e+03 6.068183154528242085e+02
1.101914388393247651e-01 -7.052239331938861255e+01 2.875650060095725280e+02 -1.061467717445555934e+02 3.470359959733872302e+02
1.232897882527210359e-01 1.433593820029758035e+03 3.310865976440218788e+02 -8.559896333039546334e+01 3.618878836323900146e+02
1.488448141703556660e-01 -3.568134443925481492e+01 2.576024977836702874e+02 6.983640645164502985e+02 2.523716035521862864e+02
1.333933212708655058e-01 8.716989479553407136e+02 7.567273846445729077e+02 5.748460176474125092e+02 7.480042602641616440e+02
1.314255917924258554e-01 -5.704217343558615312e+02 3.514679353747122263e+02 3.448106204511882424e+02 3.718591354783332008e+02
1.214598484122815514e-01 -4.005029298642530762e+02 1.045506996255138290e+02 -1.552415227634125188e+02 1.318059896549635823e+02
1.126873552989590410e-01 -5.198921772311740597e+02 4.048177454413431633e+02 -8.796783732305887042e+02 4.883378637533346591e+02
1.354128788334704736e-01 2.618609967542269032e+02 5.412584909432180211e+02 -8.445776730272577026e+01 5.302494747481989634e+02
1.135391636909828667e-01 3.362525645114856729e+02 3.287669777951538208e+02 5.909137654343028316e+02 2.657821964664461802e+02
1.101554866948277894e-01 1.076908168323062455e+03 2.274146235881067071e+02 2.356110220468736429e+02 3.930142088433139520e+02
1.192364429627778416e-01 3.721765636276667237e+02 1.843295337272344341e+02 4.496498572856703504e+02 2.056008944390709132e+02
1.295683207350366295e-01 2.546449235958082681e+03 8.283972134092499573e+02 9.039000398489863528e+02 8.283972134092499573e+02
1.118017846222714717e-01 1.370755754309751865e+03 3.005450537895206367e+02 -6.567313390579357701e+02 3.070122205031050271e+02
1.096634654411229731e-01 4.989535513940221989e+01 1.985857965964062544e+02 2.513163474792705756e+02 2.342404196645851187e+02
1.113838956250754603e-01 3.343775431865130372e+02 2.880006962261623471e+02 8.642710227026839220e+01 2.550291386600380292e+02
1.509859550419474783e-01 1.359564159142263634e+03 5.290938479927777962e+02 -4.901815315546173224e+01 5.149264999957698592e+02
1.479719633623571562e-01 -1.487702219936577990e+02 1.611077163508771832e+02 -2.449935197856499514e+01 1.551248415949374646e+02
1.126659807347093339e-01 -6.278941191243472986e+01 2.838179317338168062e+02 -7.964136394772025369e+02 3.696009092139006498e+02
1.110003896256036154e-01 -6.491673787848836810e+02 2.804717455599318896e+02 4.443025126325325687e+02 2.941456451785138597e+02
1.154895752693142347e-01 2.843917624648814808e+02 1.702319466320629715e+02 -3.366665944407484403e+02 1.974190632691153837e+02
1.556387598436752007e-01 8.879150716089789057e+02 6.539088174378043732e+02 1.098880834556403897e+03 6.406336081191270750e+02
1.143824159691418374e-01 -2.476905679628198413e+02 3.000779913766630784e+02 -4.618963775489644377e+02 2.476962284305997457e+02
1.354215936129430364e-01 -1.493638329145761645e+01 4.427226772961010965e+02 4.995997132007092887e+02 4.657915656117774574e+02
1.276635244514105483e-01 -5.518283097797033179e+02 5.720740189357329655e+02 2.176013669974138907e+02 5.901164174019703523e+02
1.118561310409514342e-01 -7.067687641055101722e+00 7.528650637522579814e+01 9.647136122828858618e+01 6.856981996749365749e+01
1.299311253522625054e-01 1.089870436669170601e+02 3.171310309681776403e+02 1.838109316529031645e+01 2.981470858481455934e+02
1.179430326558079667e-01 -6.904627833457457200e+02 2.021308685591475296e+02 3.413352665995053030e+02 2.506828564165062403e+02
1.222728026185149336e-01 -3.810924203320708443e+02 2.768532265744552205e+02 1.372679430454985550e+02 2.652556596688013997e+02
1.214759325798623057e-01 -1.536470862032011269e+02 4.488943704682356497e+02 -3.555625424354412303e+02 4.570525416492109230e+02
1.451598622747956036e-01 -1.085672828949052473e+02 2.190590797459093153e+02 -5.702450250205835403e+00 2.230111483543074939e+02
1.537452198224663613e-01 3.135697420059871092e+02 1.440893658075981421e+02 -3.357708356038595525e+02 1.561336757452586710e+02
1.173546611766152492e-01 -3.930877948784377622e+02 4.253751206684784734e+02 -2.472856282390921479e+00 3.940609841567944045e+02
1.533195360203269408e-01 -4.438882177049835605e+02 4.694068431215278565e+02 -4.396032074034118295e+02 5.026386997786368056e+02
1.141317851735069444e-01 2.731013912232336907e+02 6.639192936474055386e+02 -3.001330325602920084e+02 8.706142070508776669e+02
1.295877025516716796e-01 -7.392587616589703430e+02 4.046651907777366546e+02 3.044401509713354699e+02 4.670134903859118367e+02
1.424336578041971169e-01 4.864354980788608600e+02 4.989208821443011743e+02 -4.438801310855769202e+02 4.979740148939093274e+02
1.185417885889414047e-01 9.544053789769370155e+01 7.669009126894059136e+01 -2.521776695736188856e+01 9.161038325098931523e+01
1.158400833501202487e-01 1.488914656267176042e+02 1.740675841899036129e+02 -5.180388966884920592e+02 1.915142025779544781e+02
1.114428102466658160e-01 -3.680443290319855123e+02 4.861276351169804002e+02 -1.280136940892179211e+02 4.430427105357883875e+02
1.248239256254891766e-01 2.623486593000994844e+02 3.500780922704125260e+02 -1.945195346294699448e+02 3.571307786379581444e+02
1.094306120322418863e-01 2.501471377856050822e+03 1.137472960316556737e+03 -5.787829222906352697e+02 8.780552502463502833e+02
1.212351075274912537e-01 6.375958452780109837e+02 3.415180578934068194e+02 1.173585251536421538e+03 3.549937566248913754e+02
1.317894299655454071e-01 -5.381152121422760501e+02 2.820285489906558496e+02 3.792139486468803398e+02 2.988409530493776742e+02
1.191574985758121624e-01 -4.180139964245171313e+00 1.207997044352373592e+02 1.516763268394295210e+02 1.507945394156577095e+02
1.363098427270577062e-01 4.896791412875671767e+01 3.980313658857518249e+02 -9.204344596153780458e+02 4.213728600113115590e+02
1.125608097555945014e-01 3.391891114554537694e+02 2.490872032442894977e+02 7.495548772752187006e+00 1.792720263363222841e+02
1.159885621903262443e-01 7.543700885238372393e+02 1.625641927071344810e+02 3.680073138071917356e+02 1.809480272700320427e+02
1.329374129450529296e-01 -6.650144754042460136e+02 3.714802631011615972e+02 -3.446380144286297309e+02 3.473317975681768530e+02
1.319273329566281738e-01 3.302954609960038397e+02 4.499349985863104848e+02 -5.149199377930228820e+02 4.158702800031034599e+02
1.104075373144843830e-01 1.517883904509309787e+03 4.478656287986178199e+02 8.383429368728704958e+02 4.804199348979735191e+02
1.144808836554120773e-01 1.926041577162562248e+02 3.450600771562611158e+02 -6.276631240279741633e+02 3.858009820775874914e+02
1.355263400606983304e-01 -9.919638113611246411e+01 3.493397770368105171e+02 7.833297225351188331e+01 3.629307660538481173e+02
1.195893862141435560e-01 1.072483529677377874e+02 4.187916742265257426e+02 -7.226291479009975092e+02 5.815733002120421133e+02
1.168275666801753820e-01 -1.597092574150024120e+03 4.442814743307046115e+02 5.832804740617349353e+02 4.504345369922311875e+02
1.166216868068231244e-01 8.968440706917164107e+01 1.184416025622112301e+02 1.094531973928941397e+02 1.370737082290405056e+02
1.268891273944526277e-01 5.487759787415666324e+02 4.159510616030520964e+02 9.319358871426635460e+02 4.518896830081150711e+02
1.352278602393530149e-01 8.240413649629605288e+02 5.006198343738241761e+02 -1.654277357543356175e+03 4.557723117903707930e+02
1.182399405036443502e-01 -2.786851041989954751e+02 2.386835080306936447e+02 -2.427792837319455828e+02 3.395469931458064821e+02
1.178205483044439950e-01 1.622875820241950350e+03 4.964057978393112194e+02 -6.126789797781323159e+02 8.150463738841873464e+02
1.382710357487315911e-01 4.461967140620541272e+02 1.839393982716669598e+02 -5.051603749262370684e+02 1.724167959430712642e+02
1.200163013099762727e-01 -1.677704549834840009e+02 2.550012663805331101e+02 -3.426798714580662022e+02 2.765731235132370784e+02
1.131900909775140074e-01 8.136444801421038164e+01 2.750836079922136150e+02 4.172451033082623439e+02 4.339745488705896719e+02
1.124164298751818697e-01 2.147491015976253834e+02 3.307464454965327718e+02 7.548615812332986934e+02 2.690439641219008422e+02
1.568639350981978486e-01 5.978630423190111287e+02 2.271885516997193122e+02 -5.856165270453964240e+02 2.258011456859847783e+02
1.513762330127658984e-01 5.584818627201884738e+02 6.386030890717731836e+02 9.242900711889959098e+01 6.339484113881185294e+02
1.188924697483239035e-01 2.698403575387114870e+02 1.695932721682581814e+02 -1.186470514756040018e+02 2.309613779011850454e+02
1.299983609460925726e-01 1.199670288658021036e+03 3.021534843151860059e+02 -6.012759892896727933e+02 3.472963921083502328e+02
1.518386433515646616e-01 -9.172838312674448389e+02 8.519816826364417466e+02 1.286347146957315886e+02 8.807301422245458298e+02
1.225850860372863088e-01 -1.017933752763467510e+02 5.063812160525556010e+02 1.356027454229786599e+03 3.714827497064973159e+02
1.400144605269687537e-01 3.692793709254214605e+02 3.500242524092894314e+02 -8.716048416599503526e+02 3.272374170136956764e+02
1.441419568698596720e-01 -3.068254863011275688e+02 7.454492273663828428e+02 6.948260553658760728e+02 7.325848922824233114e+02
1.362389118905430740e-01 -5.343447431874420772e+01 1.714239018492274056e+02 -2.637909689440616603e+02 1.578075045463216952e+02
1.437889216036127293e-01 4.192582573496617329e+02 6.399736917244435972e+02 -6.435537428080715472e+02 6.480925351410085113e+02
1.500973070731682901e-01 1.483802290249311227e+03 7.014586710356294361e+02 -7.063281732231816932e+02 7.034217417522315827e+02
1.139023780639816241e-01 1.469807447064081600e+02 7.908936947608968637e+01 7.641243540887268182e+01 8.677966226828372953e+01
1.131630669406192141e-01 -1.437789831310516888e+02 5.832053872548090112e+02 -1.976198417264210718e+02 8.427082208035726580e+02
1.510610165796983928e-01 -1.128320599714329546e+03 5.690275009551864969e+02 -1.318642641780010990e+03 5.686915725454389303e+02
1.529625392140144535e-01 9.330393183678555715e+02 5.522648089395000852e+02 -7.981935384115170109e+02 5.522648089395000852e+02
1.340436026321493446e-01 -1.456201319211484417e+02 1.020583371642886590e+02 -3.555944532801728428e+02 1.145854239288690195e+02
1.148877253873693272e-01 -3.230249720879766073e+01 9.940766560911001193e+01 -4.491694475386697150e+02 9.940766560911001193e+01
1.175310448878047892e-01 1.805347886087028826e+02 1.481900666801693660e+02 1.516381168283814702e+02 1.615770398359278204e+02
1.468819547339517695e-01 -6.805599603443558863e+02 6.068286556308922854e+02 1.305129923182651055e+02 5.986505255911546328e+02
1.507014961071690973e-01 8.979910900882334772e+02 4.260901183362618099e+02 -1.000072273055570918e+03 4.237487125416213871e+02
1.292319253722691297e-01 3.682953342015920271e+02 2.545839790876038080e+02 1.669106580402810209e+02 2.434328262984016646e+02
1.529336664215647235e-01 2.077329715935870809e+03 3.466724555184825363e+02 2.823037762479440289e+02 3.391628621568314657e+02
1.231535486890497633e-01 4.305176620341567855e+02 2.972877982285543226e+02 -5.841001168310408502e+02 3.885629354519948038e+02
1.318182858469289787e-01 4.075565479870795116e+02 1.811021284670411262e+02 -2.953444712836448502e+02 1.653702298769748040e+02
1.413419325446808594e-01 1.385503195079767920e+03 4.170207306663610893e+02 -5.108411399861323616e+02 4.249959386446148528e+02
1.400727699549188798e-01 1.444901716337982975e+02 3.665314011319154588e+02 7.284418076953446075e+01 3.774512975786755646e+02
1.225275390786446650e-01 -3.565840803112125741e+02 6.986173307481519714e+02 8.023360945144147536e+02 7.639170397725072235e+02
1.215056491737636496e-01 -5.309839142269510148e+00 8.010851493806464418e+01 -3.828236537298774920e+02 8.583975758318919702e+01
1.362014324320484360e-01 -3.592250183011093441e+02 3.470710991353393524e+02 -8.237047226264694473e+02 3.309213686308218030e+02
1.261278555248000199e-01 -5.749479122005082843e+01 3.353584207959343075e+02 -2.842135876318222358e+02 3.081108479954660311e+02
1.174230138075436913e-01 -2.123191538290325298e+03 5.392048751524828276e+02 5.868029835975321475e+02 5.322230392729992445e+02
1.373854372107664035e-01 1.491710819721087375e+02 2.522463871666815010e+02 5.716076535108568351e+02 2.458542321967671285e+02
1.308710188808276387e-01 1.540848452732874421e+02 9.435687302019243816e+01 -4.578002560910830425e+02 1.142651420851784820e+02
1.441695066996253327e-01 -1.053308564271750072e+02 1.871406138649748527e+02 -2.548199363236647912e+02 1.890438041698598397e+02
1.501887461751642838e-01 1.312563151329249195e+03 8.204609902147667526e+02 2.754787820491904995e+02 8.196816285466313730e+02
1.278473454870728554e-01 2.447731591158632227e+02 5.399129627232555322e+02 -9.387793768876423428e+02 4.768164227608970123e+02
1.252443365003729492e-01 7.095833338712577643e+02 2.784124181183401561e+02 -4.184450198289995910e+02 2.636186630125342276e+02
1.536466609068566913e-01 5.864340075150164466e+01 9.424984101383165580e+01 -2.589653070144056528e+02 9.384433803943869634e+01
1.288414555110830029e-01 3.551060589856212459e+02 7.100423959720188805e+02 -1.180498563143450156e+03 7.386727765286606200e+02
1.507017553538419763e-01 8.772102424891869532e+02 3.657168005561458699e+02 -5.992249699530129874e+02 3.664451868666981227e+02
1.557411351196526794e-01 7.277595015729250463e+02 1.490738391324907752e+02 -2.633841456653248088e+02 1.509783493060659509e+02
1.385188612700550270e-01 -2.045533525982386891e+01 2.240391371190345069e+02 -1.077075965783834135e+03 2.503100879716237444e+02
1.332848828383410844e-01 -4.301169362473439151e+01 1.981716775672621509e+02 -3.458646623475842148e+02 2.139181803428137982e+02
1.245903479110746642e-01 1.551408538082017401e+02 3.839522623397215852e+02 4.418676432510099517e+02 5.147191651698253736e+02
1.388314142117449690e-01 7.184542173286732805e+02 5.175016598251548885e+02 4.461546893236624101e+01 4.490462342566168559e+02
1.196669461763328890e-01 -7.550396633275538250e+01 7.709626295174133759e+01 -1.900496061169206996e+02 1.211359739149422694e+02
1.561329996475619153e-01 3.324912809367758086e+02 1.325435541454800159e+02 -1.504858218205978346e+02 1.325435541454800159e+02
1.568885370063804463e-01 -1.222638759486890876e+03 3.976306624364401046e+02 -3.653454072295353967e+02 3.976306624364401046e+02
1.394990889767743769e-01 2.420462467328950709e+02 1.141582971499437349e+02 1.081550366438197983e+02 1.200731482022253402e+02
1.369299729910213315e-01 5.379461941216861760e+02 2.343031959631028656e+02 -5.047814095901549081e+02 2.417409392998797841e+02
1.350181612501874240e-01 -1.772126252733004094e+03 7.386110039426383764e+02 7.627184148497196929e+02 6.951745867597694541e+02
1.171823640204288086e-01 -5.745406527795455531e+01 6.247960201968087404e+02 3.212317806265260742e+02 3.501912480757127923e+02
1.212172129244406815e-01 6.657745246959361793e+02 7.299595940124620483e+02 2.815729303004806070e+02 8.610656365791417102e+02
1.577840061586603393e-01 5.414095515516198702e+02 4.095753421578747293e+02 -1.835988685339646622e+02 3.943909778897348133e+02
1.381052994284175661e-01 -3.109027684072799502e+01 4.553343709553488452e+02 -1.016781233872148732e+03 4.506370960016209324e+02
1.515426174160413864e-01 9.678809699879350319e+02 4.036339914850193509e+02 3.554609574454402150e+02 4.033531678917365184e+02
1.485219493728156259e-01 1.527590906429696361e+03 7.593772675043463778e+02 -4.212406600011652245e+02 7.354271177490808213e+02
1.159631257303525148e-01 8.405302126563950083e+01 8.474179464757213509e+01 -7.448543416362679181e+01 1.164413360668432347e+02
1.295584347669563874e-01 1.278743284999784038e+02 1.844714337890505362e+02 -3.170588098836802828e+02 2.054735869012306466e+02
1.248267000309747909e-01 2.149562762755180358e+02 1.250092228148722313e+02 1.376267835249986717e+02 1.087307313439492020e+02
1.223282961659492435e-01 -5.076728341555834163e+02 3.943671635504368851e+02 -7.115803808900462855e+02 4.620824683286434720e+02
1.188122034427663704e-01 4.800529925587299545e+02 4.531843671870946650e+02 -6.128246948072519444e+02 4.098042781980724385e+02
1.385942224168654757e-01 -1.720697403710285656e+01 3.804299279825519307e+02 2.154549493943300575e+01 3.634388806315874376e+02
1.219167406379533664e-01 -1.078926382461465323e+02 6.625794915808183987e+02 -1.984782871211103554e+02 5.609773332731034543e+02
1.495461244558652925e-01 7.073425535469052647e+02 1.776226103910991014e+02 -1.307650945276112111e+02 1.765147927623320072e+02
1.300225719656798173e-01 5.378850755953247926e+02 2.370812957353847992e+02 1.419911444891460519e+02 1.948726595990931116e+02
1.183046883948402211e-01 2.702856208326176102e+02 5.364593952922712816e+01 -1.700234079262158957e+02 4.608746518079964716e+01
1.549089818426047926e-01 7.811073323760259655e+02 4.141481428726723948e+02 -1.078146724752750742e+02 4.143226841859620890e+02
1.349182805422342313e-01 -1.727368887180477486e+03 1.062211630108523195e+03 1.742487730021115112e+03 8.592348563246525828e+02
1.169557154623583339e-01 6.909528381722907397e+02 2.498677743721176796e+02 1.996480006984211286e+01 2.256164105344219024e+02
1.488312813414487124e-01 -1.909864609473609107e+02 3.195037759815993468e+02 -9.759825578864115414e+02 3.226374381685363915e+02
1.456648989749292356e-01 8.845846135016040535e+02 1.926940727029963227e+02 3.907565285649811813e+02 1.940466859579201468e+02
1.207458169896419020e-01 5.587761541717225100e+01 3.456360298403034790e+02 7.809396061796549304e+01 2.691458374793440385e+02
1.565331296566159769e-01 6.161616438537988927e+01 1.716071436529283574e+02 -1.492474809482409626e+02 1.723957469623941279e+02
1.538731881126611245e-01 -7.789263773054717603e+02 3.761373590429860201e+02 -2.152955016514816293e+02 3.776974334733430396e+02
1.345694779662709450e-01 1.274277530951514450e+02 5.584329007284626414e+02 -1.087414513638195558e+03 5.191106532964043936e+02
1.579190626167123190e-01 7.189961825266146889e+02 3.402936341716880975e+02 -3.480649332475860547e+01 3.378868784278758994e+02
1.261783012544502314e-01 4.109248416470118173e+02 1.386123626356598209e+02 4.221847237553470222e+01 1.271463627122156907e+02
1.189498934081658910e-01 6.032861235761074568e+02 1.797111060304561079e+02 -6.115374437410368955e+02 1.331290017875868443e+02
1.612160405185932288e-01 -3.595820903857282929e+02 8.770335061420790908e+02 1.996830746788182864e+02 8.991650050494577044e+02
1.208621206071164716e-01 -6.657030859664680520e+02 3.426345728081817015e+02 3.888020511036657467e+01 4.514684686781614573e+02
1.481522926439649279e-01 2.788840960797685057e+03 8.081859842491827521e+02 -1.647719330727386023e+03 7.665251777601520189e+02
1.195641112318225063e-01 -4.074490024692752286e+02 2.538994057536964988e+02 -7.448518941504534041e+01 1.924523319301285085e+02
1.248115696993330054e-01 1.674461281206390368e+03 4.458621354043727933e+02 -6.268825847599980534e+02 3.596986283881298050e+02
1.600152659453077941e-01 -1.781097046200791510e+03 6.676989376872925277e+02 2.735252468474815942e+03 6.691917788247995986e+02
1.592880330004025069e-01 3.876025687220775353e+02 1.714877385001992707e+02 -2.179239827647886045e+02 1.710943207614358812e+02
1.290526787152118382e-01 7.662305260268528855e+02 4.118500026327060368e+02 1.267954357718918459e+02 4.532142676164679074e+02
1.435974584894057493e-01 4.230914985203400533e+02 1.140718206080597810e+02 -3.994250801503782213e+02 1.241502557868834913e+02
1.214443369312392662e-01 -3.853701998063775136e+01 1.343120575629921177e+03 -9.332018397723910539e+02 6.469907458864089449e+02
1.573614307474112406e-01 4.341325068957939948e+02 8.645369956609433757e+02 -1.352611644518953199e+03 8.631247079817910617e+02
1.213355568354190922e-01 6.764051814793159565e+02 3.229569754283999146e+02 -6.430703482619314855e+02 2.859136368378731845e+02
1.388876793180860436e-01 2.361913147508541329e+02 6.837424968007615007e+02 9.818178210321619304e+00 6.652860384379945344e+02
1.369923178679589570e-01 3.194470065890727994e+01 1.838023074547604665e+02 2.977746969308195730e+02 2.142003185513801782e+02
1.209823479682131109e-01 1.373126390969072418e+03 3.204649923566934717e+02 1.326944268403987962e+03 2.676530251735130150e+02
1.231162913630638872e-01 -2.028444688374551674e+01 7.212126597535466033e+01 -2.892603595839036643e+02 1.122956538561592339e+02
1.523556616606295266e-01 3.095807495822076589e+02 2.611848215422197086e+02 3.539882472367965534e+02 2.589959469759437525e+02
1.375683559606658557e-01 2.946011532718745229e+02 9.940766560911002614e+01 -2.064631278555019378e+02 9.940766560911002614e+01
1.325070939906908829e-01 1.310976339924386366e+03 5.855403085161553918e+02 -4.034268366928527030e+02 5.355157839735434209e+02
1.220770329484725109e-01 6.564041264867341852e+02 3.012320052517377462e+02 -6.334813912444076323e+00 3.529684843753938708e+02
1.514057397483575818e-01 -1.357164864049780817e+03 4.788205760072120825e+02 -1.639403934389406004e+03 4.836935160433966985e+02
1.372191428794263257e-01 4.566383774077210091e+02 2.573021829788182799e+02 1.159890505724513616e+02 2.960334110793494915e+02
1.477406479503559633e-01 1.633719609702638138e+02 7.279772160524916558e+01 2.741900742725864859e+01 7.120653047049862039e+01
1.304314068620935629e-01 1.597932626982268971e+02 2.120980896273266012e+02 -2.178943084749006402e+02 1.715620198631569906e+02
1.234895547384324138e-01 7.477866083848583685e+02 1.477969665703335806e+02 2.544795823552803995e+02 1.619366923752048990e+02
1.490401600209889099e-01 1.346365340260291077e+03 2.556793459159106590e+02 1.326881616595796913e+02 2.528765584427245585e+02
1.215876646734928429e-01 1.982110759951156069e+02 3.146883388501905756e+02 -2.969179779948808573e+01 2.242710329681296741e+02
1.356817572746725209e-01 4.356497629463345334e+02 3.570142548597589212e+02 9.722006887841777711e+01 3.610038716258317208e+02
1.457801280047468229e-01 6.847110135702567959e+02 1.944342576817755344e+02 -2.750302393970283674e+02 1.753810550610281496e+02
1.575071894376437187e-01 -5.535350973634436400e+00 1.014908501136177961e+02 -1.719799158125875636e+02 1.021732051388130600e+02
1.191256645967546379e-01 -4.410703106290451387e+02 4.774799760376897098e+02 1.018237741895160752e+03 3.087216818229791215e+02
1.366020988684837623e-01 2.503133090599804689e+02 2.250387953084132562e+02 -1.801339716610995367e+01 2.172565117165579238e+02
1.316359687680029589e-01 1.258034894369045560e+02 4.157444680425222145e+02 -1.787122333885066183e+01 2.897645979972907639e+02
1.422420329355534863e-01 -5.004657413754526374e+01 1.205357032958913948e+02 -2.190126880628657773e+02 1.023760255371803254e+02
1.473063955735056663e-01 5.657276918062951836e+02 3.703323556219347665e+02 -6.579111846125482543e+02 3.485554616630731175e+02
1.303206423444321360e-01 6.680555053766119045e+02 2.826673586626584438e+02 -5.110961834375307831e+02 3.310029304241229511e+02
1.339365507967852642e-01 -4.872978711024559857e+02 5.701388950898211760e+02 -8.482274394549802992e+02 7.393384924101422939e+02
1.590431183087446521e-01 6.664082632189436026e+02 9.410261504356418527e+02 -1.342655299155626835e+03 9.413463677119459589e+02
1.233645176717684672e-01 -9.529201467255666103e+01 5.468876613947232954e+02 -6.887254895507142010e+02 5.247905687091872551e+02
1.266284503614616974e-01 -2.212533796394703245e+02 7.972664384454128594e+01 -2.770450582324137372e+02 8.619454976278072422e+01
1.319189758198109075e-01 4.785050142049929036e+02 2.916953052346071331e+02 4.791365598985543670e+02 3.471043581405448890e+02
1.367371049155886031e-01 2.177547356949137054e+02 4.580773057262091470e+02 7.257921169787681492e+01 4.380713016617427229e+02
1.326927444571888992e-01 5.849932940163557760e+02 4.269760952438239201e+02 -4.311072594679050098e+02 3.585300050648827437e+02
1.495048772906137913e-01 1.634568844401186425e+02 1.865148267985228756e+02 -1.919727261788998192e+02 1.896612470619365922e+02
1.476803591769411950e-01 1.181418542638134113e+03 8.046391877229933698e+02 2.823416028810540865e+03 7.231099759426597302e+02
1.216432748639024453e-01 -9.935209672242140755e+01 8.684500582446415251e+01 -2.985999585974458910e+02 1.265056066941186543e+02
1.247909549337675866e-01 1.326665838913777407e+03 2.372888177519440944e+02 -1.183380582564924453e+02 1.606208361845859258e+02
1.521780712842715211e-01 7.429965706488943056e+00 9.341496742130921405e+01 -2.500174770767530390e+02 9.467542540104442139e+01
1.512083816558901228e-01 7.767753410360039652e+02 5.429609551761118382e+02 4.583551596172912355e+02 5.701474577002531987e+02
1.333061286897014031e-01 3.056090002756735657e+02 4.006612344153851950e+02 -7.618949938855409982e+02 4.057052601291474048e+02
1.604216641162119206e-01 -1.166585228951033315e+02 7.534788152976803985e+02 1.244646775306297712e+02 7.527365788641766358e+02
1.374234639685222858e-01 -8.684674549926214695e+02 6.368070517201549592e+02 -6.857256589953888124e+02 7.877085330531067484e+02
1.416649764204050699e-01 1.204608483305094921e+02 8.968296732142273697e+01 -1.635608421109880908e+02 1.054074973507289030e+02
1.479701698929118958e-01 4.974679717547966220e+02 2.842589793622195771e+02 -1.176615157691970353e+03 2.718290206483296174e+02
1.489717293028810785e-01 1.482455482075692316e+03 5.656064314921011373e+02 -1.250094207015838492e+03 5.996844058475556949e+02
1.364993136888573155e-01 7.027610421987790232e+02 3.897429533272372169e+02 -1.876431656979478078e+02 4.338576229776043647e+02
1.480669148795252799e-01 2.257745388291841664e+02 3.203980486024633478e+02 1.082463552374490803e+02 2.758133283560119366e+02
1.246818969004181432e-01 6.921611881186053097e+02 4.809130580933620536e+02 -9.189537690410118103e+02 4.582482404152771664e+02
1.266912838081527826e-01 -1.537660402369478163e+02 1.898730425517271669e+02 -2.870613793192173944e+02 1.552208799646689101e+02
1.221533182473008433e-01 -9.875476340500603101e+01 9.252549032124639439e+01 1.607800779252137886e+02 1.576916015023115563e+02
1.546459127267000300e-01 8.813538432342168107e+02 1.707115202501864815e+02 2.232082147961056080e+02 1.760763207212324630e+02
1.265146410667288557e-01 -5.224388166730244620e+02 2.993110961931002976e+02 2.500335528142576038e+02 4.242990717197967001e+02
1.625239983923513210e-01 1.311952472738091274e+03 7.561176161588492732e+02 -5.727229858700494560e+02 7.574501319924792142e+02
1.323197742139512467e-01 4.192972642607172133e+02 5.385783272613286954e+02 6.068908982539520593e+02 5.552804335297805665e+02
1.431441868834581188e-01 -1.141970120718693238e+01 1.891937299600085964e+02 -5.070044477528900302e+02 1.986928504014360044e+02
1.296894190363630794e-01 -2.704643093278680865e+01 1.081710583383004405e+02 -4.129796549265562788e+01 1.018860289124271503e+02
1.554421369040507039e-01 4.045216005788497569e+02 4.261274311224857456e+02 -2.704533754160303261e+02 4.179129455548784335e+02
1.459915861310262519e-01 2.249218701387615340e+02 2.198750295909862302e+02 -2.245196322738264030e+02 2.431783491307768088e+02
1.579012435196839315e-01 7.311740471222502720e+02 3.594176159138765456e+02 -1.187027382383944882e+02 3.653517395329898818e+02
1.307467849803811977e-01 -4.096018734574309406e+02 3.991083184603518248e+02 5.297803800796140195e+02 3.749467021941795792e+02
1.488023610709596489e-01 2.404343032357460004e+02 2.371566358485837327e+02 -4.312444072842537821e+02 2.220033583389094076e+02
1.280484999377852762e-01 2.787354839116846392e+02 5.953168935687210706e+02 1.048452316449244393e+02 8.794740214510815122e+02
1.377890577157629415e-01 7.341315321451207865e+02 3.355355076605130762e+02 4.407009264921151726e+01 2.912208879883104373e+02
1.581178549396251576e-01 3.125754937113836718e+01 9.603937286483665048e+01 -2.022234761494424333e+02 9.965045903079513323e+01
1.229875639341745097e-01 3.183397840188903842e+02 1.375133795763208866e+02 3.726310805862575535e+02 8.766845607815150743e+01
1.445712415606578427e-01 6.887396958292811178e+02 4.417277315157679709e+02 -1.558600911039330640e+03 4.141042224849906574e+02
1.277585608396043793e-01 1.728850424618196485e+03 1.271290934431180631e+03 -1.116193661889577015e+03 6.794843373552088224e+02
1.609010557789423979e-01 6.044862248687189776e+02 1.118455994573455996e+02 -1.140365911152024410e+02 1.134295550501859537e+02
1.518623878968003715e-01 -3.403251641200159838e+02 2.146006855658601467e+02 -1.379834811814823752e+02 2.073776751702403089e+02
1.411535474196871642e-01 1.942825312624865433e+02 6.665758687227522614e+02 -3.699233914735699500e+02 6.206986961815052837e+02
1.446628811138077342e-01 4.077772388797669691e+02 6.233762750295421711e+02 -4.060519343861212178e+02 7.623441704350467489e+02
1.362148239440418851e-01 9.507621494331233407e+02 7.940615303665233569e+02 2.925996147157030123e+02 1.092124022228073045e+03
1.463787556523478139e-01 2.023857096145443393e+02 2.312836192114677942e+02 1.447903279678852755e+02 2.227031144184401796e+02
1.266711658523602679e-01 7.268523472834135646e+02 5.224060057831608219e+02 7.143982894623457014e+02 4.324656810253290473e+02
1.651914407447443445e-01 7.296990108881490187e+02 3.546478862722842678e+02 -1.011521571106974648e+03 3.553504152012231998e+02
1.376046356166073237e-01 5.572562019228529380e+02 3.844487210319949213e+02 1.247973563605004870e+02 3.025894424455619856e+02
1.484415352320765935e-01 2.651433402683844065e+01 2.940023979833663361e+02 -1.542920368248493332e+02 2.914971313177651950e+02
1.500233843728496774e-01 5.776834440757214679e+02 9.289110233499417291e+01 5.633852409195819746e+02 9.518947116242755158e+01
1.429487008455562480e-01 6.892567359394175810e+02 5.004088909031605112e+02 -1.807900465857562494e+03 6.182843309343945748e+02
1.353321816637031438e-01 5.500800884395357571e+01 9.669035055783216137e+01 -3.327955274785924189e+02 9.132780749693111488e+01
1.416480722351426691e-01 -2.801023514615687873e+02 5.022256449012634221e+02 6.151550490223175984e+02 6.800272134675985853e+02
1.490646594171481376e-01 2.897891107828604618e+02 2.207049263532267105e+02 1.752169210671257815e+01 2.474066388773100016e+02
1.369722550445451326e-01 2.384728954300187809e+02 9.143744120421833088e+01 -1.513006320794403052e+02 1.112607336446597941e+02
1.645461655569529502e-01 6.526692941491570537e+02 2.374602331418857091e+02 -4.953712536569689746e+02 2.376158933607026427e+02
1.494148650822152702e-01 5.288059502009823518e+02 2.278427925742026900e+02 -4.097704998896799680e+02 2.380470270864365148e+02
1.504885484279052943e-01 3.705068813121861240e+02 2.165492500317895974e+02 5.744404585352673394e+02 2.439040248236625530e+02
1.330637923647439713e-01 1.491503060863698011e+03 2.263000184175420770e+02 -1.521493571068745609e+02 3.570941098804457852e+02
1.582238282909073368e-01 4.693428086100440169e+02 2.258243084488381669e+02 -6.100513522182425277e+02 2.161578923450069567e+02
1.555258467529908595e-01 3.780682513939936484e+01 1.170193420793893182e+02 -3.028014263058429378e+02 1.272639880728996786e+02
1.408326338080346796e-01 1.838495880576557084e+01 1.841756915552781777e+02 -1.239029018343421171e+02 2.057387164302836595e+02
1.483184760310890249e-01 2.186782921780353490e+02 4.476399080031761173e+02 1.037085746286600852e+03 4.590791716415029100e+02
1.372400570617657578e-01 1.133935688591280268e+03 4.389646458810559579e+02 -2.468388183214233891e+02 4.129161847657739486e+02
1.490816423745487118e-01 1.605990948929650131e+03 1.459292245464308735e+03 1.124757283015302619e+03 1.347598537983710457e+03
1.429197832775767896e-01 2.961565161366505095e+02 5.598030635038952596e+02 2.061166840167644239e+02 5.558194165491299827e+02
1.365272871711654123e-01 -6.259237909095460282e+02 4.966645725978193013e+02 1.423464351370007535e+02 3.319188346298160468e+02
1.468419412975721927e-01 8.792617740946968752e+02 5.534760016923096373e+02 -1.128358779784347007e+03 5.900734116521729220e+02
1.532447926607933553e-01 7.216763632971848210e+02 2.982229968273300642e+02 -8.909459224745344272e+02 2.982229968273300642e+02
1.644642047969614163e-01 7.635123830791462751e+02 1.820449502242034043e+02 -1.834565112079811229e+02 1.826166900421139587e+02
1.661400311697256438e-01 8.578415863091694291e+02 5.078980832067129541e+02 5.318550842837621531e+02 5.104247737943537118e+02
1.530235279254525682e-01 1.914097903651053912e+03 8.274662355110989438e+02 -2.163699732216422490e+03 9.927033900364514238e+02
1.590429000964672657e-01 5.417635000275170114e+02 1.865911551462019418e+02 -1.011749980492663781e+01 1.895861547528667472e+02
1.621300628589530946e-01 1.027747320890128321e+03 4.863239155994501175e+02 -1.244798514807862603e+03 4.726771088798742539e+02
1.672871463880857557e-01 1.304230254043471632e+03 2.650871082909600318e+02 5.956765556088498670e+01 2.650871082909600318e+02
